Workbook
Name solver_adj: K1.8Q12!$B$61:$B$65
Name solver_adj: K1.8Q8!$B$61:$B$65
Name solver_adj: K1.8Q4!$B$65:$B$68
Name solver_adj: K1.8Q7!$B$61:$B$65
Name solver_adj: K1.8S3!$B$41:$B$45
Name solver_opt: K1.8S1!$F$38
Name solver_adj: K1.8Q2!$B$72:$B$76
Name solver_opt: K1.8Q13!$F$58
Name solver_adj: K1.8Q13!$B$61:$B$65
Name solver_rhs1: #REF!
Name solver_adj: K1.8S4!$B$41:$B$45
Name solver_adj: K1.8O3!$B$33:$B$35
Name solver_opt: K1.8D2!$F$68
Name solver_adj: K1.8Q6!$B$55:$B$58
Name solver_opt: K1.8Q1!$F$19
Name solver_opt: K1.8Q12!$F$58
Name solver_lhs2: #REF!
Name solver_opt: K1.8O2!$F$30
Name solver_adj: K1.8Q11!$B$61:$B$65
Name solver_adj: K1.8D2!$B$71:$B$75
Name solver_opt: K1.8D1!$F$42
Name solver_opt: K1.8Q9!$F$58
Name solver_opt: K1.8Q2!$F$69
Name solver_opt: K1.8Q6!$F$52
Name solver_opt: K1.8Q7!$F$58
Name solver_opt: K1.8Q11!$F$58
Name solver_opt: K1.8D3!$F$38
Name solver_adj: K1.8O1!$B$27:$B$28
Name solver_adj: K1.8Q10!$B$61:$B$65
Name solver_opt: K1.8S4!$F$38
Name solver_opt: K1.8O1!$F$24
Name solver_opt: K1.8Q4!$F$62
Name solver_adj: K1.8S2!$B$41:$B$44
Name solver_adj: K1.8S1!$B$41:$B$44
Name solver_opt: K1.8Q3!$F$62
Name solver_opt: K1.8Q10!$F$58
Name solver_opt: K1.8Q5!$F$42
Name solver_adj: K1.8Q1!$B$22:$B$25
Name solver_adj: K1.8Q9!$B$61:$B$65
Name solver_adj: K1.8D3!$B$41:$B$44
Name solver_opt: K1.8Q8!$F$58
Name solver_lhs1: #REF!
Name solver_adj: K1.8Q5!$B$45:$B$48
Name solver_adj: K1.8D1!$B$45:$B$48
Name solver_adj: K1.8Q3!$B$65:$B$68
Name solver_opt: K1.8S2!$F$38
Name solver_adj: K1.8O2!$B$33:$B$35
Name solver_opt: K1.8S3!$F$38
Name solver_opt: K1.8O3!$F$30
Name solver_rhs2: #REF!

Sheet Sheet1
B1: FF+600 focus | F1: FF+460 focus
B2: 1.8GeV/c | F2: 1.8GeV/c | J2: 1.5GeV/c
B3: TRANS | C3: 2012.2.19 | F3: TRANS
B4: B [kG] | C4: I[A] | D4: B [kG] | F4: B [kG] | G4: I[A] | H4: B [kG] | J4: B [kG] | K4: I[A] | L4: B [kG]
A5: D1 | B5: 11.84605 | C5: -708 | D5: 11.6426 | F5: 11.84605 | G5: -708 | H5: 11.6426 | J5: =F5*1.5/1.8 -> 9.8717083 | K5: -562 | L5: 9.8721
A6: Q1 | B6: 5.5 | C6: -648 | D6: 5.49912 | F6: 5.5 | G6: -648 | H6: 5.49912 | J6: =F6*1.5/1.8 -> 4.5833333 | K6: -534 | L6: 4.584
A7: Q2 | B7: -6.929 | C7: -1214 | D7: -6.93008 | F7: -6.929 | G7: -1214 | H7: -6.93008 | J7: =F7*1.5/1.8 -> -5.7741667 | K7: -996 | L7: -5.7764
A8: D2 | B8: 15.77386 | C8: -1309 | D8: 15.77455 | F8: 15.77386 | G8: -1309 | H8: 15.77455 | J8: =F8*1.5/1.8 -> 13.144883 | K8: -1057 | L8: 13.1502
A9: Q3 | B9: 7.4 | C9: -1221 | D9: 7.39796 | F9: 7.4 | G9: -1221 | H9: 7.39796 | J9: =F9*1.5/1.8 -> 6.1666667 | K9: -1018 | L9: 6.1651
A10: O1 | B10: 1 | C10: -52 | D10: 1.0004 | F10: 1 | G10: -52 | H10: 1.0004 | J10: =F10*1.5/1.8 -> 0.83333333 | K10: -43 | L10: 0.8276
A11: Q4 | B11: -8.2 | C11: -1354 | D11: -8.19727 | F11: -8.2 | G11: -1354 | H11: -8.19727 | J11: =F11*1.5/1.8 -> -6.8333333 | K11: -1129 | L11: -6.8334
A12: S1 | B12: 0.419 | C12: -60 | D12: 0.41915 | F12: 0.419 | G12: -60 | H12: 0.41915 | J12: =F12*1.5/1.8 -> 0.34916667 | K12: -50 | L12: 0.348
A13: CM1 | C13: 334
A14: CM2 | C14: 304
A15: S2 | B15: -1.141 | C15: -153 | D15: -1.14243 | F15: -1.141 | G15: -153 | H15: -1.14243 | J15: =F15*1.5/1.8 -> -0.95083333 | K15: -127 | L15: -0.9514
A16: Q5 | B16: -7.201 | C16: -853 | D16: -7.2005 | F16: -7.201 | G16: -853 | H16: -7.2005 | J16: =F16*1.5/1.8 -> -6.0008333 | K16: -710 | L16: -6.0049
A17: Q6 | B17: 8.1 | C17: -1011 | D17: 8.0973 | F17: 8.1 | G17: -1011 | H17: 8.0973 | J17: =F17*1.5/1.8 -> 6.75 | K17: -840 | L17: 6.7508
A18: D3 | B18: 12.696259 | C18: -378 | D18: 12.4674 | F18: 12.696259 | G18: -378 | H18: 12.4674 | J18: =F18*1.5/1.8 -> 10.580216 | K18: -316 | L18: 10.56922
A19: Q7 | B19: -4.510638 | C19: -777 | D19: -4.50815 | F19: -4.510638 | G19: -777 | H19: -4.50815 | J19: =F19*1.5/1.8 -> -3.758865 | K19: -643 | L19: -3.7604
A20: O2 | B20: 0.35 | C20: -39 | D20: 0.34754 | F20: 0.35 | G20: -39 | H20: 0.34754 | J20: =F20*1.5/1.8 -> 0.29166667 | K20: -33 | L20: 0.2944
A21: S3 | B21: -1.05 | C21: -154 | D21: -1.04936 | F21: -1.05 | G21: -154 | H21: -1.04936 | J21: =F21*1.5/1.8 -> -0.875 | K21: -129 | L21: -0.8784
A22: CM3 | C22: 306
A23: CM4 | C23: 306
A24: S4 | B24: 0.24 | C24: -35 | D24: 0.242 | F24: 0.24 | G24: -35 | H24: 0.242 | J24: =F24*1.5/1.8 -> 0.2 | K24: -29 | L24: 0.2012
A25: Q8 | B25: -7.9605 | C25: -1062 | D25: -7.95713 | F25: -7.9605 | G25: -1062 | H25: -7.95713 | J25: =F25*1.5/1.8 -> -6.63375 | K25: -882 | L25: -6.632
A26: O3 | B26: 0.85 | C26: -97 | D26: 0.86045 | F26: 0.85 | G26: -97 | H26: 0.86045 | J26: =F26*1.5/1.8 -> 0.70833333 | K26: -80 | L26: -0.71
A27: Q9 | B27: 9.8799 | C27: -1345 | D27: 9.87903 | F27: 9.8799 | G27: -1345 | H27: 9.87903 | J27: =F27*1.5/1.8 -> 8.23325 | K27: -1095 | L27: 8.23459
A29: Q10 | B29: 9.601 | C29: -1325 | D29: 9.60077 | F29: 9.6202 | G29: -1329 | H29: 9.6229 | J29: =F29*1.5/1.8 -> 8.0168333 | K29: -1075 | L29: 8.01383
A30: Q11 | B30: -7.358 | C30: -1000 | D30: -7.35774 | F30: -7.4609 | G30: -1015 | H30: -7.4613 | J30: =F30*1.5/1.8 -> -6.2174167 | K30: -846 | L30: -6.21949
A31: D4 | B31: 15.01022 | C31: -5600 | D31: 15.03837 | F31: 15.01022 | G31: -5600 | H31: 15.03837 | J31: =F31*1.5/1.8 -> 12.508517 | K31: -5234 | L31: 12.50892
A32: D4S | C32: -386 | G32: -386 | K32: 0
A33: Q12 | B33: 7.875 | C33: -1066 | D33: 7.87512 | F33: 7.8697 | G33: -1065 | H33: 7.8683 | J33: =F33*1.5/1.8 -> 6.5580833 | K33: -883 | L33: 6.55561
A34: Q13 | B34: -6.578 | C34: -888 | D34: -6.57767 | F34: -6.4937 | G34: -877 | H34: 6.4955 | J34: =F34*1.5/1.8 -> -5.4114167 | K34: -732 | L34: -5.41307

Sheet 電流表
A1: 要素名 | B1: 型式 | C1: 磁場強度 | D1: 電流 | E1: 電圧 | F1: 電力 | G1: 差圧 | H1: 流量 | I1: 温度上昇 | J1: at-poleからのファクター | K1: 参照電流[A] | M1: 参照磁場強度[G] | O1: 参照差圧[kg/cm2] | Q1: 参照流量[l/min]
C2: [kG] | D2: [A] | E2: [V] | F2: [kW] | G2: [kg/cm2] | H2: [l/min] | I2: [K] | K2: #1 | L2: #2 | M2: #1 | N2: #2 | O2: #1 | P2: #2 | Q2: #1 | R2: #2
A3: K1.8D1 | B3: 5C216SMIC | C3: 11.84605 | D3: =SIGN(C3)*((L3-K3)/(N3-M3)*(ABS(C3)*1000-M3)+K3) -> 730.00745 | E3: ='電圧データ'!$D3/'電圧データ'!$C3*$D3 -> 57.366419 | F3: =D3*E3/1000 -> 41.877913 | G3: 9 | H3: =(R3-Q3)/(P3-O3)*(G3-O3)+Q3 -> 114.63946 | I3: =F3/(H3/60)/4.1855 -> 5.2366649 | J3: 1 | K3: {=INDEX('磁場データ'!$C$2:$AB$2,MATCH(ABS($C3)*1000,'磁場データ'!$C3:$AB3,1))} -> 700 | L3: {=INDEX('磁場データ'!$C$2:$AB$2,MATCH(ABS($C3)*1000,'磁場データ'!$C3:$AB3,1)+1)} -> 800 | M3: {=INDEX('磁場データ'!$C3:$AB3,MATCH(ABS($C3)*1000,'磁場データ'!$C3:$AB3,1))} -> 11568.646 | N3: {=INDEX('磁場データ'!$C3:$AB3,MATCH(ABS($C3)*1000,'磁場データ'!$C3:$AB3,1)+1)} -> 12493.096 | O3: {=INDEX('流量データ'!$C$2:$M$2,MATCH($G3,'流量データ'!$C$2:$M$2,1))} -> 9 | P3: {=INDEX('流量データ'!$C$2:$M$2,MATCH($G3,'流量データ'!$C$2:$M$2,1)+1)} -> 10 | Q3: {=INDEX('流量データ'!$C3:$M3,MATCH($G3,'流量データ'!$C$2:$M$2,1))} -> 114.63946 | R3: {=INDEX('流量データ'!$C3:$M3,MATCH($G3,'流量データ'!$C$2:$M$2,1)+1)} -> 121.75345
A4: K1.8Q1 | B4: NQ312MIC | C4: 4.5833333 | D4: =SIGN(C4)*((L4-K4)/(N4-M4)*(ABS(C4)*1000/2-M4)+K4) -> 533.92317 | E4: ='電圧データ'!$D4/'電圧データ'!$C4*$D4 -> 31.052082 | F4: =D4*E4/1000 -> 16.579426 | G4: 9 | H4: =(R4-Q4)/(P4-O4)*(G4-O4)+Q4 -> 121 | I4: =F4/(H4/60)/4.1855 -> 1.9642104 | J4: 0.5 | K4: {=INDEX('磁場データ'!$C$2:$AB$2,MATCH(ABS($C4)*1000/2,'磁場データ'!$C4:$AB4,1))} -> 500 | L4: {=INDEX('磁場データ'!$C$2:$AB$2,MATCH(ABS($C4)*1000/2,'磁場データ'!$C4:$AB4,1)+1)} -> 600 | M4: {=INDEX('磁場データ'!$C4:$AB4,MATCH(ABS($C4)*1000/2,'磁場データ'!$C4:$AB4,1))} -> 2148.4075 | N4: {=INDEX('磁場データ'!$C4:$AB4,MATCH(ABS($C4)*1000/2,'磁場データ'!$C4:$AB4,1)+1)} -> 2570.7123 | O4: {=INDEX('流量データ'!$C$2:$M$2,MATCH($G4,'流量データ'!$C$2:$M$2,1))} -> 9 | P4: {=INDEX('流量データ'!$C$2:$M$2,MATCH($G4,'流量データ'!$C$2:$M$2,1)+1)} -> 10 | Q4: {=INDEX('流量データ'!$C4:$M4,MATCH($G4,'流量データ'!$C$2:$M$2,1))} -> 121 | R4: {=INDEX('流量データ'!$C4:$M4,MATCH($G4,'流量データ'!$C$2:$M$2,1)+1)} -> 128
A5: K1.8Q2 | B5: Q416MIC | C5: -5.7741667 | D5: =SIGN(C5)*((L5-K5)/(N5-M5)*(ABS(C5)*1000/2-M5)+K5) -> -995.6203 | E5: ='電圧データ'!$D5/'電圧データ'!$C5*$D5 -> -26.492157 | F5: =D5*E5/1000 -> 26.37613 | G5: 10 | H5: =(R5-Q5)/(P5-O5)*(G5-O5)+Q5 -> 41 | I5: =F5/(H5/60)/4.1855 -> 9.2221274 | J5: 0.5 | K5: {=INDEX('磁場データ'!$C$2:$AB$2,MATCH(ABS($C5)*1000/2,'磁場データ'!$C5:$AB5,1))} -> 900 | L5: {=INDEX('磁場データ'!$C$2:$AB$2,MATCH(ABS($C5)*1000/2,'磁場データ'!$C5:$AB5,1)+1)} -> 1000 | M5: {=INDEX('磁場データ'!$C5:$AB5,MATCH(ABS($C5)*1000/2,'磁場データ'!$C5:$AB5,1))} -> 2611.0532 | N5: {=INDEX('磁場データ'!$C5:$AB5,MATCH(ABS($C5)*1000/2,'磁場データ'!$C5:$AB5,1)+1)} -> 2899.7264 | O5: {=INDEX('流量データ'!$C$2:$M$2,MATCH($G5,'流量データ'!$C$2:$M$2,1))} -> 10 | P5: {=INDEX('流量データ'!$C$2:$M$2,MATCH($G5,'流量データ'!$C$2:$M$2,1)+1)} -> 11 | Q5: {=INDEX('流量データ'!$C5:$M5,MATCH($G5,'流量データ'!$C$2:$M$2,1))} -> 41 | R5: {=INDEX('流量データ'!$C5:$M5,MATCH($G5,'流量データ'!$C$2:$M$2,1)+1)} -> 43
A6: K1.8D2 | B6: 8D218SMIC | C6: 15.77386 | D6: =SIGN(C6)*((L6-K6)/(N6-M6)*(ABS(C6)*1000-M6)+K6) -> 1308.9248 | E6: ='電圧データ'!$D6/'電圧データ'!$C6*$D6 -> 86.218305 | F6: =D6*E6/1000 -> 112.85328 | G6: 10 | H6: =(R6-Q6)/(P6-O6)*(G6-O6)+Q6 -> 125 | I6: =F6/(H6/60)/4.1855 -> 12.942199 | J6: 1 | K6: {=INDEX('磁場データ'!$C$2:$AB$2,MATCH(ABS($C6)*1000,'磁場データ'!$C6:$AB6,1))} -> 1300 | L6: {=INDEX('磁場データ'!$C$2:$AB$2,MATCH(ABS($C6)*1000,'磁場データ'!$C6:$AB6,1)+1)} -> 1400 | M6: {=INDEX('磁場データ'!$C6:$AB6,MATCH(ABS($C6)*1000,'磁場データ'!$C6:$AB6,1))} -> 15692.49 | N6: {=INDEX('磁場データ'!$C6:$AB6,MATCH(ABS($C6)*1000,'磁場データ'!$C6:$AB6,1)+1)} -> 16604.222 | O6: {=INDEX('流量データ'!$C$2:$M$2,MATCH($G6,'流量データ'!$C$2:$M$2,1))} -> 10 | P6: {=INDEX('流量データ'!$C$2:$M$2,MATCH($G6,'流量データ'!$C$2:$M$2,1)+1)} -> 11 | Q6: {=INDEX('流量データ'!$C6:$M6,MATCH($G6,'流量データ'!$C$2:$M$2,1))} -> 125 | R6: {=INDEX('流量データ'!$C6:$M6,MATCH($G6,'流量データ'!$C$2:$M$2,1)+1)} -> 132
A7: K1.8Q3 | B7: Q410 | C7: 6.1666667 | D7: =SIGN(C7)*((L7-K7)/(N7-M7)*(ABS(C7)*1000/2-M7)+K7) -> 1018.262 | E7: ='電圧データ'!$D7/'電圧データ'!$C7*$D7 -> 48.321163 | F7: =D7*E7/1000 -> 49.203606 | G7: 5.5 | H7: =(R7-Q7)/(P7-O7)*(G7-O7)+Q7 -> 69 | I7: =F7/(H7/60)/4.1855 -> 10.222374 | J7: 0.5 | K7: {=INDEX('磁場データ'!$C$2:$AB$2,MATCH(ABS($C7)*1000/2,'磁場データ'!$C7:$AB7,1))} -> 1000 | L7: {=INDEX('磁場データ'!$C$2:$AB$2,MATCH(ABS($C7)*1000/2,'磁場データ'!$C7:$AB7,1)+1)} -> 1100 | M7: {=INDEX('磁場データ'!$C7:$AB7,MATCH(ABS($C7)*1000/2,'磁場データ'!$C7:$AB7,1))} -> 3028.0094 | N7: {=INDEX('磁場データ'!$C7:$AB7,MATCH(ABS($C7)*1000/2,'磁場データ'!$C7:$AB7,1)+1)} -> 3330.9542 | O7: {=INDEX('流量データ'!$C$2:$M$2,MATCH($G7,'流量データ'!$C$2:$M$2,1))} -> 5 | P7: {=INDEX('流量データ'!$C$2:$M$2,MATCH($G7,'流量データ'!$C$2:$M$2,1)+1)} -> 6 | Q7: {=INDEX('流量データ'!$C7:$M7,MATCH($G7,'流量データ'!$C$2:$M$2,1))} -> 65 | R7: {=INDEX('流量データ'!$C7:$M7,MATCH($G7,'流量データ'!$C$2:$M$2,1)+1)} -> 73
A8: K1.8O1 | B8: O503 | C8: 0.83333333 | D8: =SIGN(C8)*((L8-K8)/(N8-M8)*(ABS(C8)*1000/8-M8)+K8) -> 43.298611 | E8: ='電圧データ'!$D8/'電圧データ'!$C8*$D8 -> 7.8283889 | F8: =D8*E8/1000 -> 0.33895837 | G8: 5.5 | H8: =(R8-Q8)/(P8-O8)*(G8-O8)+Q8 -> 1.925 | I8: =F8/(H8/60)/4.1855 -> 2.5241754 | J8: 0.125 | K8: {=INDEX('磁場データ'!$C$2:$AB$2,MATCH(ABS($C8)*1000/8,'磁場データ'!$C8:$AB8,1))} -> 0 | L8: {=INDEX('磁場データ'!$C$2:$AB$2,MATCH(ABS($C8)*1000/8,'磁場データ'!$C8:$AB8,1)+1)} -> 100 | M8: {=INDEX('磁場データ'!$C8:$AB8,MATCH(ABS($C8)*1000/8,'磁場データ'!$C8:$AB8,1))} -> 0.25 | N8: {=INDEX('磁場データ'!$C8:$AB8,MATCH(ABS($C8)*1000/8,'磁場データ'!$C8:$AB8,1)+1)} -> 240.25 | O8: {=INDEX('流量データ'!$C$2:$M$2,MATCH($G8,'流量データ'!$C$2:$M$2,1))} -> 5 | P8: {=INDEX('流量データ'!$C$2:$M$2,MATCH($G8,'流量データ'!$C$2:$M$2,1)+1)} -> 6 | Q8: {=INDEX('流量データ'!$C8:$M8,MATCH($G8,'流量データ'!$C$2:$M$2,1))} -> 3.85 | R8: {=INDEX('流量データ'!$C8:$M8,MATCH($G8,'流量データ'!$C$2:$M$2,1)+1)}
A9: K1.8Q4 | B9: Q410 | C9: -6.8333333 | D9: =SIGN(C9)*((L9-K9)/(N9-M9)*(ABS(C9)*1000/2-M9)+K9) -> -1128.9892 | E9: ='電圧データ'!$D9/'電圧データ'!$C9*$D9 -> -53.473033 | F9: =D9*E9/1000 -> 60.370475 | G9: 5.5 | H9: =(R9-Q9)/(P9-O9)*(G9-O9)+Q9 -> 69 | I9: =F9/(H9/60)/4.1855 -> 12.542364 | J9: 0.5 | K9: {=INDEX('磁場データ'!$C$2:$AB$2,MATCH(ABS($C9)*1000/2,'磁場データ'!$C9:$AB9,1))} -> 1100 | L9: {=INDEX('磁場データ'!$C$2:$AB$2,MATCH(ABS($C9)*1000/2,'磁場データ'!$C9:$AB9,1)+1)} -> 1200 | M9: {=INDEX('磁場データ'!$C9:$AB9,MATCH(ABS($C9)*1000/2,'磁場データ'!$C9:$AB9,1))} -> 3329.0465 | N9: {=INDEX('磁場データ'!$C9:$AB9,MATCH(ABS($C9)*1000/2,'磁場データ'!$C9:$AB9,1)+1)} -> 3631.2978 | O9: {=INDEX('流量データ'!$C$2:$M$2,MATCH($G9,'流量データ'!$C$2:$M$2,1))} -> 5 | P9: {=INDEX('流量データ'!$C$2:$M$2,MATCH($G9,'流量データ'!$C$2:$M$2,1)+1)} -> 6 | Q9: {=INDEX('流量データ'!$C9:$M9,MATCH($G9,'流量データ'!$C$2:$M$2,1))} -> 65 | R9: {=INDEX('流量データ'!$C9:$M9,MATCH($G9,'流量データ'!$C$2:$M$2,1)+1)} -> 73
A10: K1.8S1 | B10: SX504 | C10: 0.34916667 | D10: =SIGN(C10)*((L10-K10)/(N10-M10)*(ABS(C10)*1000/4-M10)+K10) -> 50.164718 | E10: ='電圧データ'!$D10/'電圧データ'!$C10*$D10 -> 1.5149745 | F10: =D10*E10/1000 -> 0.075998268 | G10: 5.5 | H10: =(R10-Q10)/(P10-O10)*(G10-O10)+Q10 -> 6 | I10: =F10/(H10/60)/4.1855 -> 0.18157512 | J10: 0.25 | K10: {=INDEX('磁場データ'!$C$2:$AB$2,MATCH(ABS($C10)*1000/4,'磁場データ'!$C10:$AB10,1))} -> 0 | L10: {=INDEX('磁場データ'!$C$2:$AB$2,MATCH(ABS($C10)*1000/4,'磁場データ'!$C10:$AB10,1)+1)} -> 100 | M10: {=INDEX('磁場データ'!$C10:$AB10,MATCH(ABS($C10)*1000/4,'磁場データ'!$C10:$AB10,1))} -> -1.9435079 | N10: {=INDEX('磁場データ'!$C10:$AB10,MATCH(ABS($C10)*1000/4,'磁場データ'!$C10:$AB10,1)+1)} -> 175.94083 | O10: {=INDEX('流量データ'!$C$2:$M$2,MATCH($G10,'流量データ'!$C$2:$M$2,1))} -> 5 | P10: {=INDEX('流量データ'!$C$2:$M$2,MATCH($G10,'流量データ'!$C$2:$M$2,1)+1)} -> 6 | Q10: {=INDEX('流量データ'!$C10:$M10,MATCH($G10,'流量データ'!$C$2:$M$2,1))} -> 12 | R10: {=INDEX('流量データ'!$C10:$M10,MATCH($G10,'流量データ'!$C$2:$M$2,1)+1)}
A11: K1.8CM1 | B11: 4D604V | C11: 4.1788856 | D11: =SIGN(C11)*((L11-K11)/(N11-M11)*(ABS(C11)*1000-M11)+K11) -> 1157.9112 | E11: ='電圧データ'!$D11/'電圧データ'!$C11*$D11 -> 46.412143 | F11: =D11*E11/1000 -> 53.74114 | G11: 5.5 | H11: =(R11-Q11)/(P11-O11)*(G11-O11)+Q11 -> 20.5 | I11: =F11/(H11/60)/4.1855 -> 37.580012 | J11: 1 | K11: {=INDEX('磁場データ'!$C$2:$AB$2,MATCH(ABS($C11)*1000,'磁場データ'!$C11:$AB11,1))} -> 1100 | L11: {=INDEX('磁場データ'!$C$2:$AB$2,MATCH(ABS($C11)*1000,'磁場データ'!$C11:$AB11,1)+1)} -> 1200 | M11: {=INDEX('磁場データ'!$C11:$AB11,MATCH(ABS($C11)*1000,'磁場データ'!$C11:$AB11,1))} -> 4026 | N11: {=INDEX('磁場データ'!$C11:$AB11,MATCH(ABS($C11)*1000,'磁場データ'!$C11:$AB11,1)+1)} -> 4290 | O11: {=INDEX('流量データ'!$C$2:$M$2,MATCH($G11,'流量データ'!$C$2:$M$2,1))} -> 5 | P11: {=INDEX('流量データ'!$C$2:$M$2,MATCH($G11,'流量データ'!$C$2:$M$2,1)+1)} -> 6 | Q11: {=INDEX('流量データ'!$C11:$M11,MATCH($G11,'流量データ'!$C$2:$M$2,1))} -> 19 | R11: {=INDEX('流量データ'!$C11:$M11,MATCH($G11,'流量データ'!$C$2:$M$2,1)+1)} -> 22
A12: K1.8CM2 | B12: 4D604V | C12: 4.1788856 | D12: =SIGN(C12)*((L12-K12)/(N12-M12)*(ABS(C12)*1000-M12)+K12) -> 1163.8348 | E12: ='電圧データ'!$D12/'電圧データ'!$C12*$D12 -> 46.553392 | F12: =D12*E12/1000 -> 54.180459 | G12: 10 | H12: =(R12-Q12)/(P12-O12)*(G12-O12)+Q12 -> 30 | I12: =F12/(H12/60)/4.1855 -> 25.889599 | J12: 1 | K12: {=INDEX('磁場データ'!$C$2:$AB$2,MATCH(ABS($C12)*1000,'磁場データ'!$C12:$AB12,1))} -> 1100 | L12: {=INDEX('磁場データ'!$C$2:$AB$2,MATCH(ABS($C12)*1000,'磁場データ'!$C12:$AB12,1)+1)} -> 1200 | M12: {=INDEX('磁場データ'!$C12:$AB12,MATCH(ABS($C12)*1000,'磁場データ'!$C12:$AB12,1))} -> 4011 | N12: {=INDEX('磁場データ'!$C12:$AB12,MATCH(ABS($C12)*1000,'磁場データ'!$C12:$AB12,1)+1)} -> 4274 | O12: {=INDEX('流量データ'!$C$2:$M$2,MATCH($G12,'流量データ'!$C$2:$M$2,1))} -> 10 | P12: {=INDEX('流量データ'!$C$2:$M$2,MATCH($G12,'流量データ'!$C$2:$M$2,1)+1)} -> 11 | Q12: {=INDEX('流量データ'!$C12:$M12,MATCH($G12,'流量データ'!$C$2:$M$2,1))} -> 30 | R12: {=INDEX('流量データ'!$C12:$M12,MATCH($G12,'流量データ'!$C$2:$M$2,1)+1)} -> 32
A13: K1.8S2 | B13: SX504 | C13: -0.95083333 | D13: =SIGN(C13)*((L13-K13)/(N13-M13)*(ABS(C13)*1000/4-M13)+K13) -> -126.92308 | E13: ='電圧データ'!$D13/'電圧データ'!$C13*$D13 -> -4.0615386 | F13: =D13*E13/1000 -> 0.515503 | G13: 10 | H13: =(R13-Q13)/(P13-O13)*(G13-O13)+Q13 -> 15 | I13: =F13/(H13/60)/4.1855 -> 0.49265608 | J13: 0.25 | K13: {=INDEX('磁場データ'!$C$2:$AB$2,MATCH(ABS($C13)*1000/4,'磁場データ'!$C13:$AB13,1))} -> 100 | L13: {=INDEX('磁場データ'!$C$2:$AB$2,MATCH(ABS($C13)*1000/4,'磁場データ'!$C13:$AB13,1)+1)} -> 200 | M13: {=INDEX('磁場データ'!$C13:$AB13,MATCH(ABS($C13)*1000/4,'磁場データ'!$C13:$AB13,1))} -> 188.25488 | N13: {=INDEX('磁場データ'!$C13:$AB13,MATCH(ABS($C13)*1000/4,'磁場データ'!$C13:$AB13,1)+1)} -> 371.93911 | O13: {=INDEX('流量データ'!$C$2:$M$2,MATCH($G13,'流量データ'!$C$2:$M$2,1))} -> 10 | P13: {=INDEX('流量データ'!$C$2:$M$2,MATCH($G13,'流量データ'!$C$2:$M$2,1)+1)} -> 11 | Q13: {=INDEX('流量データ'!$C13:$M13,MATCH($G13,'流量データ'!$C$2:$M$2,1))} -> 15 | R13: {=INDEX('流量データ'!$C13:$M13,MATCH($G13,'流量データ'!$C$2:$M$2,1)+1)} -> 16
A14: K1.8Q5 | B14: NQ510 | C14: -6.0008333 | D14: =SIGN(C14)*((L14-K14)/(N14-M14)*(ABS(C14)*1000/2-M14)+K14) -> -709.51782 | E14: ='電圧データ'!$D14/'電圧データ'!$C14*$D14 -> -39.07416 | F14: =D14*E14/1000 -> 27.723813 | G14: 10 | H14: =(R14-Q14)/(P14-O14)*(G14-O14)+Q14 -> 92 | I14: =F14/(H14/60)/4.1855 -> 4.3198537 | J14: 0.5 | K14: {=INDEX('磁場データ'!$C$2:$AB$2,MATCH(ABS($C14)*1000/2,'磁場データ'!$C14:$AB14,1))} -> 700 | L14: {=INDEX('磁場データ'!$C$2:$AB$2,MATCH(ABS($C14)*1000/2,'磁場データ'!$C14:$AB14,1)+1)} -> 800 | M14: {=INDEX('磁場データ'!$C14:$AB14,MATCH(ABS($C14)*1000/2,'磁場データ'!$C14:$AB14,1))} -> 2960.5109 | N14: {=INDEX('磁場データ'!$C14:$AB14,MATCH(ABS($C14)*1000/2,'磁場データ'!$C14:$AB14,1)+1)} -> 3379.7853 | O14: {=INDEX('流量データ'!$C$2:$M$2,MATCH($G14,'流量データ'!$C$2:$M$2,1))} -> 10 | P14: {=INDEX('流量データ'!$C$2:$M$2,MATCH($G14,'流量データ'!$C$2:$M$2,1)+1)} -> 11 | Q14: {=INDEX('流量データ'!$C14:$M14,MATCH($G14,'流量データ'!$C$2:$M$2,1))} -> 92 | R14: {=INDEX('流量データ'!$C14:$M14,MATCH($G14,'流量データ'!$C$2:$M$2,1)+1)}
A15: K1.8Q6 | B15: NQ610 | C15: 6.75 | D15: =SIGN(C15)*((L15-K15)/(N15-M15)*(ABS(C15)*1000*$J15-M15)+K15) -> 839.89739 | E15: ='電圧データ'!$D15/'電圧データ'!$C15*$D15 -> 50.146815 | F15: =D15*E15/1000 -> 42.118179 | G15: 10 | H15: =(R15-Q15)/(P15-O15)*(G15-O15)+Q15 -> 103 | I15: =F15/(H15/60)/4.1855 -> 5.8618711 | J15: =80/150 -> 0.53333333 | K15: {=INDEX('磁場データ'!$C$2:$AB$2,MATCH(ABS($C15)*1000*$J15,'磁場データ'!$C15:$AB15,1))} -> 800 | L15: {=INDEX('磁場データ'!$C$2:$AB$2,MATCH(ABS($C15)*1000*$J15,'磁場データ'!$C15:$AB15,1)+1)} -> 900 | M15: {=INDEX('磁場データ'!$C15:$AB15,MATCH(ABS($C15)*1000*$J15,'磁場データ'!$C15:$AB15,1))} -> 3431.05 | N15: {=INDEX('磁場データ'!$C15:$AB15,MATCH(ABS($C15)*1000*$J15,'磁場データ'!$C15:$AB15,1)+1)} -> 3854.5113 | O15: {=INDEX('流量データ'!$C$2:$M$2,MATCH($G15,'流量データ'!$C$2:$M$2,1))} -> 10 | P15: {=INDEX('流量データ'!$C$2:$M$2,MATCH($G15,'流量データ'!$C$2:$M$2,1)+1)} -> 11 | Q15: {=INDEX('流量データ'!$C15:$M15,MATCH($G15,'流量データ'!$C$2:$M$2,1))} -> 103 | R15: {=INDEX('流量データ'!$C15:$M15,MATCH($G15,'流量データ'!$C$2:$M$2,1)+1)} -> 108
A16: K1.8D3 | B16: 6D330S | C16: 12.696259 | D16: =SIGN(C16)*((L16-K16)/(N16-M16)*(ABS(C16)*1000-M16)+K16) -> 383.2351 | E16: ='電圧データ'!$D16/'電圧データ'!$C16*$D16 -> 100.94412 | F16: =D16*E16/1000 -> 38.685331 | G16: 10 | H16: =(R16-Q16)/(P16-O16)*(G16-O16)+Q16 -> 103 | I16: =F16/(H16/60)/4.1855 -> 5.3840986 | J16: 1 | K16: {=INDEX('磁場データ'!$C$2:$AB$2,MATCH(ABS($C16)*1000,'磁場データ'!$C16:$AB16,1))} -> 300 | L16: {=INDEX('磁場データ'!$C$2:$AB$2,MATCH(ABS($C16)*1000,'磁場データ'!$C16:$AB16,1)+1)} -> 400 | M16: {=INDEX('磁場データ'!$C16:$AB16,MATCH(ABS($C16)*1000,'磁場データ'!$C16:$AB16,1))} -> 10063.051 | N16: {=INDEX('磁場データ'!$C16:$AB16,MATCH(ABS($C16)*1000,'磁場データ'!$C16:$AB16,1)+1)} -> 13226.63 | O16: {=INDEX('流量データ'!$C$2:$M$2,MATCH($G16,'流量データ'!$C$2:$M$2,1))} -> 10 | P16: {=INDEX('流量データ'!$C$2:$M$2,MATCH($G16,'流量データ'!$C$2:$M$2,1)+1)} -> 11 | Q16: {=INDEX('流量データ'!$C16:$M16,MATCH($G16,'流量データ'!$C$2:$M$2,1))} -> 103 | R16: {=INDEX('流量データ'!$C16:$M16,MATCH($G16,'流量データ'!$C$2:$M$2,1)+1)} -> 108
A17: K1.8Q7 | B17: NQ408 | C17: -3.758865 | D17: =SIGN(C17)*((L17-K17)/(N17-M17)*(ABS(C17)*1000/2-M17)+K17) -> -642.73037 | E17: ='電圧データ'!$D17/'電圧データ'!$C17*$D17 -> -9.1589078 | F17: =D17*E17/1000 -> 5.8867082 | G17: 10 | H17: =(R17-Q17)/(P17-O17)*(G17-O17)+Q17 -> 75 | I17: =F17/(H17/60)/4.1855 -> 1.1251622 | J17: 0.5 | K17: {=INDEX('磁場データ'!$C$2:$AB$2,MATCH(ABS($C17)*1000/2,'磁場データ'!$C17:$AB17,1))} -> 600 | L17: {=INDEX('磁場データ'!$C$2:$AB$2,MATCH(ABS($C17)*1000/2,'磁場データ'!$C17:$AB17,1)+1)} -> 700 | M17: {=INDEX('磁場データ'!$C17:$AB17,MATCH(ABS($C17)*1000/2,'磁場データ'!$C17:$AB17,1))} -> 1758.45 | N17: {=INDEX('磁場データ'!$C17:$AB17,MATCH(ABS($C17)*1000/2,'磁場データ'!$C17:$AB17,1)+1)} -> 2041.58 | O17: {=INDEX('流量データ'!$C$2:$M$2,MATCH($G17,'流量データ'!$C$2:$M$2,1))} -> 10 | P17: {=INDEX('流量データ'!$C$2:$M$2,MATCH($G17,'流量データ'!$C$2:$M$2,1)+1)} -> 11 | Q17: {=INDEX('流量データ'!$C17:$M17,MATCH($G17,'流量データ'!$C$2:$M$2,1))} -> 75 | R17: {=INDEX('流量データ'!$C17:$M17,MATCH($G17,'流量データ'!$C$2:$M$2,1)+1)} -> 83
A18: K1.8O2 | B18: O603 | C18: 0.29166667 | D18: =SIGN(C18)*((L18-K18)/(N18-M18)*(ABS(C18)*1000/8-M18)+K18) -> 32.693755 | E18: ='電圧データ'!$D18/'電圧データ'!$C18*$D18 -> 1.706614 | F18: =D18*E18/1000 -> 0.055795619 | G18: 10 | H18: =(R18-Q18)/(P18-O18)*(G18-O18)+Q18 -> 10.5 | I18: =F18/(H18/60)/4.1855 -> 0.076175394 | J18: 0.125 | K18: {=INDEX('磁場データ'!$C$2:$AB$2,MATCH(ABS($C18)*1000/8,'磁場データ'!$C18:$AB18,1))} -> 0 | L18: {=INDEX('磁場データ'!$C$2:$AB$2,MATCH(ABS($C18)*1000/8,'磁場データ'!$C18:$AB18,1)+1)} -> 100 | M18: {=INDEX('磁場データ'!$C18:$AB18,MATCH(ABS($C18)*1000/8,'磁場データ'!$C18:$AB18,1))} -> 0.25 | N18: {=INDEX('磁場データ'!$C18:$AB18,MATCH(ABS($C18)*1000/8,'磁場データ'!$C18:$AB18,1)+1)} -> 111 | O18: {=INDEX('流量データ'!$C$2:$M$2,MATCH($G18,'流量データ'!$C$2:$M$2,1))} -> 10 | P18: {=INDEX('流量データ'!$C$2:$M$2,MATCH($G18,'流量データ'!$C$2:$M$2,1)+1)} -> 11 | Q18: {=INDEX('流量データ'!$C18:$M18,MATCH($G18,'流量データ'!$C$2:$M$2,1))} -> 10.5 | R18: {=INDEX('流量データ'!$C18:$M18,MATCH($G18,'流量データ'!$C$2:$M$2,1)+1)}
A19: K1.8S3 | B19: SX604 | C19: -0.875 | D19: =SIGN(C19)*((L19-K19)/(N19-M19)*(ABS(C19)*1000/4-M19)+K19) -> -128.50877 | E19: ='電圧データ'!$D19/'電圧データ'!$C19*$D19 -> -4.4264133 | F19: =D19*E19/1000 -> 0.56883293 | G19: 10 | H19: =(R19-Q19)/(P19-O19)*(G19-O19)+Q19 -> 19.6 | I19: =F19/(H19/60)/4.1855 -> 0.41603758 | J19: 0.25 | K19: {=INDEX('磁場データ'!$C$2:$AB$2,MATCH(ABS($C19)*1000/4,'磁場データ'!$C19:$AB19,1))} -> 100 | L19: {=INDEX('磁場データ'!$C$2:$AB$2,MATCH(ABS($C19)*1000/4,'磁場データ'!$C19:$AB19,1)+1)} -> 200 | M19: {=INDEX('磁場データ'!$C19:$AB19,MATCH(ABS($C19)*1000/4,'磁場データ'!$C19:$AB19,1))} -> 170 | N19: {=INDEX('磁場データ'!$C19:$AB19,MATCH(ABS($C19)*1000/4,'磁場データ'!$C19:$AB19,1)+1)} -> 341 | O19: {=INDEX('流量データ'!$C$2:$M$2,MATCH($G19,'流量データ'!$C$2:$M$2,1))} -> 10 | P19: {=INDEX('流量データ'!$C$2:$M$2,MATCH($G19,'流量データ'!$C$2:$M$2,1)+1)} -> 11 | Q19: {=INDEX('流量データ'!$C19:$M19,MATCH($G19,'流量データ'!$C$2:$M$2,1))} -> 19.6 | R19: {=INDEX('流量データ'!$C19:$M19,MATCH($G19,'流量データ'!$C$2:$M$2,1)+1)}
A20: K1.8CM3 | B20: 4D604V | C20: 4.1788856 | D20: =SIGN(C20)*((L20-K20)/(N20-M20)*(ABS(C20)*1000-M20)+K20) -> 1157.9112 | E20: ='電圧データ'!$D20/'電圧データ'!$C20*$D20 -> 44.785326 | F20: =D20*E20/1000 -> 51.85743 | G20: 10 | H20: =(R20-Q20)/(P20-O20)*(G20-O20)+Q20 -> 32.8 | I20: =F20/(H20/60)/4.1855 -> 22.664234 | J20: 1 | K20: {=INDEX('磁場データ'!$C$2:$AB$2,MATCH(ABS($C20)*1000,'磁場データ'!$C20:$AB20,1))} -> 1100 | L20: {=INDEX('磁場データ'!$C$2:$AB$2,MATCH(ABS($C20)*1000,'磁場データ'!$C20:$AB20,1)+1)} -> 1200 | M20: {=INDEX('磁場データ'!$C20:$AB20,MATCH(ABS($C20)*1000,'磁場データ'!$C20:$AB20,1))} -> 4026 | N20: {=INDEX('磁場データ'!$C20:$AB20,MATCH(ABS($C20)*1000,'磁場データ'!$C20:$AB20,1)+1)} -> 4290 | O20: {=INDEX('流量データ'!$C$2:$M$2,MATCH($G20,'流量データ'!$C$2:$M$2,1))} -> 10 | P20: {=INDEX('流量データ'!$C$2:$M$2,MATCH($G20,'流量データ'!$C$2:$M$2,1)+1)} -> 11 | Q20: {=INDEX('流量データ'!$C20:$M20,MATCH($G20,'流量データ'!$C$2:$M$2,1))} -> 32.8 | R20: {=INDEX('流量データ'!$C20:$M20,MATCH($G20,'流量データ'!$C$2:$M$2,1)+1)}
A21: K1.8CM4 | B21: 4D604V | C21: 4.1788856 | D21: =SIGN(C21)*((L21-K21)/(N21-M21)*(ABS(C21)*1000-M21)+K21) -> 1157.9112 | E21: ='電圧データ'!$D21/'電圧データ'!$C21*$D21 -> 45.072411 | F21: =D21*E21/1000 -> 52.189849 | G21: 10 | H21: =(R21-Q21)/(P21-O21)*(G21-O21)+Q21 -> 33.6 | I21: =F21/(H21/60)/4.1855 -> 22.266434 | J21: 1 | K21: {=INDEX('磁場データ'!$C$2:$AB$2,MATCH(ABS($C21)*1000,'磁場データ'!$C21:$AB21,1))} -> 1100 | L21: {=INDEX('磁場データ'!$C$2:$AB$2,MATCH(ABS($C21)*1000,'磁場データ'!$C21:$AB21,1)+1)} -> 1200 | M21: {=INDEX('磁場データ'!$C21:$AB21,MATCH(ABS($C21)*1000,'磁場データ'!$C21:$AB21,1))} -> 4026 | N21: {=INDEX('磁場データ'!$C21:$AB21,MATCH(ABS($C21)*1000,'磁場データ'!$C21:$AB21,1)+1)} -> 4290 | O21: {=INDEX('流量データ'!$C$2:$M$2,MATCH($G21,'流量データ'!$C$2:$M$2,1))} -> 10 | P21: {=INDEX('流量データ'!$C$2:$M$2,MATCH($G21,'流量データ'!$C$2:$M$2,1)+1)} -> 11 | Q21: {=INDEX('流量データ'!$C21:$M21,MATCH($G21,'流量データ'!$C$2:$M$2,1))} -> 33.6 | R21: {=INDEX('流量データ'!$C21:$M21,MATCH($G21,'流量データ'!$C$2:$M$2,1)+1)}
A22: K1.8S4 | B22: SX604 | C22: 0.2 | D22: =SIGN(C22)*((L22-K22)/(N22-M22)*(ABS(C22)*1000/4-M22)+K22) -> 28.823529 | E22: ='電圧データ'!$D22/'電圧データ'!$C22*$D22 -> 0.99281046 | F22: =D22*E22/1000 -> 0.028616301 | G22: 10 | H22: =(R22-Q22)/(P22-O22)*(G22-O22)+Q22 -> 19.6 | I22: =F22/(H22/60)/4.1855 -> 0.02092962 | J22: 0.25 | K22: {=INDEX('磁場データ'!$C$2:$AB$2,MATCH(ABS($C22)*1000/4,'磁場データ'!$C22:$AB22,1))} -> 0 | L22: {=INDEX('磁場データ'!$C$2:$AB$2,MATCH(ABS($C22)*1000/4,'磁場データ'!$C22:$AB22,1)+1)} -> 100 | M22: {=INDEX('磁場データ'!$C22:$AB22,MATCH(ABS($C22)*1000/4,'磁場データ'!$C22:$AB22,1))} -> 1 | N22: {=INDEX('磁場データ'!$C22:$AB22,MATCH(ABS($C22)*1000/4,'磁場データ'!$C22:$AB22,1)+1)} -> 171 | O22: {=INDEX('流量データ'!$C$2:$M$2,MATCH($G22,'流量データ'!$C$2:$M$2,1))} -> 10 | P22: {=INDEX('流量データ'!$C$2:$M$2,MATCH($G22,'流量データ'!$C$2:$M$2,1)+1)} -> 11 | Q22: {=INDEX('流量データ'!$C22:$M22,MATCH($G22,'流量データ'!$C$2:$M$2,1))} -> 19.6 | R22: {=INDEX('流量データ'!$C22:$M22,MATCH($G22,'流量データ'!$C$2:$M$2,1)+1)}
A23: K1.8Q8 | B23: NQ512 | C23: -6.63375 | D23: =SIGN(C23)*((L23-K23)/(N23-M23)*(ABS(C23)*1000/2-M23)+K23) -> -882.23023 | E23: ='電圧データ'!$D23/'電圧データ'!$C23*$D23 -> -30.701612 | F23: =D23*E23/1000 -> 27.08589 | G23: 10 | H23: =(R23-Q23)/(P23-O23)*(G23-O23)+Q23 -> 158 | I23: =F23/(H23/60)/4.1855 -> 2.4574796 | J23: 0.5 | K23: {=INDEX('磁場データ'!$C$2:$AB$2,MATCH(ABS($C23)*1000/2,'磁場データ'!$C23:$AB23,1))} -> 800 | L23: {=INDEX('磁場データ'!$C$2:$AB$2,MATCH(ABS($C23)*1000/2,'磁場データ'!$C23:$AB23,1)+1)} -> 900 | M23: {=INDEX('磁場データ'!$C23:$AB23,MATCH(ABS($C23)*1000/2,'磁場データ'!$C23:$AB23,1))} -> 3005.28 | N23: {=INDEX('磁場データ'!$C23:$AB23,MATCH(ABS($C23)*1000/2,'磁場データ'!$C23:$AB23,1)+1)} -> 3384.21 | O23: {=INDEX('流量データ'!$C$2:$M$2,MATCH($G23,'流量データ'!$C$2:$M$2,1))} -> 10 | P23: {=INDEX('流量データ'!$C$2:$M$2,MATCH($G23,'流量データ'!$C$2:$M$2,1)+1)} -> 11 | Q23: {=INDEX('流量データ'!$C23:$M23,MATCH($G23,'流量データ'!$C$2:$M$2,1))} -> 158 | R23: {=INDEX('流量データ'!$C23:$M23,MATCH($G23,'流量データ'!$C$2:$M$2,1)+1)}
A24: K1.8O3 | B24: O603 | C24: 0.70833333 | D24: =SIGN(C24)*((L24-K24)/(N24-M24)*(ABS(C24)*1000/8-M24)+K24) -> 79.811676 | E24: ='電圧データ'!$D24/'電圧データ'!$C24*$D24 -> 4.1502072 | F24: =D24*E24/1000 -> 0.33123499 | G24: 10 | H24: =(R24-Q24)/(P24-O24)*(G24-O24)+Q24 -> 10.5 | I24: =F24/(H24/60)/4.1855 -> 0.45222109 | J24: 0.125 | K24: {=INDEX('磁場データ'!$C$2:$AB$2,MATCH(ABS($C24)*1000/8,'磁場データ'!$C24:$AB24,1))} -> 0 | L24: {=INDEX('磁場データ'!$C$2:$AB$2,MATCH(ABS($C24)*1000/8,'磁場データ'!$C24:$AB24,1)+1)} -> 100 | M24: {=INDEX('磁場データ'!$C24:$AB24,MATCH(ABS($C24)*1000/8,'磁場データ'!$C24:$AB24,1))} -> 0.25 | N24: {=INDEX('磁場データ'!$C24:$AB24,MATCH(ABS($C24)*1000/8,'磁場データ'!$C24:$AB24,1)+1)} -> 110.875 | O24: {=INDEX('流量データ'!$C$2:$M$2,MATCH($G24,'流量データ'!$C$2:$M$2,1))} -> 10 | P24: {=INDEX('流量データ'!$C$2:$M$2,MATCH($G24,'流量データ'!$C$2:$M$2,1)+1)} -> 11 | Q24: {=INDEX('流量データ'!$C24:$M24,MATCH($G24,'流量データ'!$C$2:$M$2,1))} -> 10.5 | R24: {=INDEX('流量データ'!$C24:$M24,MATCH($G24,'流量データ'!$C$2:$M$2,1)+1)}
A25: K1.8Q9 | B25: NQ518 | C25: 8.23325 | D25: =SIGN(C25)*((L25-K25)/(N25-M25)*(ABS(C25)*1000/2-M25)+K25) -> 1094.8234 | E25: ='電圧データ'!$D25/'電圧データ'!$C25*$D25 -> 56.930819 | F25: =D25*E25/1000 -> 62.329196 | G25: 10 | H25: =(R25-Q25)/(P25-O25)*(G25-O25)+Q25 -> 128 | I25: =F25/(H25/60)/4.1855 -> 6.9804827 | J25: 0.5 | K25: {=INDEX('磁場データ'!$C$2:$AB$2,MATCH(ABS($C25)*1000/2,'磁場データ'!$C25:$AB25,1))} -> 1000 | L25: {=INDEX('磁場データ'!$C$2:$AB$2,MATCH(ABS($C25)*1000/2,'磁場データ'!$C25:$AB25,1)+1)} -> 1100 | M25: {=INDEX('磁場データ'!$C25:$AB25,MATCH(ABS($C25)*1000/2,'磁場データ'!$C25:$AB25,1))} -> 3757.32 | N25: {=INDEX('磁場データ'!$C25:$AB25,MATCH(ABS($C25)*1000/2,'磁場データ'!$C25:$AB25,1)+1)} -> 4136.24 | O25: {=INDEX('流量データ'!$C$2:$M$2,MATCH($G25,'流量データ'!$C$2:$M$2,1))} -> 10 | P25: {=INDEX('流量データ'!$C$2:$M$2,MATCH($G25,'流量データ'!$C$2:$M$2,1)+1)} -> 11 | Q25: {=INDEX('流量データ'!$C25:$M25,MATCH($G25,'流量データ'!$C$2:$M$2,1))} -> 128 | R25: {=INDEX('流量データ'!$C25:$M25,MATCH($G25,'流量データ'!$C$2:$M$2,1)+1)} -> 136
A26: K1.8Q10 | B26: NQ418 | C26: 8.0168333 | D26: =SIGN(C26)*((L26-K26)/(N26-M26)*(ABS(C26)*1000/2-M26)+K26) -> 1075.4113 | E26: ='電圧データ'!$D26/'電圧データ'!$C26*$D26 -> 36.456442 | F26: =D26*E26/1000 -> 39.205668 | G26: 10 | H26: =(R26-Q26)/(P26-O26)*(G26-O26)+Q26 -> 162 | I26: =F26/(H26/60)/4.1855 -> 3.4692672 | J26: 0.5 | K26: {=INDEX('磁場データ'!$C$2:$AB$2,MATCH(ABS($C26)*1000/2,'磁場データ'!$C26:$AB26,1))} -> 1000 | L26: {=INDEX('磁場データ'!$C$2:$AB$2,MATCH(ABS($C26)*1000/2,'磁場データ'!$C26:$AB26,1)+1)} -> 1100 | M26: {=INDEX('磁場データ'!$C26:$AB26,MATCH(ABS($C26)*1000/2,'磁場データ'!$C26:$AB26,1))} -> 3733.06 | N26: {=INDEX('磁場データ'!$C26:$AB26,MATCH(ABS($C26)*1000/2,'磁場データ'!$C26:$AB26,1)+1)} -> 4098.2 | O26: {=INDEX('流量データ'!$C$2:$M$2,MATCH($G26,'流量データ'!$C$2:$M$2,1))} -> 10 | P26: {=INDEX('流量データ'!$C$2:$M$2,MATCH($G26,'流量データ'!$C$2:$M$2,1)+1)} -> 11 | Q26: {=INDEX('流量データ'!$C26:$M26,MATCH($G26,'流量データ'!$C$2:$M$2,1))} -> 162 | R26: {=INDEX('流量データ'!$C26:$M26,MATCH($G26,'流量データ'!$C$2:$M$2,1)+1)} -> 170
A27: K1.8Q11 | B27: NQ412 | C27: -6.2174167 | D27: =SIGN(C27)*((L27-K27)/(N27-M27)*(ABS(C27)*1000/2-M27)+K27) -> -845.721 | E27: ='電圧データ'!$D27/'電圧データ'!$C27*$D27 -> -22.919039 | F27: =D27*E27/1000 -> 19.383113 | G27: 10 | H27: =(R27-Q27)/(P27-O27)*(G27-O27)+Q27 -> 63 | I27: =F27/(H27/60)/4.1855 -> 4.4104903 | J27: 0.5 | K27: {=INDEX('磁場データ'!$C$2:$AB$2,MATCH(ABS($C27)*1000/2,'磁場データ'!$C27:$AB27,1))} -> 800 | L27: {=INDEX('磁場データ'!$C$2:$AB$2,MATCH(ABS($C27)*1000/2,'磁場データ'!$C27:$AB27,1)+1)} -> 900 | M27: {=INDEX('磁場データ'!$C27:$AB27,MATCH(ABS($C27)*1000/2,'磁場データ'!$C27:$AB27,1))} -> 2939.12 | N27: {=INDEX('磁場データ'!$C27:$AB27,MATCH(ABS($C27)*1000/2,'磁場データ'!$C27:$AB27,1)+1)} -> 3310.04 | O27: {=INDEX('流量データ'!$C$2:$M$2,MATCH($G27,'流量データ'!$C$2:$M$2,1))} -> 10 | P27: {=INDEX('流量データ'!$C$2:$M$2,MATCH($G27,'流量データ'!$C$2:$M$2,1)+1)} -> 11 | Q27: {=INDEX('流量データ'!$C27:$M27,MATCH($G27,'流量データ'!$C$2:$M$2,1))} -> 63 | R27: {=INDEX('流量データ'!$C27:$M27,MATCH($G27,'流量データ'!$C$2:$M$2,1)+1)} -> 66
A28: K1.8D4 | B28: 13D389S | C28: 13 | D28: =SIGN(C28)*((L28-K28)/(N28-M28)*(ABS(C28)*1000-M28)+K28) -> 5440.3361 | E28: ='電圧データ'!$D28/'電圧データ'!$C28*$D28 -> 152.32941 | F28: =D28*E28/1000 -> 828.7232 | G28: 10 | H28: =(R28-Q28)/(P28-O28)*(G28-O28)+Q28 -> 557 | I28: =F28/(H28/60)/4.1855 -> 21.328397 | J28: 1 | K28: {=INDEX('磁場データ'!$C$2:$AB$2,MATCH(ABS($C28)*1000,'磁場データ'!$C28:$AB28,1))*5} -> 5000 | L28: {=INDEX('磁場データ'!$C$2:$AB$2,MATCH(ABS($C28)*1000,'磁場データ'!$C28:$AB28,1)+1)*5} -> 5500 | M28: {=INDEX('磁場データ'!$C28:$AB28,MATCH(ABS($C28)*1000,'磁場データ'!$C28:$AB28,1))} -> 11952 | N28: {=INDEX('磁場データ'!$C28:$AB28,MATCH(ABS($C28)*1000,'磁場データ'!$C28:$AB28,1)+1)} -> 13142 | O28: {=INDEX('流量データ'!$C$2:$M$2,MATCH($G28,'流量データ'!$C$2:$M$2,1))} -> 10 | P28: {=INDEX('流量データ'!$C$2:$M$2,MATCH($G28,'流量データ'!$C$2:$M$2,1)+1)} -> 11 | Q28: {=INDEX('流量データ'!$C28:$M28,MATCH($G28,'流量データ'!$C$2:$M$2,1))} -> 557 | R28: {=INDEX('流量データ'!$C28:$M28,MATCH($G28,'流量データ'!$C$2:$M$2,1)+1)}
A29: K1.8D4副 | B29: 13D389S副 | C29: 3.678 | D29: =SIGN(C29)*((L29-K29)/(N29-M29)*(ABS(C29)*1000-M29)+K29) -> 877.42449 | E29: ='電圧データ'!$D29/'電圧データ'!$C29*$D29 -> 179.52105 | F29: =D29*E29/1000 -> 157.51616 | G29: 10 | H29: =(R29-Q29)/(P29-O29)*(G29-O29)+Q29 -> 117 | I29: =F29/(H29/60)/4.1855 -> 19.299372 | J29: 1 | K29: {=INDEX('磁場データ'!$C$2:$AB$2,MATCH(ABS($C29)*1000,'磁場データ'!$C29:$AB29,1))} -> 800 | L29: {=INDEX('磁場データ'!$C$2:$AB$2,MATCH(ABS($C29)*1000,'磁場データ'!$C29:$AB29,1)+1)} -> 900 | M29: {=INDEX('磁場データ'!$C29:$AB29,MATCH(ABS($C29)*1000,'磁場データ'!$C29:$AB29,1))} -> 3352.9667 | N29: {=INDEX('磁場データ'!$C29:$AB29,MATCH(ABS($C29)*1000,'磁場データ'!$C29:$AB29,1)+1)} -> 3772.7736 | O29: {=INDEX('流量データ'!$C$2:$M$2,MATCH($G29,'流量データ'!$C$2:$M$2,1))} -> 10 | P29: {=INDEX('流量データ'!$C$2:$M$2,MATCH($G29,'流量データ'!$C$2:$M$2,1)+1)} -> 11 | Q29: {=INDEX('流量データ'!$C29:$M29,MATCH($G29,'流量データ'!$C$2:$M$2,1))} -> 117 | R29: {=INDEX('流量データ'!$C29:$M29,MATCH($G29,'流量データ'!$C$2:$M$2,1)+1)}
A30: K1.8Q12 | B30: NQ412 | C30: 6.5580833 | D30: =SIGN(C30)*((L30-K30)/(N30-M30)*(ABS(C30)*1000/2-M30)+K30) -> 883.33333 | E30: ='電圧データ'!$D30/'電圧データ'!$C30*$D30 -> 23.938333 | F30: =D30*E30/1000 -> 21.145528 | G30: 10 | H30: =(R30-Q30)/(P30-O30)*(G30-O30)+Q30 -> 63 | I30: =F30/(H30/60)/4.1855 -> 4.8115154 | J30: 0.5 | K30: {=INDEX('磁場データ'!$C$2:$AB$2,MATCH(ABS($C30)*1000/2,'磁場データ'!$C30:$AB30,1))} -> 800 | L30: {=INDEX('磁場データ'!$C$2:$AB$2,MATCH(ABS($C30)*1000/2,'磁場データ'!$C30:$AB30,1)+1)} -> 900 | M30: {=INDEX('磁場データ'!$C30:$AB30,MATCH(ABS($C30)*1000/2,'磁場データ'!$C30:$AB30,1))} -> 2970 | N30: {=INDEX('磁場データ'!$C30:$AB30,MATCH(ABS($C30)*1000/2,'磁場データ'!$C30:$AB30,1)+1)} -> 3340.85 | O30: {=INDEX('流量データ'!$C$2:$M$2,MATCH($G30,'流量データ'!$C$2:$M$2,1))} -> 10 | P30: {=INDEX('流量データ'!$C$2:$M$2,MATCH($G30,'流量データ'!$C$2:$M$2,1)+1)} -> 11 | Q30: {=INDEX('流量データ'!$C30:$M30,MATCH($G30,'流量データ'!$C$2:$M$2,1))} -> 63 | R30: {=INDEX('流量データ'!$C30:$M30,MATCH($G30,'流量データ'!$C$2:$M$2,1)+1)} -> 66
A31: K1.8Q13 | B31: NQ412 | C31: -5.4114167 | D31: =SIGN(C31)*((L31-K31)/(N31-M31)*(ABS(C31)*1000/2-M31)+K31) -> -731.77851 | E31: ='電圧データ'!$D31/'電圧データ'!$C31*$D31 -> -19.831198 | F31: =D31*E31/1000 -> 14.512044 | G31: 10 | H31: =(R31-Q31)/(P31-O31)*(G31-O31)+Q31 -> 64 | I31: =F31/(H31/60)/4.1855 -> 3.2505176 | J31: 0.5 | K31: {=INDEX('磁場データ'!$C$2:$AB$2,MATCH(ABS($C31)*1000/2,'磁場データ'!$C31:$AB31,1))} -> 700 | L31: {=INDEX('磁場データ'!$C$2:$AB$2,MATCH(ABS($C31)*1000/2,'磁場データ'!$C31:$AB31,1)+1)} -> 800 | M31: {=INDEX('磁場データ'!$C31:$AB31,MATCH(ABS($C31)*1000/2,'磁場データ'!$C31:$AB31,1))} -> 2587.13 | N31: {=INDEX('磁場データ'!$C31:$AB31,MATCH(ABS($C31)*1000/2,'磁場データ'!$C31:$AB31,1)+1)} -> 2960.27 | O31: {=INDEX('流量データ'!$C$2:$M$2,MATCH($G31,'流量データ'!$C$2:$M$2,1))} -> 10 | P31: {=INDEX('流量データ'!$C$2:$M$2,MATCH($G31,'流量データ'!$C$2:$M$2,1)+1)} -> 11 | Q31: {=INDEX('流量データ'!$C31:$M31,MATCH($G31,'流量データ'!$C$2:$M$2,1))} -> 64 | R31: {=INDEX('流量データ'!$C31:$M31,MATCH($G31,'流量データ'!$C$2:$M$2,1)+1)} -> 67
A32: K1.8BRS3 | B32: SX404 | C32: 1.171 | D32: =SIGN(C32)*((L32-K32)/(N32-M32)*(ABS(C32)*1000/4-M32)+K32) -> 39.0625 | E32: ='電圧データ'!$D32/'電圧データ'!$C32*$D32 -> 16.205659 | F32: =D32*E32/1000 -> 0.63303355 | G32: 10 | H32: =(R32-Q32)/(P32-O32)*(G32-O32)+Q32 -> 0 | I32: =F32/(H32/60)/4.1855 -> #DIV/0! | J32: 0.25 | K32: {=INDEX('磁場データ'!$C$2:$AB$2,MATCH(ABS($C32)*1000/4,'磁場データ'!$C32:$AB32,1))/50} -> 38 | L32: {=INDEX('磁場データ'!$C$2:$AB$2,MATCH(ABS($C32)*1000/4,'磁場データ'!$C32:$AB32,1)+1)/50} -> 40 | M32: {=INDEX('磁場データ'!$C32:$AB32,MATCH(ABS($C32)*1000/4,'磁場データ'!$C32:$AB32,1))} -> 288.5 | N32: {=INDEX('磁場データ'!$C32:$AB32,MATCH(ABS($C32)*1000/4,'磁場データ'!$C32:$AB32,1)+1)} -> 296.5 | O32: {=INDEX('流量データ'!$C$2:$M$2,MATCH($G32,'流量データ'!$C$2:$M$2,1))} -> 10 | P32: {=INDEX('流量データ'!$C$2:$M$2,MATCH($G32,'流量データ'!$C$2:$M$2,1)+1)} -> 11 | Q32: {=INDEX('流量データ'!$C32:$M32,MATCH($G32,'流量データ'!$C$2:$M$2,1))} -> 0 | R32: {=INDEX('流量データ'!$C32:$M32,MATCH($G32,'流量データ'!$C$2:$M$2,1)+1)} -> 0
A33: K1.8BRQ7 | B33: Q306 | C33: -4.435 | D33: =SIGN(C33)*((L33-K33)/(N33-M33)*(ABS(C33)*1000/2-M33)+K33) -> -511.11111 | E33: ='電圧データ'!$D33/'電圧データ'!$C33*$D33 -> -21.559596 | F33: =D33*E33/1000 -> 11.019349 | G33: 10 | H33: =(R33-Q33)/(P33-O33)*(G33-O33)+Q33 -> 42.1 | I33: =F33/(H33/60)/4.1855 -> 3.7521289 | J33: 0.5 | K33: {=INDEX('磁場データ'!$C$2:$AB$2,MATCH(ABS($C33)*1000/2,'磁場データ'!$C33:$AB33,1))} -> 500 | L33: {=INDEX('磁場データ'!$C$2:$AB$2,MATCH(ABS($C33)*1000/2,'磁場データ'!$C33:$AB33,1)+1)} -> 600 | M33: {=INDEX('磁場データ'!$C33:$AB33,MATCH(ABS($C33)*1000/2,'磁場データ'!$C33:$AB33,1))} -> 2169.375 | N33: {=INDEX('磁場データ'!$C33:$AB33,MATCH(ABS($C33)*1000/2,'磁場データ'!$C33:$AB33,1)+1)} -> 2602.5 | O33: {=INDEX('流量データ'!$C$2:$M$2,MATCH($G33,'流量データ'!$C$2:$M$2,1))} -> 10 | P33: {=INDEX('流量データ'!$C$2:$M$2,MATCH($G33,'流量データ'!$C$2:$M$2,1)+1)} -> 11 | Q33: {=INDEX('流量データ'!$C33:$M33,MATCH($G33,'流量データ'!$C$2:$M$2,1))} -> 42.1 | R33: {=INDEX('流量データ'!$C33:$M33,MATCH($G33,'流量データ'!$C$2:$M$2,1)+1)}
A34: K1.8BRD4 | B34: 8D440S | C34: 19.32011 | D34: =SIGN(C34)*((L34-K34)/(N34-M34)*(ABS(C34)*1000-M34)+K34) -> 2126.6095 | E34: ='電圧データ'!$D34/'電圧データ'!$C34*$D34 -> 160.55902 | F34: =D34*E34/1000 -> 341.44632 | G34: 10 | H34: =(R34-Q34)/(P34-O34)*(G34-O34)+Q34 -> 180 | I34: =F34/(H34/60)/4.1855 -> 27.192795 | J34: 1 | K34: {=INDEX('磁場データ'!$C$2:$AB$2,MATCH(ABS($C34)*1000,'磁場データ'!$C34:$AB34,1))} -> 2100 | L34: {=INDEX('磁場データ'!$C$2:$AB$2,MATCH(ABS($C34)*1000,'磁場データ'!$C34:$AB34,1)+1)} -> 2200 | M34: {=INDEX('磁場データ'!$C34:$AB34,MATCH(ABS($C34)*1000,'磁場データ'!$C34:$AB34,1))} -> 19129.241 | N34: {=INDEX('磁場データ'!$C34:$AB34,MATCH(ABS($C34)*1000,'磁場データ'!$C34:$AB34,1)+1)} -> 19846.539 | O34: {=INDEX('流量データ'!$C$2:$M$2,MATCH($G34,'流量データ'!$C$2:$M$2,1))} -> 10 | P34: {=INDEX('流量データ'!$C$2:$M$2,MATCH($G34,'流量データ'!$C$2:$M$2,1)+1)} -> 11 | Q34: {=INDEX('流量データ'!$C34:$M34,MATCH($G34,'流量データ'!$C$2:$M$2,1))} -> 180 | R34: {=INDEX('流量データ'!$C34:$M34,MATCH($G34,'流量データ'!$C$2:$M$2,1)+1)}
A35: K1.8BRQ8 | B35: NQ408 | C35: -0.732 | D35: =SIGN(C35)*((L35-K35)/(N35-M35)*(ABS(C35)*1000/2-M35)+K35) -> -120.40803 | E35: ='電圧データ'!$D35/'電圧データ'!$C35*$D35 -> -1.7037736 | F35: =D35*E35/1000 -> 0.20514803 | G35: 10 | H35: =(R35-Q35)/(P35-O35)*(G35-O35)+Q35 -> 81 | I35: =F35/(H35/60)/4.1855 -> 0.036306654 | J35: 0.5 | K35: {=INDEX('磁場データ'!$C$2:$AB$2,MATCH(ABS($C35)*1000/2,'磁場データ'!$C35:$AB35,1))} -> 100 | L35: {=INDEX('磁場データ'!$C$2:$AB$2,MATCH(ABS($C35)*1000/2,'磁場データ'!$C35:$AB35,1)+1)} -> 200 | M35: {=INDEX('磁場データ'!$C35:$AB35,MATCH(ABS($C35)*1000/2,'磁場データ'!$C35:$AB35,1))} -> 306.671 | N35: {=INDEX('磁場データ'!$C35:$AB35,MATCH(ABS($C35)*1000/2,'磁場データ'!$C35:$AB35,1)+1)} -> 597.385 | O35: {=INDEX('流量データ'!$C$2:$M$2,MATCH($G35,'流量データ'!$C$2:$M$2,1))} -> 10 | P35: {=INDEX('流量データ'!$C$2:$M$2,MATCH($G35,'流量データ'!$C$2:$M$2,1)+1)} -> 11 | Q35: {=INDEX('流量データ'!$C35:$M35,MATCH($G35,'流量データ'!$C$2:$M$2,1))} -> 81 | R35: {=INDEX('流量データ'!$C35:$M35,MATCH($G35,'流量データ'!$C$2:$M$2,1)+1)}
A36: K1.8BRD5 | B36: 8D240S | C36: 17.98134 | D36: =SIGN(C36)*((L36-K36)/(N36-M36)*(ABS(C36)*1000-M36)+K36) -> 1848.9175 | E36: ='電圧データ'!$D36/'電圧データ'!$C36*$D36 -> 92.533919 | F36: =D36*E36/1000 -> 171.08758 | G36: 10 | H36: =(R36-Q36)/(P36-O36)*(G36-O36)+Q36 -> 118 | I36: =F36/(H36/60)/4.1855 -> 20.784538 | J36: 1 | K36: {=INDEX('磁場データ'!$C$2:$AB$2,MATCH(ABS($C36)*1000,'磁場データ'!$C36:$AB36,1))} -> 1800 | L36: {=INDEX('磁場データ'!$C$2:$AB$2,MATCH(ABS($C36)*1000,'磁場データ'!$C36:$AB36,1)+1)} -> 1900 | M36: {=INDEX('磁場データ'!$C36:$AB36,MATCH(ABS($C36)*1000,'磁場データ'!$C36:$AB36,1))} -> 17590 | N36: {=INDEX('磁場データ'!$C36:$AB36,MATCH(ABS($C36)*1000,'磁場データ'!$C36:$AB36,1)+1)} -> 18390 | O36: {=INDEX('流量データ'!$C$2:$M$2,MATCH($G36,'流量データ'!$C$2:$M$2,1))} -> 10 | P36: {=INDEX('流量データ'!$C$2:$M$2,MATCH($G36,'流量データ'!$C$2:$M$2,1)+1)} -> 11 | Q36: {=INDEX('流量データ'!$C36:$M36,MATCH($G36,'流量データ'!$C$2:$M$2,1))} -> 118 | R36: {=INDEX('流量データ'!$C36:$M36,MATCH($G36,'流量データ'!$C$2:$M$2,1)+1)}
A37: KLD1 | B37: 6D230 | C37: 20.7 | D37: =SIGN(C37)*((L37-K37)/(N37-M37)*(ABS(C37)*1000-M37)+K37) -> 2293.8031 | E37: ='電圧データ'!$D37/'電圧データ'!$C37*$D37 -> 117.48261 | F37: =D37*E37/1000 -> 269.48197 | G37: 10 | H37: =(R37-Q37)/(P37-O37)*(G37-O37)+Q37 -> 173 | I37: =F37/(H37/60)/4.1855 -> 22.329938 | J37: 1 | K37: {=INDEX('磁場データ'!$C$2:$AB$2,MATCH(ABS($C37)*1000,'磁場データ'!$C37:$AB37,1))} -> 2200 | L37: {=INDEX('磁場データ'!$C$2:$AB$2,MATCH(ABS($C37)*1000,'磁場データ'!$C37:$AB37,1)+1)} -> 2300 | M37: {=INDEX('磁場データ'!$C37:$AB37,MATCH(ABS($C37)*1000,'磁場データ'!$C37:$AB37,1))} -> 20258 | N37: {=INDEX('磁場データ'!$C37:$AB37,MATCH(ABS($C37)*1000,'磁場データ'!$C37:$AB37,1)+1)} -> 20729.2 | O37: {=INDEX('流量データ'!$C$2:$M$2,MATCH($G37,'流量データ'!$C$2:$M$2,1))} -> 10 | P37: {=INDEX('流量データ'!$C$2:$M$2,MATCH($G37,'流量データ'!$C$2:$M$2,1)+1)} -> 11 | Q37: {=INDEX('流量データ'!$C37:$M37,MATCH($G37,'流量データ'!$C$2:$M$2,1))} -> 173 | R37: {=INDEX('流量データ'!$C37:$M37,MATCH($G37,'流量データ'!$C$2:$M$2,1)+1)}
A38: KURAMA | B38: 20D1616 | C38: 10.56 | D38: =SIGN(C38)*((L38-K38)/(N38-M38)*(ABS(C38)*1000-M38)+K38) -> 2299.6815 | E38: ='電圧データ'!$D38/'電圧データ'!$C38*$D38 -> 159.78822 | F38: =D38*E38/1000 -> 367.46201 | G38: 10 | H38: =(R38-Q38)/(P38-O38)*(G38-O38)+Q38 -> 240 | I38: =F38/(H38/60)/4.1855 -> 21.948513 | J38: 1 | K38: {=INDEX('磁場データ'!$C$2:$AB$2,MATCH(ABS($C38)*1000,'磁場データ'!$C38:$AB38,1))} -> 2200 | L38: {=INDEX('磁場データ'!$C$2:$AB$2,MATCH(ABS($C38)*1000,'磁場データ'!$C38:$AB38,1)+1)} -> 2300 | M38: {=INDEX('磁場データ'!$C38:$AB38,MATCH(ABS($C38)*1000,'磁場データ'!$C38:$AB38,1))} -> 10247 | N38: {=INDEX('磁場データ'!$C38:$AB38,MATCH(ABS($C38)*1000,'磁場データ'!$C38:$AB38,1)+1)} -> 10561 | O38: {=INDEX('流量データ'!$C$2:$M$2,MATCH($G38,'流量データ'!$C$2:$M$2,1))} -> 10 | P38: {=INDEX('流量データ'!$C$2:$M$2,MATCH($G38,'流量データ'!$C$2:$M$2,1)+1)} -> 11 | Q38: {=INDEX('流量データ'!$C38:$M38,MATCH($G38,'流量データ'!$C$2:$M$2,1))} -> 240 | R38: {=INDEX('流量データ'!$C38:$M38,MATCH($G38,'流量データ'!$C$2:$M$2,1)+1)}

Sheet 電流→磁場
A1: 要素名 | B1: 型式 | C1: 電流 | D1: 磁場強度 | E1: 電圧 | F1: 電力 | G1: 差圧 | H1: 流量 | I1: 温度上昇 | J1: at-poleからのファクター | K1: 参照電流[A] | M1: 参照磁場強度[G] | O1: 参照差圧[kg/cm2] | Q1: 参照流量[l/min]
C2: [A] | D2: [kG] | E2: [V] | F2: [kW] | G2: [kg/cm2] | H2: [l/min] | I2: [K] | K2: #1 | L2: #2 | M2: #1 | N2: #2 | O2: #1 | P2: #2 | Q2: #1 | R2: #2
A3: K1.8D1 | B3: 5C216SMIC | C3: 562 | D3: =SIGN(C3)*((N3-M3)/(L3-K3)*(ABS(C3)-K3)+M3)/J3*0.001 -> 9.8720839 | E3: ='電圧データ'!$D3/'電圧データ'!$C3*$C3 -> 44.163833 | F3: =C3*E3/1000 -> 24.820074 | G3: 9 | H3: =(R3-Q3)/(P3-O3)*(G3-O3)+Q3 -> 114.63946 | I3: =F3/(H3/60)/4.1855 -> 3.1036507 | J3: 1 | K3: {=INDEX('磁場データ'!$C$2:$AB$2,MATCH(ABS($C3),'磁場データ'!$C$2:$AB$2,1))} -> 500 | L3: {=INDEX('磁場データ'!$C$2:$AB$2,MATCH(ABS($C3),'磁場データ'!$C$2:$AB$2,1)+1)} -> 600 | M3: {=INDEX('磁場データ'!$C3:$AB3,MATCH(ABS($C3),'磁場データ'!$C$2:$AB$2,1))} -> 8949.2009 | N3: {=INDEX('磁場データ'!$C3:$AB3,MATCH(ABS($C3),'磁場データ'!$C$2:$AB$2,1)+1)} -> 10437.722 | O3: {=INDEX('流量データ'!$C$2:$M$2,MATCH($G3,'流量データ'!$C$2:$M$2,1))} -> 9 | P3: {=INDEX('流量データ'!$C$2:$M$2,MATCH($G3,'流量データ'!$C$2:$M$2,1)+1)} -> 10 | Q3: {=INDEX('流量データ'!$C3:$M3,MATCH($G3,'流量データ'!$C$2:$M$2,1))} -> 114.63946 | R3: {=INDEX('流量データ'!$C3:$M3,MATCH($G3,'流量データ'!$C$2:$M$2,1)+1)} -> 121.75345
A4: K1.8Q1 | B4: NQ312MIC | C4: 534 | D4: =SIGN(C4)*((N4-M4)/(L4-K4)*(ABS(C4)-K4)+M4)/J4*0.001 -> 4.5839823 | E4: ='電圧データ'!$D4/'電圧データ'!$C4*$C4 -> 31.05655 | F4: =C4*E4/1000 -> 16.584198 | G4: 9 | H4: =(R4-Q4)/(P4-O4)*(G4-O4)+Q4 -> 121 | I4: =F4/(H4/60)/4.1855 -> 1.9647758 | J4: 0.5 | K4: {=INDEX('磁場データ'!$C$2:$AB$2,MATCH(ABS($C4),'磁場データ'!$C$2:$AB$2,1))} -> 500 | L4: {=INDEX('磁場データ'!$C$2:$AB$2,MATCH(ABS($C4),'磁場データ'!$C$2:$AB$2,1)+1)} -> 600 | M4: {=INDEX('磁場データ'!$C4:$AB4,MATCH(ABS($C4),'磁場データ'!$C$2:$AB$2,1))} -> 2148.4075 | N4: {=INDEX('磁場データ'!$C4:$AB4,MATCH(ABS($C4),'磁場データ'!$C$2:$AB$2,1)+1)} -> 2570.7123 | O4: {=INDEX('流量データ'!$C$2:$M$2,MATCH($G4,'流量データ'!$C$2:$M$2,1))} -> 9 | P4: {=INDEX('流量データ'!$C$2:$M$2,MATCH($G4,'流量データ'!$C$2:$M$2,1)+1)} -> 10 | Q4: {=INDEX('流量データ'!$C4:$M4,MATCH($G4,'流量データ'!$C$2:$M$2,1))} -> 121 | R4: {=INDEX('流量データ'!$C4:$M4,MATCH($G4,'流量データ'!$C$2:$M$2,1)+1)} -> 128
A5: K1.8Q2 | B5: Q416MIC | C5: 996 | D5: =SIGN(C5)*((N5-M5)/(L5-K5)*(ABS(C5)-K5)+M5)/J5*0.001 -> 5.7763589 | E5: ='電圧データ'!$D5/'電圧データ'!$C5*$C5 -> 26.502261 | F5: =C5*E5/1000 -> 26.396252 | G5: 10 | H5: =(R5-Q5)/(P5-O5)*(G5-O5)+Q5 -> 41 | I5: =F5/(H5/60)/4.1855 -> 9.2291629 | J5: 0.5 | K5: {=INDEX('磁場データ'!$C$2:$AB$2,MATCH(ABS($C5),'磁場データ'!$C$2:$AB$2,1))} -> 900 | L5: {=INDEX('磁場データ'!$C$2:$AB$2,MATCH(ABS($C5),'磁場データ'!$C$2:$AB$2,1)+1)} -> 1000 | M5: {=INDEX('磁場データ'!$C5:$AB5,MATCH(ABS($C5),'磁場データ'!$C$2:$AB$2,1))} -> 2611.0532 | N5: {=INDEX('磁場データ'!$C5:$AB5,MATCH(ABS($C5),'磁場データ'!$C$2:$AB$2,1)+1)} -> 2899.7264 | O5: {=INDEX('流量データ'!$C$2:$M$2,MATCH($G5,'流量データ'!$C$2:$M$2,1))} -> 10 | P5: {=INDEX('流量データ'!$C$2:$M$2,MATCH($G5,'流量データ'!$C$2:$M$2,1)+1)} -> 11 | Q5: {=INDEX('流量データ'!$C5:$M5,MATCH($G5,'流量データ'!$C$2:$M$2,1))} -> 41 | R5: {=INDEX('流量データ'!$C5:$M5,MATCH($G5,'流量データ'!$C$2:$M$2,1)+1)} -> 43
A6: K1.8D2 | B6: 8D218SMIC | C6: 1309 | D6: =SIGN(C6)*((N6-M6)/(L6-K6)*(ABS(C6)-K6)+M6)/J6*0.001 -> 15.774546 | E6: ='電圧データ'!$D6/'電圧データ'!$C6*$C6 -> 86.223261 | F6: =C6*E6/1000 -> 112.86625 | G6: 10 | H6: =(R6-Q6)/(P6-O6)*(G6-O6)+Q6 -> 125 | I6: =F6/(H6/60)/4.1855 -> 12.943686 | J6: 1 | K6: {=INDEX('磁場データ'!$C$2:$AB$2,MATCH(ABS($C6),'磁場データ'!$C$2:$AB$2,1))} -> 1300 | L6: {=INDEX('磁場データ'!$C$2:$AB$2,MATCH(ABS($C6),'磁場データ'!$C$2:$AB$2,1)+1)} -> 1400 | M6: {=INDEX('磁場データ'!$C6:$AB6,MATCH(ABS($C6),'磁場データ'!$C$2:$AB$2,1))} -> 15692.49 | N6: {=INDEX('磁場データ'!$C6:$AB6,MATCH(ABS($C6),'磁場データ'!$C$2:$AB$2,1)+1)} -> 16604.222 | O6: {=INDEX('流量データ'!$C$2:$M$2,MATCH($G6,'流量データ'!$C$2:$M$2,1))} -> 10 | P6: {=INDEX('流量データ'!$C$2:$M$2,MATCH($G6,'流量データ'!$C$2:$M$2,1)+1)} -> 11 | Q6: {=INDEX('流量データ'!$C6:$M6,MATCH($G6,'流量データ'!$C$2:$M$2,1))} -> 125 | R6: {=INDEX('流量データ'!$C6:$M6,MATCH($G6,'流量データ'!$C$2:$M$2,1)+1)} -> 132
A7: K1.8Q3 | B7: Q410 | C7: 1018 | D7: =SIGN(C7)*((N7-M7)/(L7-K7)*(ABS(C7)-K7)+M7)/J7*0.001 -> 6.1650789 | E7: ='電圧データ'!$D7/'電圧データ'!$C7*$C7 -> 48.308727 | F7: =C7*E7/1000 -> 49.178284 | G7: 5.5 | H7: =(R7-Q7)/(P7-O7)*(G7-O7)+Q7 -> 69 | I7: =F7/(H7/60)/4.1855 -> 10.217113 | J7: 0.5 | K7: {=INDEX('磁場データ'!$C$2:$AB$2,MATCH(ABS($C7),'磁場データ'!$C$2:$AB$2,1))} -> 1000 | L7: {=INDEX('磁場データ'!$C$2:$AB$2,MATCH(ABS($C7),'磁場データ'!$C$2:$AB$2,1)+1)} -> 1100 | M7: {=INDEX('磁場データ'!$C7:$AB7,MATCH(ABS($C7),'磁場データ'!$C$2:$AB$2,1))} -> 3028.0094 | N7: {=INDEX('磁場データ'!$C7:$AB7,MATCH(ABS($C7),'磁場データ'!$C$2:$AB$2,1)+1)} -> 3330.9542 | O7: {=INDEX('流量データ'!$C$2:$M$2,MATCH($G7,'流量データ'!$C$2:$M$2,1))} -> 5 | P7: {=INDEX('流量データ'!$C$2:$M$2,MATCH($G7,'流量データ'!$C$2:$M$2,1)+1)} -> 6 | Q7: {=INDEX('流量データ'!$C7:$M7,MATCH($G7,'流量データ'!$C$2:$M$2,1))} -> 65 | R7: {=INDEX('流量データ'!$C7:$M7,MATCH($G7,'流量データ'!$C$2:$M$2,1)+1)} -> 73
A8: K1.8O1 | B8: O503 | C8: 43 | D8: =SIGN(C8)*((N8-M8)/(L8-K8)*(ABS(C8)-K8)+M8)/J8*0.001 -> 0.8276 | E8: ='電圧データ'!$D8/'電圧データ'!$C8*$C8 -> 7.7744 | F8: =C8*E8/1000 -> 0.3342992 | G8: 5.5 | H8: =(R8-Q8)/(P8-O8)*(G8-O8)+Q8 -> 1.925 | I8: =F8/(H8/60)/4.1855 -> 2.4894792 | J8: 0.125 | K8: {=INDEX('磁場データ'!$C$2:$AB$2,MATCH(ABS($C8),'磁場データ'!$C$2:$AB$2,1))} -> 0 | L8: {=INDEX('磁場データ'!$C$2:$AB$2,MATCH(ABS($C8),'磁場データ'!$C$2:$AB$2,1)+1)} -> 100 | M8: {=INDEX('磁場データ'!$C8:$AB8,MATCH(ABS($C8),'磁場データ'!$C$2:$AB$2,1))} -> 0.25 | N8: {=INDEX('磁場データ'!$C8:$AB8,MATCH(ABS($C8),'磁場データ'!$C$2:$AB$2,1)+1)} -> 240.25 | O8: {=INDEX('流量データ'!$C$2:$M$2,MATCH($G8,'流量データ'!$C$2:$M$2,1))} -> 5 | P8: {=INDEX('流量データ'!$C$2:$M$2,MATCH($G8,'流量データ'!$C$2:$M$2,1)+1)} -> 6 | Q8: {=INDEX('流量データ'!$C8:$M8,MATCH($G8,'流量データ'!$C$2:$M$2,1))} -> 3.85 | R8: {=INDEX('流量データ'!$C8:$M8,MATCH($G8,'流量データ'!$C$2:$M$2,1)+1)}
A9: K1.8Q4 | B9: Q410 | C9: 1129 | D9: =SIGN(C9)*((N9-M9)/(L9-K9)*(ABS(C9)-K9)+M9)/J9*0.001 -> 6.8333988 | E9: ='電圧データ'!$D9/'電圧データ'!$C9*$C9 -> 53.473545 | F9: =C9*E9/1000 -> 60.371633 | G9: 5.5 | H9: =(R9-Q9)/(P9-O9)*(G9-O9)+Q9 -> 69 | I9: =F9/(H9/60)/4.1855 -> 12.542605 | J9: 0.5 | K9: {=INDEX('磁場データ'!$C$2:$AB$2,MATCH(ABS($C9),'磁場データ'!$C$2:$AB$2,1))} -> 1100 | L9: {=INDEX('磁場データ'!$C$2:$AB$2,MATCH(ABS($C9),'磁場データ'!$C$2:$AB$2,1)+1)} -> 1200 | M9: {=INDEX('磁場データ'!$C9:$AB9,MATCH(ABS($C9),'磁場データ'!$C$2:$AB$2,1))} -> 3329.0465 | N9: {=INDEX('磁場データ'!$C9:$AB9,MATCH(ABS($C9),'磁場データ'!$C$2:$AB$2,1)+1)} -> 3631.2978 | O9: {=INDEX('流量データ'!$C$2:$M$2,MATCH($G9,'流量データ'!$C$2:$M$2,1))} -> 5 | P9: {=INDEX('流量データ'!$C$2:$M$2,MATCH($G9,'流量データ'!$C$2:$M$2,1)+1)} -> 6 | Q9: {=INDEX('流量データ'!$C9:$M9,MATCH($G9,'流量データ'!$C$2:$M$2,1))} -> 65 | R9: {=INDEX('流量データ'!$C9:$M9,MATCH($G9,'流量データ'!$C$2:$M$2,1)+1)} -> 73
A10: K1.8S1 | B10: SX504 | C10: 50 | D10: =SIGN(C10)*((N10-M10)/(L10-K10)*(ABS(C10)-K10)+M10)/J10*0.001 -> 0.34799464 | E10: ='電圧データ'!$D10/'電圧データ'!$C10*$C10 -> 1.51 | F10: =C10*E10/1000 -> 0.0755 | G10: 5.5 | H10: =(R10-Q10)/(P10-O10)*(G10-O10)+Q10 -> 6 | I10: =F10/(H10/60)/4.1855 -> 0.18038466 | J10: 0.25 | K10: {=INDEX('磁場データ'!$C$2:$AB$2,MATCH(ABS($C10),'磁場データ'!$C$2:$AB$2,1))} -> 0 | L10: {=INDEX('磁場データ'!$C$2:$AB$2,MATCH(ABS($C10),'磁場データ'!$C$2:$AB$2,1)+1)} -> 100 | M10: {=INDEX('磁場データ'!$C10:$AB10,MATCH(ABS($C10),'磁場データ'!$C$2:$AB$2,1))} -> -1.9435079 | N10: {=INDEX('磁場データ'!$C10:$AB10,MATCH(ABS($C10),'磁場データ'!$C$2:$AB$2,1)+1)} -> 175.94083 | O10: {=INDEX('流量データ'!$C$2:$M$2,MATCH($G10,'流量データ'!$C$2:$M$2,1))} -> 5 | P10: {=INDEX('流量データ'!$C$2:$M$2,MATCH($G10,'流量データ'!$C$2:$M$2,1)+1)} -> 6 | Q10: {=INDEX('流量データ'!$C10:$M10,MATCH($G10,'流量データ'!$C$2:$M$2,1))} -> 12 | R10: {=INDEX('流量データ'!$C10:$M10,MATCH($G10,'流量データ'!$C$2:$M$2,1)+1)}
A11: K1.8CM1 | B11: 4D604V | C11: 348 | D11: =SIGN(C11)*((N11-M11)/(L11-K11)*(ABS(C11)-K11)+M11)/J11*0.001 -> 1.63288 | E11: ='電圧データ'!$D11/'電圧データ'!$C11*$C11 -> 13.94876 | F11: =C11*E11/1000 -> 4.8541686 | G11: 5.5 | H11: =(R11-Q11)/(P11-O11)*(G11-O11)+Q11 -> 20.5 | I11: =F11/(H11/60)/4.1855 -> 3.3944147 | J11: 1 | K11: {=INDEX('磁場データ'!$C$2:$AB$2,MATCH(ABS($C11),'磁場データ'!$C$2:$AB$2,1))} -> 300 | L11: {=INDEX('磁場データ'!$C$2:$AB$2,MATCH(ABS($C11),'磁場データ'!$C$2:$AB$2,1)+1)} -> 400 | M11: {=INDEX('磁場データ'!$C11:$AB11,MATCH(ABS($C11),'磁場データ'!$C$2:$AB$2,1))} -> 1414 | N11: {=INDEX('磁場データ'!$C11:$AB11,MATCH(ABS($C11),'磁場データ'!$C$2:$AB$2,1)+1)} -> 1870 | O11: {=INDEX('流量データ'!$C$2:$M$2,MATCH($G11,'流量データ'!$C$2:$M$2,1))} -> 5 | P11: {=INDEX('流量データ'!$C$2:$M$2,MATCH($G11,'流量データ'!$C$2:$M$2,1)+1)} -> 6 | Q11: {=INDEX('流量データ'!$C11:$M11,MATCH($G11,'流量データ'!$C$2:$M$2,1))} -> 19 | R11: {=INDEX('流量データ'!$C11:$M11,MATCH($G11,'流量データ'!$C$2:$M$2,1)+1)} -> 22
A12: K1.8CM2 | B12: 4D604V | C12: 348 | D12: =SIGN(C12)*((N12-M12)/(L12-K12)*(ABS(C12)-K12)+M12)/J12*0.001 -> 1.6304 | E12: ='電圧データ'!$D12/'電圧データ'!$C12*$C12 -> 13.92 | F12: =C12*E12/1000 -> 4.84416 | G12: 10 | H12: =(R12-Q12)/(P12-O12)*(G12-O12)+Q12 -> 30 | I12: =F12/(H12/60)/4.1855 -> 2.3147342 | J12: 1 | K12: {=INDEX('磁場データ'!$C$2:$AB$2,MATCH(ABS($C12),'磁場データ'!$C$2:$AB$2,1))} -> 300 | L12: {=INDEX('磁場データ'!$C$2:$AB$2,MATCH(ABS($C12),'磁場データ'!$C$2:$AB$2,1)+1)} -> 400 | M12: {=INDEX('磁場データ'!$C12:$AB12,MATCH(ABS($C12),'磁場データ'!$C$2:$AB$2,1))} -> 1412 | N12: {=INDEX('磁場データ'!$C12:$AB12,MATCH(ABS($C12),'磁場データ'!$C$2:$AB$2,1)+1)} -> 1867 | O12: {=INDEX('流量データ'!$C$2:$M$2,MATCH($G12,'流量データ'!$C$2:$M$2,1))} -> 10 | P12: {=INDEX('流量データ'!$C$2:$M$2,MATCH($G12,'流量データ'!$C$2:$M$2,1)+1)} -> 11 | Q12: {=INDEX('流量データ'!$C12:$M12,MATCH($G12,'流量データ'!$C$2:$M$2,1))} -> 30 | R12: {=INDEX('流量データ'!$C12:$M12,MATCH($G12,'流量データ'!$C$2:$M$2,1)+1)} -> 32
A13: K1.8S2 | B13: SX504 | C13: 127 | D13: =SIGN(C13)*((N13-M13)/(L13-K13)*(ABS(C13)-K13)+M13)/J13*0.001 -> 0.95139848 | E13: ='電圧データ'!$D13/'電圧データ'!$C13*$C13 -> 4.064 | F13: =C13*E13/1000 -> 0.516128 | G13: 10 | H13: =(R13-Q13)/(P13-O13)*(G13-O13)+Q13 -> 15 | I13: =F13/(H13/60)/4.1855 -> 0.49325337 | J13: 0.25 | K13: {=INDEX('磁場データ'!$C$2:$AB$2,MATCH(ABS($C13),'磁場データ'!$C$2:$AB$2,1))} -> 100 | L13: {=INDEX('磁場データ'!$C$2:$AB$2,MATCH(ABS($C13),'磁場データ'!$C$2:$AB$2,1)+1)} -> 200 | M13: {=INDEX('磁場データ'!$C13:$AB13,MATCH(ABS($C13),'磁場データ'!$C$2:$AB$2,1))} -> 188.25488 | N13: {=INDEX('磁場データ'!$C13:$AB13,MATCH(ABS($C13),'磁場データ'!$C$2:$AB$2,1)+1)} -> 371.93911 | O13: {=INDEX('流量データ'!$C$2:$M$2,MATCH($G13,'流量データ'!$C$2:$M$2,1))} -> 10 | P13: {=INDEX('流量データ'!$C$2:$M$2,MATCH($G13,'流量データ'!$C$2:$M$2,1)+1)} -> 11 | Q13: {=INDEX('流量データ'!$C13:$M13,MATCH($G13,'流量データ'!$C$2:$M$2,1))} -> 15 | R13: {=INDEX('流量データ'!$C13:$M13,MATCH($G13,'流量データ'!$C$2:$M$2,1)+1)} -> 16
A14: K1.8Q5 | B14: NQ510 | C14: 710 | D14: =SIGN(C14)*((N14-M14)/(L14-K14)*(ABS(C14)-K14)+M14)/J14*0.001 -> 6.0048766 | E14: ='電圧データ'!$D14/'電圧データ'!$C14*$C14 -> 39.100714 | F14: =C14*E14/1000 -> 27.761507 | G14: 10 | H14: =(R14-Q14)/(P14-O14)*(G14-O14)+Q14 -> 92 | I14: =F14/(H14/60)/4.1855 -> 4.3257271 | J14: 0.5 | K14: {=INDEX('磁場データ'!$C$2:$AB$2,MATCH(ABS($C14),'磁場データ'!$C$2:$AB$2,1))} -> 700 | L14: {=INDEX('磁場データ'!$C$2:$AB$2,MATCH(ABS($C14),'磁場データ'!$C$2:$AB$2,1)+1)} -> 800 | M14: {=INDEX('磁場データ'!$C14:$AB14,MATCH(ABS($C14),'磁場データ'!$C$2:$AB$2,1))} -> 2960.5109 | N14: {=INDEX('磁場データ'!$C14:$AB14,MATCH(ABS($C14),'磁場データ'!$C$2:$AB$2,1)+1)} -> 3379.7853 | O14: {=INDEX('流量データ'!$C$2:$M$2,MATCH($G14,'流量データ'!$C$2:$M$2,1))} -> 10 | P14: {=INDEX('流量データ'!$C$2:$M$2,MATCH($G14,'流量データ'!$C$2:$M$2,1)+1)} -> 11 | Q14: {=INDEX('流量データ'!$C14:$M14,MATCH($G14,'流量データ'!$C$2:$M$2,1))} -> 92 | R14: {=INDEX('流量データ'!$C14:$M14,MATCH($G14,'流量データ'!$C$2:$M$2,1)+1)}
A15: K1.8Q6 | B15: NQ610 | C15: 840 | D15: =SIGN(C15)*((N15-M15)/(L15-K15)*(ABS(C15)-K15)+M15)/J15*0.001 -> 6.7508147 | E15: ='電圧データ'!$D15/'電圧データ'!$C15*$C15 -> 50.152941 | F15: =C15*E15/1000 -> 42.128471 | G15: 10 | H15: =(R15-Q15)/(P15-O15)*(G15-O15)+Q15 -> 103 | I15: =F15/(H15/60)/4.1855 -> 5.8633035 | J15: =80/150 -> 0.53333333 | K15: {=INDEX('磁場データ'!$C$2:$AB$2,MATCH(ABS($C15),'磁場データ'!$C$2:$AB$2,1))} -> 800 | L15: {=INDEX('磁場データ'!$C$2:$AB$2,MATCH(ABS($C15),'磁場データ'!$C$2:$AB$2,1)+1)} -> 900 | M15: {=INDEX('磁場データ'!$C15:$AB15,MATCH(ABS($C15),'磁場データ'!$C$2:$AB$2,1))} -> 3431.05 | N15: {=INDEX('磁場データ'!$C15:$AB15,MATCH(ABS($C15),'磁場データ'!$C$2:$AB$2,1)+1)} -> 3854.5113 | O15: {=INDEX('流量データ'!$C$2:$M$2,MATCH($G15,'流量データ'!$C$2:$M$2,1))} -> 10 | P15: {=INDEX('流量データ'!$C$2:$M$2,MATCH($G15,'流量データ'!$C$2:$M$2,1)+1)} -> 11 | Q15: {=INDEX('流量データ'!$C15:$M15,MATCH($G15,'流量データ'!$C$2:$M$2,1))} -> 103 | R15: {=INDEX('流量データ'!$C15:$M15,MATCH($G15,'流量データ'!$C$2:$M$2,1)+1)} -> 108
A16: K1.8D3 | B16: 6D330S | C16: 378 | D16: =SIGN(C16)*((N16-M16)/(L16-K16)*(ABS(C16)-K16)+M16)/J16*0.001 -> 12.530643 | E16: ='電圧データ'!$D16/'電圧データ'!$C16*$C16 -> 99.5652 | F16: =C16*E16/1000 -> 37.635646 | G16: 10 | H16: =(R16-Q16)/(P16-O16)*(G16-O16)+Q16 -> 103 | I16: =F16/(H16/60)/4.1855 -> 5.2380067 | J16: 1 | K16: {=INDEX('磁場データ'!$C$2:$AB$2,MATCH(ABS($C16),'磁場データ'!$C$2:$AB$2,1))} -> 300 | L16: {=INDEX('磁場データ'!$C$2:$AB$2,MATCH(ABS($C16),'磁場データ'!$C$2:$AB$2,1)+1)} -> 400 | M16: {=INDEX('磁場データ'!$C16:$AB16,MATCH(ABS($C16),'磁場データ'!$C$2:$AB$2,1))} -> 10063.051 | N16: {=INDEX('磁場データ'!$C16:$AB16,MATCH(ABS($C16),'磁場データ'!$C$2:$AB$2,1)+1)} -> 13226.63 | O16: {=INDEX('流量データ'!$C$2:$M$2,MATCH($G16,'流量データ'!$C$2:$M$2,1))} -> 10 | P16: {=INDEX('流量データ'!$C$2:$M$2,MATCH($G16,'流量データ'!$C$2:$M$2,1)+1)} -> 11 | Q16: {=INDEX('流量データ'!$C16:$M16,MATCH($G16,'流量データ'!$C$2:$M$2,1))} -> 103 | R16: {=INDEX('流量データ'!$C16:$M16,MATCH($G16,'流量データ'!$C$2:$M$2,1)+1)} -> 108
A17: K1.8Q7 | B17: NQ408 | C17: 643 | D17: =SIGN(C17)*((N17-M17)/(L17-K17)*(ABS(C17)-K17)+M17)/J17*0.001 -> 3.7603918 | E17: ='電圧データ'!$D17/'電圧データ'!$C17*$C17 -> 9.16275 | F17: =C17*E17/1000 -> 5.8916483 | G17: 10 | H17: =(R17-Q17)/(P17-O17)*(G17-O17)+Q17 -> 75 | I17: =F17/(H17/60)/4.1855 -> 1.1261065 | J17: 0.5 | K17: {=INDEX('磁場データ'!$C$2:$AB$2,MATCH(ABS($C17),'磁場データ'!$C$2:$AB$2,1))} -> 600 | L17: {=INDEX('磁場データ'!$C$2:$AB$2,MATCH(ABS($C17),'磁場データ'!$C$2:$AB$2,1)+1)} -> 700 | M17: {=INDEX('磁場データ'!$C17:$AB17,MATCH(ABS($C17),'磁場データ'!$C$2:$AB$2,1))} -> 1758.45 | N17: {=INDEX('磁場データ'!$C17:$AB17,MATCH(ABS($C17),'磁場データ'!$C$2:$AB$2,1)+1)} -> 2041.58 | O17: {=INDEX('流量データ'!$C$2:$M$2,MATCH($G17,'流量データ'!$C$2:$M$2,1))} -> 10 | P17: {=INDEX('流量データ'!$C$2:$M$2,MATCH($G17,'流量データ'!$C$2:$M$2,1)+1)} -> 11 | Q17: {=INDEX('流量データ'!$C17:$M17,MATCH($G17,'流量データ'!$C$2:$M$2,1))} -> 75 | R17: {=INDEX('流量データ'!$C17:$M17,MATCH($G17,'流量データ'!$C$2:$M$2,1)+1)} -> 83
A18: K1.8O2 | B18: O603 | C18: 33 | D18: =SIGN(C18)*((N18-M18)/(L18-K18)*(ABS(C18)-K18)+M18)/J18*0.001 -> 0.29438 | E18: ='電圧データ'!$D18/'電圧データ'!$C18*$C18 -> 1.7226 | F18: =C18*E18/1000 -> 0.0568458 | G18: 10 | H18: =(R18-Q18)/(P18-O18)*(G18-O18)+Q18 -> 10.5 | I18: =F18/(H18/60)/4.1855 -> 0.077609161 | J18: 0.125 | K18: {=INDEX('磁場データ'!$C$2:$AB$2,MATCH(ABS($C18),'磁場データ'!$C$2:$AB$2,1))} -> 0 | L18: {=INDEX('磁場データ'!$C$2:$AB$2,MATCH(ABS($C18),'磁場データ'!$C$2:$AB$2,1)+1)} -> 100 | M18: {=INDEX('磁場データ'!$C18:$AB18,MATCH(ABS($C18),'磁場データ'!$C$2:$AB$2,1))} -> 0.25 | N18: {=INDEX('磁場データ'!$C18:$AB18,MATCH(ABS($C18),'磁場データ'!$C$2:$AB$2,1)+1)} -> 111 | O18: {=INDEX('流量データ'!$C$2:$M$2,MATCH($G18,'流量データ'!$C$2:$M$2,1))} -> 10 | P18: {=INDEX('流量データ'!$C$2:$M$2,MATCH($G18,'流量データ'!$C$2:$M$2,1)+1)} -> 11 | Q18: {=INDEX('流量データ'!$C18:$M18,MATCH($G18,'流量データ'!$C$2:$M$2,1))} -> 10.5 | R18: {=INDEX('流量データ'!$C18:$M18,MATCH($G18,'流量データ'!$C$2:$M$2,1)+1)}
A19: K1.8S3 | B19: SX604 | C19: 129 | D19: =SIGN(C19)*((N19-M19)/(L19-K19)*(ABS(C19)-K19)+M19)/J19*0.001 -> 0.87836 | E19: ='電圧データ'!$D19/'電圧データ'!$C19*$C19 -> 4.4433333 | F19: =C19*E19/1000 -> 0.57319 | G19: 10 | H19: =(R19-Q19)/(P19-O19)*(G19-O19)+Q19 -> 19.6 | I19: =F19/(H19/60)/4.1855 -> 0.41922429 | J19: 0.25 | K19: {=INDEX('磁場データ'!$C$2:$AB$2,MATCH(ABS($C19),'磁場データ'!$C$2:$AB$2,1))} -> 100 | L19: {=INDEX('磁場データ'!$C$2:$AB$2,MATCH(ABS($C19),'磁場データ'!$C$2:$AB$2,1)+1)} -> 200 | M19: {=INDEX('磁場データ'!$C19:$AB19,MATCH(ABS($C19),'磁場データ'!$C$2:$AB$2,1))} -> 170 | N19: {=INDEX('磁場データ'!$C19:$AB19,MATCH(ABS($C19),'磁場データ'!$C$2:$AB$2,1)+1)} -> 341 | O19: {=INDEX('流量データ'!$C$2:$M$2,MATCH($G19,'流量データ'!$C$2:$M$2,1))} -> 10 | P19: {=INDEX('流量データ'!$C$2:$M$2,MATCH($G19,'流量データ'!$C$2:$M$2,1)+1)} -> 11 | Q19: {=INDEX('流量データ'!$C19:$M19,MATCH($G19,'流量データ'!$C$2:$M$2,1))} -> 19.6 | R19: {=INDEX('流量データ'!$C19:$M19,MATCH($G19,'流量データ'!$C$2:$M$2,1)+1)}
A20: K1.8CM3 | B20: 4D604V | C20: 306 | D20: =SIGN(C20)*((N20-M20)/(L20-K20)*(ABS(C20)-K20)+M20)/J20*0.001 -> 1.44136 | E20: ='電圧データ'!$D20/'電圧データ'!$C20*$C20 -> 11.835372 | F20: =C20*E20/1000 -> 3.6216238 | G20: 10 | H20: =(R20-Q20)/(P20-O20)*(G20-O20)+Q20 -> 32.8 | I20: =F20/(H20/60)/4.1855 -> 1.5828268 | J20: 1 | K20: {=INDEX('磁場データ'!$C$2:$AB$2,MATCH(ABS($C20),'磁場データ'!$C$2:$AB$2,1))} -> 300 | L20: {=INDEX('磁場データ'!$C$2:$AB$2,MATCH(ABS($C20),'磁場データ'!$C$2:$AB$2,1)+1)} -> 400 | M20: {=INDEX('磁場データ'!$C20:$AB20,MATCH(ABS($C20),'磁場データ'!$C$2:$AB$2,1))} -> 1414 | N20: {=INDEX('磁場データ'!$C20:$AB20,MATCH(ABS($C20),'磁場データ'!$C$2:$AB$2,1)+1)} -> 1870 | O20: {=INDEX('流量データ'!$C$2:$M$2,MATCH($G20,'流量データ'!$C$2:$M$2,1))} -> 10 | P20: {=INDEX('流量データ'!$C$2:$M$2,MATCH($G20,'流量データ'!$C$2:$M$2,1)+1)} -> 11 | Q20: {=INDEX('流量データ'!$C20:$M20,MATCH($G20,'流量データ'!$C$2:$M$2,1))} -> 32.8 | R20: {=INDEX('流量データ'!$C20:$M20,MATCH($G20,'流量データ'!$C$2:$M$2,1)+1)}
A21: K1.8CM4 | B21: 4D604V | C21: 306 | D21: =SIGN(C21)*((N21-M21)/(L21-K21)*(ABS(C21)-K21)+M21)/J21*0.001 -> 1.44136 | E21: ='電圧データ'!$D21/'電圧データ'!$C21*$C21 -> 11.91124 | F21: =C21*E21/1000 -> 3.6448393 | G21: 10 | H21: =(R21-Q21)/(P21-O21)*(G21-O21)+Q21 -> 33.6 | I21: =F21/(H21/60)/4.1855 -> 1.5550452 | J21: 1 | K21: {=INDEX('磁場データ'!$C$2:$AB$2,MATCH(ABS($C21),'磁場データ'!$C$2:$AB$2,1))} -> 300 | L21: {=INDEX('磁場データ'!$C$2:$AB$2,MATCH(ABS($C21),'磁場データ'!$C$2:$AB$2,1)+1)} -> 400 | M21: {=INDEX('磁場データ'!$C21:$AB21,MATCH(ABS($C21),'磁場データ'!$C$2:$AB$2,1))} -> 1414 | N21: {=INDEX('磁場データ'!$C21:$AB21,MATCH(ABS($C21),'磁場データ'!$C$2:$AB$2,1)+1)} -> 1870 | O21: {=INDEX('流量データ'!$C$2:$M$2,MATCH($G21,'流量データ'!$C$2:$M$2,1))} -> 10 | P21: {=INDEX('流量データ'!$C$2:$M$2,MATCH($G21,'流量データ'!$C$2:$M$2,1)+1)} -> 11 | Q21: {=INDEX('流量データ'!$C21:$M21,MATCH($G21,'流量データ'!$C$2:$M$2,1))} -> 33.6 | R21: {=INDEX('流量データ'!$C21:$M21,MATCH($G21,'流量データ'!$C$2:$M$2,1)+1)}
A22: K1.8S4 | B22: SX604 | C22: 29 | D22: =SIGN(C22)*((N22-M22)/(L22-K22)*(ABS(C22)-K22)+M22)/J22*0.001 -> 0.2012 | E22: ='電圧データ'!$D22/'電圧データ'!$C22*$C22 -> 0.99888889 | F22: =C22*E22/1000 -> 0.028967778 | G22: 10 | H22: =(R22-Q22)/(P22-O22)*(G22-O22)+Q22 -> 19.6 | I22: =F22/(H22/60)/4.1855 -> 0.021186685 | J22: 0.25 | K22: {=INDEX('磁場データ'!$C$2:$AB$2,MATCH(ABS($C22),'磁場データ'!$C$2:$AB$2,1))} -> 0 | L22: {=INDEX('磁場データ'!$C$2:$AB$2,MATCH(ABS($C22),'磁場データ'!$C$2:$AB$2,1)+1)} -> 100 | M22: {=INDEX('磁場データ'!$C22:$AB22,MATCH(ABS($C22),'磁場データ'!$C$2:$AB$2,1))} -> 1 | N22: {=INDEX('磁場データ'!$C22:$AB22,MATCH(ABS($C22),'磁場データ'!$C$2:$AB$2,1)+1)} -> 171 | O22: {=INDEX('流量データ'!$C$2:$M$2,MATCH($G22,'流量データ'!$C$2:$M$2,1))} -> 10 | P22: {=INDEX('流量データ'!$C$2:$M$2,MATCH($G22,'流量データ'!$C$2:$M$2,1)+1)} -> 11 | Q22: {=INDEX('流量データ'!$C22:$M22,MATCH($G22,'流量データ'!$C$2:$M$2,1))} -> 19.6 | R22: {=INDEX('流量データ'!$C22:$M22,MATCH($G22,'流量データ'!$C$2:$M$2,1)+1)}
A23: K1.8Q8 | B23: NQ512 | C23: 882 | D23: =SIGN(C23)*((N23-M23)/(L23-K23)*(ABS(C23)-K23)+M23)/J23*0.001 -> 6.6320052 | E23: ='電圧データ'!$D23/'電圧データ'!$C23*$C23 -> 30.6936 | F23: =C23*E23/1000 -> 27.071755 | G23: 10 | H23: =(R23-Q23)/(P23-O23)*(G23-O23)+Q23 -> 158 | I23: =F23/(H23/60)/4.1855 -> 2.4561972 | J23: 0.5 | K23: {=INDEX('磁場データ'!$C$2:$AB$2,MATCH(ABS($C23),'磁場データ'!$C$2:$AB$2,1))} -> 800 | L23: {=INDEX('磁場データ'!$C$2:$AB$2,MATCH(ABS($C23),'磁場データ'!$C$2:$AB$2,1)+1)} -> 900 | M23: {=INDEX('磁場データ'!$C23:$AB23,MATCH(ABS($C23),'磁場データ'!$C$2:$AB$2,1))} -> 3005.28 | N23: {=INDEX('磁場データ'!$C23:$AB23,MATCH(ABS($C23),'磁場データ'!$C$2:$AB$2,1)+1)} -> 3384.21 | O23: {=INDEX('流量データ'!$C$2:$M$2,MATCH($G23,'流量データ'!$C$2:$M$2,1))} -> 10 | P23: {=INDEX('流量データ'!$C$2:$M$2,MATCH($G23,'流量データ'!$C$2:$M$2,1)+1)} -> 11 | Q23: {=INDEX('流量データ'!$C23:$M23,MATCH($G23,'流量データ'!$C$2:$M$2,1))} -> 158 | R23: {=INDEX('流量データ'!$C23:$M23,MATCH($G23,'流量データ'!$C$2:$M$2,1)+1)}
A24: K1.8O3 | B24: O603 | C24: 80 | D24: =SIGN(C24)*((N24-M24)/(L24-K24)*(ABS(C24)-K24)+M24)/J24*0.001 -> 0.71 | E24: ='電圧データ'!$D24/'電圧データ'!$C24*$C24 -> 4.16 | F24: =C24*E24/1000 -> 0.3328 | G24: 10 | H24: =(R24-Q24)/(P24-O24)*(G24-O24)+Q24 -> 10.5 | I24: =F24/(H24/60)/4.1855 -> 0.45435773 | J24: 0.125 | K24: {=INDEX('磁場データ'!$C$2:$AB$2,MATCH(ABS($C24),'磁場データ'!$C$2:$AB$2,1))} -> 0 | L24: {=INDEX('磁場データ'!$C$2:$AB$2,MATCH(ABS($C24),'磁場データ'!$C$2:$AB$2,1)+1)} -> 100 | M24: {=INDEX('磁場データ'!$C24:$AB24,MATCH(ABS($C24),'磁場データ'!$C$2:$AB$2,1))} -> 0.25 | N24: {=INDEX('磁場データ'!$C24:$AB24,MATCH(ABS($C24),'磁場データ'!$C$2:$AB$2,1)+1)} -> 110.875 | O24: {=INDEX('流量データ'!$C$2:$M$2,MATCH($G24,'流量データ'!$C$2:$M$2,1))} -> 10 | P24: {=INDEX('流量データ'!$C$2:$M$2,MATCH($G24,'流量データ'!$C$2:$M$2,1)+1)} -> 11 | Q24: {=INDEX('流量データ'!$C24:$M24,MATCH($G24,'流量データ'!$C$2:$M$2,1))} -> 10.5 | R24: {=INDEX('流量データ'!$C24:$M24,MATCH($G24,'流量データ'!$C$2:$M$2,1)+1)}
A25: K1.8Q9 | B25: NQ518 | C25: 1095 | D25: =SIGN(C25)*((N25-M25)/(L25-K25)*(ABS(C25)-K25)+M25)/J25*0.001 -> 8.234588 | E25: ='電圧データ'!$D25/'電圧データ'!$C25*$C25 -> 56.94 | F25: =C25*E25/1000 -> 62.3493 | G25: 10 | H25: =(R25-Q25)/(P25-O25)*(G25-O25)+Q25 -> 128 | I25: =F25/(H25/60)/4.1855 -> 6.9827343 | J25: 0.5 | K25: {=INDEX('磁場データ'!$C$2:$AB$2,MATCH(ABS($C25),'磁場データ'!$C$2:$AB$2,1))} -> 1000 | L25: {=INDEX('磁場データ'!$C$2:$AB$2,MATCH(ABS($C25),'磁場データ'!$C$2:$AB$2,1)+1)} -> 1100 | M25: {=INDEX('磁場データ'!$C25:$AB25,MATCH(ABS($C25),'磁場データ'!$C$2:$AB$2,1))} -> 3757.32 | N25: {=INDEX('磁場データ'!$C25:$AB25,MATCH(ABS($C25),'磁場データ'!$C$2:$AB$2,1)+1)} -> 4136.24 | O25: {=INDEX('流量データ'!$C$2:$M$2,MATCH($G25,'流量データ'!$C$2:$M$2,1))} -> 10 | P25: {=INDEX('流量データ'!$C$2:$M$2,MATCH($G25,'流量データ'!$C$2:$M$2,1)+1)} -> 11 | Q25: {=INDEX('流量データ'!$C25:$M25,MATCH($G25,'流量データ'!$C$2:$M$2,1))} -> 128 | R25: {=INDEX('流量データ'!$C25:$M25,MATCH($G25,'流量データ'!$C$2:$M$2,1)+1)} -> 136
A26: K1.8Q10 | B26: NQ418 | C26: 1075 | D26: =SIGN(C26)*((N26-M26)/(L26-K26)*(ABS(C26)-K26)+M26)/J26*0.001 -> 8.01383 | E26: ='電圧データ'!$D26/'電圧データ'!$C26*$C26 -> 36.4425 | F26: =C26*E26/1000 -> 39.175688 | G26: 10 | H26: =(R26-Q26)/(P26-O26)*(G26-O26)+Q26 -> 162 | I26: =F26/(H26/60)/4.1855 -> 3.4666142 | J26: 0.5 | K26: {=INDEX('磁場データ'!$C$2:$AB$2,MATCH(ABS($C26),'磁場データ'!$C$2:$AB$2,1))} -> 1000 | L26: {=INDEX('磁場データ'!$C$2:$AB$2,MATCH(ABS($C26),'磁場データ'!$C$2:$AB$2,1)+1)} -> 1100 | M26: {=INDEX('磁場データ'!$C26:$AB26,MATCH(ABS($C26),'磁場データ'!$C$2:$AB$2,1))} -> 3733.06 | N26: {=INDEX('磁場データ'!$C26:$AB26,MATCH(ABS($C26),'磁場データ'!$C$2:$AB$2,1)+1)} -> 4098.2 | O26: {=INDEX('流量データ'!$C$2:$M$2,MATCH($G26,'流量データ'!$C$2:$M$2,1))} -> 10 | P26: {=INDEX('流量データ'!$C$2:$M$2,MATCH($G26,'流量データ'!$C$2:$M$2,1)+1)} -> 11 | Q26: {=INDEX('流量データ'!$C26:$M26,MATCH($G26,'流量データ'!$C$2:$M$2,1))} -> 162 | R26: {=INDEX('流量データ'!$C26:$M26,MATCH($G26,'流量データ'!$C$2:$M$2,1)+1)} -> 170
A27: K1.8Q11 | B27: NQ412 | C27: 846 | D27: =SIGN(C27)*((N27-M27)/(L27-K27)*(ABS(C27)-K27)+M27)/J27*0.001 -> 6.2194864 | E27: ='電圧データ'!$D27/'電圧データ'!$C27*$C27 -> 22.9266 | F27: =C27*E27/1000 -> 19.395904 | G27: 10 | H27: =(R27-Q27)/(P27-O27)*(G27-O27)+Q27 -> 63 | I27: =F27/(H27/60)/4.1855 -> 4.4134008 | J27: 0.5 | K27: {=INDEX('磁場データ'!$C$2:$AB$2,MATCH(ABS($C27),'磁場データ'!$C$2:$AB$2,1))} -> 800 | L27: {=INDEX('磁場データ'!$C$2:$AB$2,MATCH(ABS($C27),'磁場データ'!$C$2:$AB$2,1)+1)} -> 900 | M27: {=INDEX('磁場データ'!$C27:$AB27,MATCH(ABS($C27),'磁場データ'!$C$2:$AB$2,1))} -> 2939.12 | N27: {=INDEX('磁場データ'!$C27:$AB27,MATCH(ABS($C27),'磁場データ'!$C$2:$AB$2,1)+1)} -> 3310.04 | O27: {=INDEX('流量データ'!$C$2:$M$2,MATCH($G27,'流量データ'!$C$2:$M$2,1))} -> 10 | P27: {=INDEX('流量データ'!$C$2:$M$2,MATCH($G27,'流量データ'!$C$2:$M$2,1)+1)} -> 11 | Q27: {=INDEX('流量データ'!$C27:$M27,MATCH($G27,'流量データ'!$C$2:$M$2,1))} -> 63 | R27: {=INDEX('流量データ'!$C27:$M27,MATCH($G27,'流量データ'!$C$2:$M$2,1)+1)} -> 66
A28: K1.8D4 | B28: 13D389S | C28: 5600 | D28: =SIGN(C28)*((N28-M28)/(L28-K28)*(ABS(C28)-K28)+M28)/J28*0.001 -> 13.3802 | E28: ='電圧データ'!$D28/'電圧データ'!$C28*$C28 -> 156.8 | F28: =C28*E28/1000 -> 878.08 | G28: 10 | H28: =(R28-Q28)/(P28-O28)*(G28-O28)+Q28 -> 557 | I28: =F28/(H28/60)/4.1855 -> 22.598666 | J28: 1 | K28: {=INDEX('磁場データ'!$C$2:$AB$2,MATCH(ABS($C28)/5,'磁場データ'!$C$2:$AB$2,1))*5} -> 5500 | L28: {=INDEX('磁場データ'!$C$2:$AB$2,MATCH(ABS($C28)/5,'磁場データ'!$C$2:$AB$2,1)+1)*5} -> 6000 | M28: {=INDEX('磁場データ'!$C28:$AB28,MATCH(ABS($C28)/5,'磁場データ'!$C$2:$AB$2,1))} -> 13142 | N28: {=INDEX('磁場データ'!$C28:$AB28,MATCH(ABS($C28)/5,'磁場データ'!$C$2:$AB$2,1)+1)} -> 14333 | O28: {=INDEX('流量データ'!$C$2:$M$2,MATCH($G28,'流量データ'!$C$2:$M$2,1))} -> 10 | P28: {=INDEX('流量データ'!$C$2:$M$2,MATCH($G28,'流量データ'!$C$2:$M$2,1)+1)} -> 11 | Q28: {=INDEX('流量データ'!$C28:$M28,MATCH($G28,'流量データ'!$C$2:$M$2,1))} -> 557 | R28: {=INDEX('流量データ'!$C28:$M28,MATCH($G28,'流量データ'!$C$2:$M$2,1)+1)}
A29: K1.8D4副 | B29: 13D389S副 | C29: 386 | D29: =SIGN(C29)*((N29-M29)/(L29-K29)*(ABS(C29)-K29)+M29)/J29*0.001 -> 1.6156754 | E29: ='電圧データ'!$D29/'電圧データ'!$C29*$C29 -> 78.9756 | F29: =C29*E29/1000 -> 30.484582 | G29: 10 | H29: =(R29-Q29)/(P29-O29)*(G29-O29)+Q29 -> 117 | I29: =F29/(H29/60)/4.1855 -> 3.735066 | J29: 1 | K29: {=INDEX('磁場データ'!$C$2:$AB$2,MATCH(ABS($C29),'磁場データ'!$C$2:$AB$2,1))} -> 300 | L29: {=INDEX('磁場データ'!$C$2:$AB$2,MATCH(ABS($C29),'磁場データ'!$C$2:$AB$2,1)+1)} -> 400 | M29: {=INDEX('磁場データ'!$C29:$AB29,MATCH(ABS($C29),'磁場データ'!$C$2:$AB$2,1))} -> 1255.519 | N29: {=INDEX('磁場データ'!$C29:$AB29,MATCH(ABS($C29),'磁場データ'!$C$2:$AB$2,1)+1)} -> 1674.3056 | O29: {=INDEX('流量データ'!$C$2:$M$2,MATCH($G29,'流量データ'!$C$2:$M$2,1))} -> 10 | P29: {=INDEX('流量データ'!$C$2:$M$2,MATCH($G29,'流量データ'!$C$2:$M$2,1)+1)} -> 11 | Q29: {=INDEX('流量データ'!$C29:$M29,MATCH($G29,'流量データ'!$C$2:$M$2,1))} -> 117 | R29: {=INDEX('流量データ'!$C29:$M29,MATCH($G29,'流量データ'!$C$2:$M$2,1)+1)}
A30: K1.8Q12 | B30: NQ412 | C30: 883 | D30: =SIGN(C30)*((N30-M30)/(L30-K30)*(ABS(C30)-K30)+M30)/J30*0.001 -> 6.555611 | E30: ='電圧データ'!$D30/'電圧データ'!$C30*$C30 -> 23.9293 | F30: =C30*E30/1000 -> 21.129572 | G30: 10 | H30: =(R30-Q30)/(P30-O30)*(G30-O30)+Q30 -> 63 | I30: =F30/(H30/60)/4.1855 -> 4.8078848 | J30: 0.5 | K30: {=INDEX('磁場データ'!$C$2:$AB$2,MATCH(ABS($C30),'磁場データ'!$C$2:$AB$2,1))} -> 800 | L30: {=INDEX('磁場データ'!$C$2:$AB$2,MATCH(ABS($C30),'磁場データ'!$C$2:$AB$2,1)+1)} -> 900 | M30: {=INDEX('磁場データ'!$C30:$AB30,MATCH(ABS($C30),'磁場データ'!$C$2:$AB$2,1))} -> 2970 | N30: {=INDEX('磁場データ'!$C30:$AB30,MATCH(ABS($C30),'磁場データ'!$C$2:$AB$2,1)+1)} -> 3340.85 | O30: {=INDEX('流量データ'!$C$2:$M$2,MATCH($G30,'流量データ'!$C$2:$M$2,1))} -> 10 | P30: {=INDEX('流量データ'!$C$2:$M$2,MATCH($G30,'流量データ'!$C$2:$M$2,1)+1)} -> 11 | Q30: {=INDEX('流量データ'!$C30:$M30,MATCH($G30,'流量データ'!$C$2:$M$2,1))} -> 63 | R30: {=INDEX('流量データ'!$C30:$M30,MATCH($G30,'流量データ'!$C$2:$M$2,1)+1)} -> 66
A31: K1.8Q13 | B31: NQ412 | C31: 732 | D31: =SIGN(C31)*((N31-M31)/(L31-K31)*(ABS(C31)-K31)+M31)/J31*0.001 -> 5.4130696 | E31: ='電圧データ'!$D31/'電圧データ'!$C31*$C31 -> 19.8372 | F31: =C31*E31/1000 -> 14.52083 | G31: 10 | H31: =(R31-Q31)/(P31-O31)*(G31-O31)+Q31 -> 64 | I31: =F31/(H31/60)/4.1855 -> 3.2524856 | J31: 0.5 | K31: {=INDEX('磁場データ'!$C$2:$AB$2,MATCH(ABS($C31),'磁場データ'!$C$2:$AB$2,1))} -> 700 | L31: {=INDEX('磁場データ'!$C$2:$AB$2,MATCH(ABS($C31),'磁場データ'!$C$2:$AB$2,1)+1)} -> 800 | M31: {=INDEX('磁場データ'!$C31:$AB31,MATCH(ABS($C31),'磁場データ'!$C$2:$AB$2,1))} -> 2587.13 | N31: {=INDEX('磁場データ'!$C31:$AB31,MATCH(ABS($C31),'磁場データ'!$C$2:$AB$2,1)+1)} -> 2960.27 | O31: {=INDEX('流量データ'!$C$2:$M$2,MATCH($G31,'流量データ'!$C$2:$M$2,1))} -> 10 | P31: {=INDEX('流量データ'!$C$2:$M$2,MATCH($G31,'流量データ'!$C$2:$M$2,1)+1)} -> 11 | Q31: {=INDEX('流量データ'!$C31:$M31,MATCH($G31,'流量データ'!$C$2:$M$2,1))} -> 64 | R31: {=INDEX('流量データ'!$C31:$M31,MATCH($G31,'流量データ'!$C$2:$M$2,1)+1)} -> 67
A32: K1.8BRS3 | B32: SX404 | C32: 39.0625 | D32: =SIGN(C32)*((N32-M32)/(L32-K32)*(ABS(C32)-K32)+M32)/J32*0.001 -> 1.171 | E32: ='電圧データ'!$D32/'電圧データ'!$C32*$C32 -> 16.205659 | F32: =C32*E32/1000 -> 0.63303355 | G32: 10 | H32: =(R32-Q32)/(P32-O32)*(G32-O32)+Q32 -> 0 | I32: =F32/(H32/60)/4.1855 -> #DIV/0! | J32: 0.25 | K32: {=INDEX('磁場データ'!$C$2:$AB$2,MATCH(ABS($C32)*50,'磁場データ'!$C$2:$AB$2,1))/50} -> 38 | L32: {=INDEX('磁場データ'!$C$2:$AB$2,MATCH(ABS($C32)*50,'磁場データ'!$C$2:$AB$2,1)+1)/50} -> 40 | M32: {=INDEX('磁場データ'!$C32:$AB32,MATCH(ABS($C32)*50,'磁場データ'!$C$2:$AB$2,1))} -> 288.5 | N32: {=INDEX('磁場データ'!$C32:$AB32,MATCH(ABS($C32)*50,'磁場データ'!$C$2:$AB$2,1)+1)} -> 296.5 | O32: {=INDEX('流量データ'!$C$2:$M$2,MATCH($G32,'流量データ'!$C$2:$M$2,1))} -> 10 | P32: {=INDEX('流量データ'!$C$2:$M$2,MATCH($G32,'流量データ'!$C$2:$M$2,1)+1)} -> 11 | Q32: {=INDEX('流量データ'!$C32:$M32,MATCH($G32,'流量データ'!$C$2:$M$2,1))} -> 0 | R32: {=INDEX('流量データ'!$C32:$M32,MATCH($G32,'流量データ'!$C$2:$M$2,1)+1)} -> 0
A33: K1.8BRQ7 | B33: Q306 | C33: -511.11111 | D33: =SIGN(C33)*((N33-M33)/(L33-K33)*(ABS(C33)-K33)+M33)/J33*0.001 -> -4.435 | E33: ='電圧データ'!$D33/'電圧データ'!$C33*$C33 -> -21.559596 | F33: =C33*E33/1000 -> 11.019349 | G33: 10 | H33: =(R33-Q33)/(P33-O33)*(G33-O33)+Q33 -> 42.1 | I33: =F33/(H33/60)/4.1855 -> 3.7521289 | J33: 0.5 | K33: {=INDEX('磁場データ'!$C$2:$AB$2,MATCH(ABS($C33),'磁場データ'!$C$2:$AB$2,1))} -> 500 | L33: {=INDEX('磁場データ'!$C$2:$AB$2,MATCH(ABS($C33),'磁場データ'!$C$2:$AB$2,1)+1)} -> 600 | M33: {=INDEX('磁場データ'!$C33:$AB33,MATCH(ABS($C33),'磁場データ'!$C$2:$AB$2,1))} -> 2169.375 | N33: {=INDEX('磁場データ'!$C33:$AB33,MATCH(ABS($C33),'磁場データ'!$C$2:$AB$2,1)+1)} -> 2602.5 | O33: {=INDEX('流量データ'!$C$2:$M$2,MATCH($G33,'流量データ'!$C$2:$M$2,1))} -> 10 | P33: {=INDEX('流量データ'!$C$2:$M$2,MATCH($G33,'流量データ'!$C$2:$M$2,1)+1)} -> 11 | Q33: {=INDEX('流量データ'!$C33:$M33,MATCH($G33,'流量データ'!$C$2:$M$2,1))} -> 42.1 | R33: {=INDEX('流量データ'!$C33:$M33,MATCH($G33,'流量データ'!$C$2:$M$2,1)+1)}
A34: K1.8BRD4 | B34: 8D440S | C34: 1938 | D34: =SIGN(C34)*((N34-M34)/(L34-K34)*(ABS(C34)-K34)+M34)/J34*0.001 -> 17.906168 | E34: ='電圧データ'!$D34/'電圧データ'!$C34*$C34 -> 146.319 | F34: =C34*E34/1000 -> 283.56622 | G34: 10 | H34: =(R34-Q34)/(P34-O34)*(G34-O34)+Q34 -> 180 | I34: =F34/(H34/60)/4.1855 -> 22.583222 | J34: 1 | K34: {=INDEX('磁場データ'!$C$2:$AB$2,MATCH(ABS($C34),'磁場データ'!$C$2:$AB$2,1))} -> 1900 | L34: {=INDEX('磁場データ'!$C$2:$AB$2,MATCH(ABS($C34),'磁場データ'!$C$2:$AB$2,1)+1)} -> 2000 | M34: {=INDEX('磁場データ'!$C34:$AB34,MATCH(ABS($C34),'磁場データ'!$C$2:$AB$2,1))} -> 17612.604 | N34: {=INDEX('磁場データ'!$C34:$AB34,MATCH(ABS($C34),'磁場データ'!$C$2:$AB$2,1)+1)} -> 18385.14 | O34: {=INDEX('流量データ'!$C$2:$M$2,MATCH($G34,'流量データ'!$C$2:$M$2,1))} -> 10 | P34: {=INDEX('流量データ'!$C$2:$M$2,MATCH($G34,'流量データ'!$C$2:$M$2,1)+1)} -> 11 | Q34: {=INDEX('流量データ'!$C34:$M34,MATCH($G34,'流量データ'!$C$2:$M$2,1))} -> 180 | R34: {=INDEX('流量データ'!$C34:$M34,MATCH($G34,'流量データ'!$C$2:$M$2,1)+1)}
A35: K1.8BRQ8 | B35: NQ408 | C35: -120.40803 | D35: =SIGN(C35)*((N35-M35)/(L35-K35)*(ABS(C35)-K35)+M35)/J35*0.001 -> -0.732 | E35: ='電圧データ'!$D35/'電圧データ'!$C35*$C35 -> -1.7037736 | F35: =C35*E35/1000 -> 0.20514803 | G35: 10 | H35: =(R35-Q35)/(P35-O35)*(G35-O35)+Q35 -> 81 | I35: =F35/(H35/60)/4.1855 -> 0.036306654 | J35: 0.5 | K35: {=INDEX('磁場データ'!$C$2:$AB$2,MATCH(ABS($C35),'磁場データ'!$C$2:$AB$2,1))} -> 100 | L35: {=INDEX('磁場データ'!$C$2:$AB$2,MATCH(ABS($C35),'磁場データ'!$C$2:$AB$2,1)+1)} -> 200 | M35: {=INDEX('磁場データ'!$C35:$AB35,MATCH(ABS($C35),'磁場データ'!$C$2:$AB$2,1))} -> 306.671 | N35: {=INDEX('磁場データ'!$C35:$AB35,MATCH(ABS($C35),'磁場データ'!$C$2:$AB$2,1)+1)} -> 597.385 | O35: {=INDEX('流量データ'!$C$2:$M$2,MATCH($G35,'流量データ'!$C$2:$M$2,1))} -> 10 | P35: {=INDEX('流量データ'!$C$2:$M$2,MATCH($G35,'流量データ'!$C$2:$M$2,1)+1)} -> 11 | Q35: {=INDEX('流量データ'!$C35:$M35,MATCH($G35,'流量データ'!$C$2:$M$2,1))} -> 81 | R35: {=INDEX('流量データ'!$C35:$M35,MATCH($G35,'流量データ'!$C$2:$M$2,1)+1)}
A36: K1.8BRD5 | B36: 8D240S | C36: 1848.9175 | D36: =SIGN(C36)*((N36-M36)/(L36-K36)*(ABS(C36)-K36)+M36)/J36*0.001 -> 17.98134 | E36: ='電圧データ'!$D36/'電圧データ'!$C36*$C36 -> 92.533919 | F36: =C36*E36/1000 -> 171.08758 | G36: 10 | H36: =(R36-Q36)/(P36-O36)*(G36-O36)+Q36 -> 118 | I36: =F36/(H36/60)/4.1855 -> 20.784538 | J36: 1 | K36: {=INDEX('磁場データ'!$C$2:$AB$2,MATCH(ABS($C36),'磁場データ'!$C$2:$AB$2,1))} -> 1800 | L36: {=INDEX('磁場データ'!$C$2:$AB$2,MATCH(ABS($C36),'磁場データ'!$C$2:$AB$2,1)+1)} -> 1900 | M36: {=INDEX('磁場データ'!$C36:$AB36,MATCH(ABS($C36),'磁場データ'!$C$2:$AB$2,1))} -> 17590 | N36: {=INDEX('磁場データ'!$C36:$AB36,MATCH(ABS($C36),'磁場データ'!$C$2:$AB$2,1)+1)} -> 18390 | O36: {=INDEX('流量データ'!$C$2:$M$2,MATCH($G36,'流量データ'!$C$2:$M$2,1))} -> 10 | P36: {=INDEX('流量データ'!$C$2:$M$2,MATCH($G36,'流量データ'!$C$2:$M$2,1)+1)} -> 11 | Q36: {=INDEX('流量データ'!$C36:$M36,MATCH($G36,'流量データ'!$C$2:$M$2,1))} -> 118 | R36: {=INDEX('流量データ'!$C36:$M36,MATCH($G36,'流量データ'!$C$2:$M$2,1)+1)}
A37: KLD1 | B37: 6D230 | C37: 2293.8031 | D37: =SIGN(C37)*((N37-M37)/(L37-K37)*(ABS(C37)-K37)+M37)/J37*0.001 -> 20.7 | E37: ='電圧データ'!$D37/'電圧データ'!$C37*$C37 -> 117.48261 | F37: =C37*E37/1000 -> 269.48197 | G37: 10 | H37: =(R37-Q37)/(P37-O37)*(G37-O37)+Q37 -> 173 | I37: =F37/(H37/60)/4.1855 -> 22.329938 | J37: 1 | K37: {=INDEX('磁場データ'!$C$2:$AB$2,MATCH(ABS($C37),'磁場データ'!$C$2:$AB$2,1))} -> 2200 | L37: {=INDEX('磁場データ'!$C$2:$AB$2,MATCH(ABS($C37),'磁場データ'!$C$2:$AB$2,1)+1)} -> 2300 | M37: {=INDEX('磁場データ'!$C37:$AB37,MATCH(ABS($C37),'磁場データ'!$C$2:$AB$2,1))} -> 20258 | N37: {=INDEX('磁場データ'!$C37:$AB37,MATCH(ABS($C37),'磁場データ'!$C$2:$AB$2,1)+1)} -> 20729.2 | O37: {=INDEX('流量データ'!$C$2:$M$2,MATCH($G37,'流量データ'!$C$2:$M$2,1))} -> 10 | P37: {=INDEX('流量データ'!$C$2:$M$2,MATCH($G37,'流量データ'!$C$2:$M$2,1)+1)} -> 11 | Q37: {=INDEX('流量データ'!$C37:$M37,MATCH($G37,'流量データ'!$C$2:$M$2,1))} -> 173 | R37: {=INDEX('流量データ'!$C37:$M37,MATCH($G37,'流量データ'!$C$2:$M$2,1)+1)}
A38: KURAMA | B38: 20D1616 | C38: 2299.6815 | D38: =SIGN(C38)*((N38-M38)/(L38-K38)*(ABS(C38)-K38)+M38)/J38*0.001 -> 10.56 | E38: ='電圧データ'!$D38/'電圧データ'!$C38*$C38 -> 159.78822 | F38: =C38*E38/1000 -> 367.46201 | G38: 10 | H38: =(R38-Q38)/(P38-O38)*(G38-O38)+Q38 -> 240 | I38: =F38/(H38/60)/4.1855 -> 21.948513 | J38: 1 | K38: {=INDEX('磁場データ'!$C$2:$AB$2,MATCH(ABS($C38),'磁場データ'!$C$2:$AB$2,1))} -> 2200 | L38: {=INDEX('磁場データ'!$C$2:$AB$2,MATCH(ABS($C38),'磁場データ'!$C$2:$AB$2,1)+1)} -> 2300 | M38: {=INDEX('磁場データ'!$C38:$AB38,MATCH(ABS($C38),'磁場データ'!$C$2:$AB$2,1))} -> 10247 | N38: {=INDEX('磁場データ'!$C38:$AB38,MATCH(ABS($C38),'磁場データ'!$C$2:$AB$2,1)+1)} -> 10561 | O38: {=INDEX('流量データ'!$C$2:$M$2,MATCH($G38,'流量データ'!$C$2:$M$2,1))} -> 10 | P38: {=INDEX('流量データ'!$C$2:$M$2,MATCH($G38,'流量データ'!$C$2:$M$2,1)+1)} -> 11 | Q38: {=INDEX('流量データ'!$C38:$M38,MATCH($G38,'流量データ'!$C$2:$M$2,1))} -> 240 | R38: {=INDEX('流量データ'!$C38:$M38,MATCH($G38,'流量データ'!$C$2:$M$2,1)+1)}

Sheet 磁場データ
A1: 要素名 | B1: 型式 | C1: 励磁特性 [A]vs[G]
C2: 0 | D2: 100 | E2: 200 | F2: 300 | G2: 400 | H2: 500 | I2: 600 | J2: 700 | K2: 800 | L2: 900 | M2: 1000 | N2: 1100 | O2: 1200 | P2: 1300 | Q2: 1400 | R2: 1500 | S2: 1600 | T2: 1700 | U2: 1800 | V2: 1900 | W2: 2000 | X2: 2100 | Y2: 2200 | Z2: 2300 | AA2: 2400 | AB2: 2500
A3: ='電流表'!A3 -> K1.8D1 | B3: ='電流表'!B3 -> 5C216SMIC | C3: 8.5437136 | D3: 1853.1723 | E3: 3632.4127 | F3: 5399.2945 | G3: 7217.0066 | H3: 8949.2009 | I3: 10437.722 | J3: 11568.646 | K3: 12493.096 | L3: 13231.266 | M3: 13783.558 | N3: 14240.07 | O3: 14643.964
A4: ='電流表'!A4 -> K1.8Q1 | B4: ='電流表'!B4 -> NQ312MIC | C4: 1.2001579 | D4: 430.26299 | E4: 862.0256 | F4: 1292.5819 | G4: 1722.2787 | H4: 2148.4075 | I4: 2570.7123 | J4: 2943.3139 | K4: 3215.4009 | L4: 3432.6484 | M4: 3614.0101 | N4: 3766.3373 | O4: 3891.8247
A5: ='電流表'!A5 -> K1.8Q2 | B5: ='電流表'!B5 -> Q416MIC | C5: 2.8884353 | D5: 289.69524 | E5: 578.24741 | F5: 869.92702 | G5: 1161.2028 | H5: 1450.9843 | I5: 1739.0393 | J5: 2029.043 | K5: 2318.9133 | L5: 2611.0532 | M5: 2899.7264 | N5: 3181.439 | O5: 3433.2118 | P5: 3660.569 | Q5: 3866.2728 | R5: 4055.0051 | S5: 4225.0075 | T5: 4369.3549 | U5: 4486.0044 | V5: 4581.3475 | W5: 4667.437 | X5: 4745.1405 | Y5: 4819.9205 | Z5: 4892.0862 | AA5: 4960.2137 | AB5: 5027.7338
A6: ='電流表'!A6 -> K1.8D2 | B6: ='電流表'!B6 -> 8D218SMIC | C6: 17.032769 | D6: 1273.3348 | E6: 2530.7716 | F6: 3782.3365 | G6: 5031.9455 | H6: 6287.3909 | I6: 7539.0517 | J6: 8792.3737 | K6: 10028.584 | L6: 11276.013 | M6: 12490.807 | N6: 13647.713 | O6: 14710.859 | P6: 15692.49 | Q6: 16604.222 | R6: 17449.988 | S6: 18222.703 | T6: 18925.173 | U6: 19514.592 | V6: 20051.975 | W6: 20539.22 | X6: 20979.939 | Y6: 21400.104 | Z6: 21780.211 | AA6: 22143.372 | AB6: 22489.353
A7: ='電流表'!A7 -> K1.8Q3 | B7: ='電流表'!B7 -> Q410 | C7: 0.1411066 | D7: 299.95968 | E7: 601.12393 | F7: 905.85829 | G7: 1207.3984 | H7: 1511.3695 | I7: 1814.5871 | J7: 2117.9942 | K7: 2421.6524 | L7: 2723.8515 | M7: 3028.0094 | N7: 3330.9542 | O7: 3635.175 | P7: 3939.0108 | Q7: 4242.1637 | R7: 4539.4049 | S7: 4830.1645 | T7: 5103.6148 | U7: 5357.4902 | V7: 5601.4887 | W7: 5836.4282 | X7: 6053.7747 | Y7: 6263.8958
A8: ='電流表'!A8 -> K1.8O1 | B8: ='電流表'!B8 -> O503 | C8: 0.25 | D8: 240.25 | E8: 459.75
A9: ='電流表'!A9 -> K1.8Q4 | B9: ='電流表'!B9 -> Q410 | C9: 1.0169382 | D9: 304.33154 | E9: 601.62426 | F9: 905.36908 | G9: 1207.7147 | H9: 1512.088 | I9: 1813.3237 | J9: 2116.1857 | K9: 2418.8034 | L9: 2721.4112 | M9: 3025.0489 | N9: 3329.0465 | O9: 3631.2978 | P9: 3934.9479 | Q9: 4238.076 | R9: 4535.3916 | S9: 4823.8471 | T9: 5094.8079 | U9: 5353.4026 | V9: 5597.1412 | W9: 5826.2097 | X9: 6045.6869 | Y9: 6255.2633
A10: ='電流表'!A10 -> K1.8S1 | B10: ='電流表'!B10 -> SX504 | C10: -1.9435079 | D10: 175.94083 | E10: 353.25364 | F10: 529.23523 | G10: 702.97845 | H10: 870.68333 | I10: 996.40589 | J10: 1087.9539 | K10: 1157.9035 | L10: 1210.6755 | M10: 1249.6582
A11: ='電流表'!A11 -> K1.8CM1 | B11: ='電流表'!B11 -> 4D604V | C11: 11 | D11: 479 | E11: 949 | F11: 1414 | G11: 1870 | H11: 2256 | I11: 2593 | J11: 2912 | K11: 3211 | L11: 3489 | M11: 3761 | N11: 4026 | O11: 4290 | P11: 4551
A12: ='電流表'!A12 -> K1.8CM2 | B12: ='電流表'!B12 -> 4D604V | C12: 11 | D12: 479 | E12: 948 | F12: 1412 | G12: 1867 | H12: 2249 | I12: 2585 | J12: 2902 | K12: 3199 | L12: 3475 | M12: 3745 | N12: 4011 | O12: 4274 | P12: 4535
A13: ='電流表'!A13 -> K1.8S2 | B13: ='電流表'!B13 -> SX504 | C13: 2.4604608 | D13: 188.25488 | E13: 371.93911 | F13: 554.40992 | G13: 734.38142 | H13: 899.81025 | I13: 1014.6934 | J13: 1097.6839 | K13: 1162.4943 | L13: 1210.7442 | M13: 1250.1797
A14: ='電流表'!A14 -> K1.8Q5 | B14: ='電流表'!B14 -> NQ510 | C14: 3.2516106 | D14: 425.06186 | E14: 849.00329 | F14: 1271.079 | G14: 1693.0345 | H14: 2117.6598 | I14: 2540.9043 | J14: 2960.5109 | K14: 3379.7853 | L14: 3795.7643 | M14: 4205.5101 | N14: 4593.1771 | O14: 4945.7831
A15: ='電流表'!A15 -> K1.8Q6 | B15: ='電流表'!B15 -> NQ610 | C15: 4.2973685 | D15: 433.48031 | E15: 865.25625 | F15: 1293.1403 | G15: 1725.7714 | H15: 2152.4692 | I15: 2579.6455 | J15: 3006.8914 | K15: 3431.05 | L15: 3854.5113 | M15: 4274.1556 | N15: 4678.0374 | O15: 5052.0447 | P15: 5387.2309 | Q15: 5697.1667 | R15: 5983.6493 | S15: 6248.7604 | T15: 6490.2234
A16: ='電流表'!A16 -> K1.8D3 | B16: ='電流表'!B16 -> 6D330S | C16: 6.2102039 | D16: 3392.1479 | E16: 6730.4041 | F16: 10063.051 | G16: 13226.63 | H16: 16010.558 | I16: 18267.842 | J16: 19835.082 | K16: 20885.177 | L16: 21736.111 | M16: 22472.059
A17: ='電流表'!A17 -> K1.8Q7 | B17: ='電流表'!B17 -> NQ408 | C17: 14.1727 | D17: 306.511 | E17: 596.978 | F17: 883.709 | G17: 1176.03 | H17: 1468.19 | I17: 1758.45 | J17: 2041.58 | K17: 2317.55 | L17: 2543.19 | M17: 2725.52 | N17: 2885.37 | O17: 3025.87 | P17: 3149.89 | Q17: 3257.44 | R17: 3351.09 | S17: 3430.05 | T17: 3497.89 | U17: 3558.29 | V17: 3614.83 | W17: 3667.83
A18: ='電流表'!A18 -> K1.8O2 | B18: ='電流表'!B18 -> O603 | C18: 0.25 | D18: 111 | E18: 221.625 | F18: 331.875 | G18: 437.125 | H18: 514.75
A19: ='電流表'!A19 -> K1.8S3 | B19: ='電流表'!B19 -> SX604 | C19: 1 | D19: 170 | E19: 341 | F19: 510 | G19: 678 | H19: 844 | I19: 988 | J19: 1098 | K19: 1186 | L19: 1252 | M19: 1302
A20: ='電流表'!A20 -> K1.8CM3 | B20: ='電流表'!B20 -> 4D604V | C20: 11 | D20: 479 | E20: 949 | F20: 1414 | G20: 1870 | H20: 2256 | I20: 2593 | J20: 2912 | K20: 3211 | L20: 3489 | M20: 3761 | N20: 4026 | O20: 4290 | P20: 4551
A21: ='電流表'!A21 -> K1.8CM4 | B21: ='電流表'!B21 -> 4D604V | C21: 11 | D21: 479 | E21: 949 | F21: 1414 | G21: 1870 | H21: 2256 | I21: 2593 | J21: 2912 | K21: 3211 | L21: 3489 | M21: 3761 | N21: 4026 | O21: 4290 | P21: 4551
A22: ='電流表'!A22 -> K1.8S4 | B22: ='電流表'!B22 -> SX604 | C22: 1 | D22: 171 | E22: 344 | F22: 514 | G22: 683 | H22: 850 | I22: 995 | J22: 1105 | K22: 1194 | L22: 1260 | M22: 1311
A23: ='電流表'!A23 -> K1.8Q8 | B23: ='電流表'!B23 -> NQ512 | C23: 13.9014 | D23: 391.441 | E23: 758.432 | F23: 1132.68 | G23: 1502.06 | H23: 1879.73 | I23: 2250.36 | J23: 2628.87 | K23: 3005.28 | L23: 3384.21 | M23: 3761.88 | N23: 4111.37 | O23: 4429.99 | P23: 4711.11 | Q23: 4968.04 | R23: 5200.43 | S23: 5403.01 | T23: 5563.74 | U23: 5689.15 | V23: 5798.69 | W23: 5897.28
A24: ='電流表'!A24 -> K1.8O3 | B24: ='電流表'!B24 -> O603 | C24: 0.25 | D24: 110.875 | E24: 221.5 | F24: 331.75 | G24: 436.875 | H24: 514.625
A25: ='電流表'!A25 -> K1.8Q9 | B25: ='電流表'!B25 -> NQ518 | C25: 19.3283 | D25: 390.281 | E25: 758.938 | F25: 1128.16 | G25: 1498.15 | H25: 1871.59 | I25: 2244.47 | J25: 2623.06 | K25: 2999.03 | L25: 3380.15 | M25: 3757.32 | N25: 4136.24 | O25: 4487.97 | P25: 4807.96 | Q25: 5100.3 | R25: 5369.43 | S25: 5614.89 | T25: 5830.65 | U25: 6006.42 | V25: 6145.78 | W25: 6266.69
A26: ='電流表'!A26 -> K1.8Q10 | B26: ='電流表'!B26 -> NQ418 | C26: 16.8862 | D26: 381.894 | E26: 748.541 | F26: 1114.4 | G26: 1479.67 | H26: 1855.52 | I26: 2224.7 | J26: 2600.35 | K26: 2974.33 | L26: 3355.02 | M26: 3733.06 | N26: 4098.2 | O26: 4429.13 | P26: 4731.17 | Q26: 5008.03 | R26: 5260.21 | S26: 5486.14 | T26: 5675.14 | U26: 5826.84 | V26: 5957.01 | W26: 6071.68
A27: ='電流表'!A27 -> K1.8Q11 | B27: ='電流表'!B27 -> NQ412 | C27: 13.0997 | D27: 377.541 | E27: 740.093 | F27: 1101.49 | G27: 1466.14 | H27: 1831.6 | I27: 2196.03 | J27: 2566.8 | K27: 2939.12 | L27: 3310.04 | M27: 3678.87 | N27: 4024.07 | O27: 4324.37 | P27: 4603.3 | Q27: 4850.66 | R27: 5073.97 | S27: 5264.77 | T27: 5414.69 | U27: 5538.9 | V27: 5649.56 | W27: 5748.04
A28: ='電流表'!A28 -> K1.8D4 | B28: ='電流表'!B28 -> 13D389S | C28: 6.7092692 | D28: 1200.9991 | E28: 2392.8522 | F28: 3593.851 | G28: 4791.2201 | H28: 5993.7285 | I28: 7184.8828 | J28: 8384.0617 | K28: 9574.7897 | L28: 10762 | M28: 11952 | N28: 13142 | O28: 14333 | P28: 15387 | Q28: 16441 | R28: 17496 | S28: 18550
A29: ='電流表'!A29 -> K1.8D4副 | B29: ='電流表'!B29 -> 13D389S副 | C29: 7.7234675 | D29: 422.00931 | E29: 838.29495 | F29: 1255.519 | G29: 1674.3056 | H29: 2093.5545 | I29: 2512.7606 | J29: 2932.7509 | K29: 3352.9667 | L29: 3772.7736 | M29: 4192.2186
A30: ='電流表'!A30 -> K1.8Q12 | B30: ='電流表'!B30 -> NQ412 | C30: 14.4071 | D30: 381.45 | E30: 746.827 | F30: 1112.73 | G30: 1479.67 | H30: 1851.56 | I30: 2219.12 | J30: 2594.61 | K30: 2970 | L30: 3340.85 | M30: 3712.98 | N30: 4053.25 | O30: 4357.61 | P30: 4631.61 | Q30: 4878.34 | R30: 5097.35 | S30: 5281.74 | T30: 5426.13 | U30: 5549.1 | V30: 5657.06 | W30: 5754.43
A31: ='電流表'!A31 -> K1.8Q13 | B31: ='電流表'!B31 -> NQ412 | C31: 16.6025 | D31: 379.354 | E31: 742.584 | F31: 1107.89 | G31: 1476.05 | H31: 1846.45 | I31: 2212.9 | J31: 2587.13 | K31: 2960.27 | L31: 3333.64 | M31: 3706.83 | N31: 4048.7 | O31: 4353.3 | P31: 4626.07 | Q31: 4877.73 | R31: 5098.33 | S31: 5282.35 | T31: 5427.85 | U31: 5549.23 | V31: 5658.78 | W31: 5757.51
A32: ='電流表'!A32 -> K1.8BRS3 | B32: ='電流表'!B32 -> SX404 | C32: 1 | D32: 16 | E32: 32 | F32: 47 | G32: 62.5 | H32: 78 | I32: 93.5 | J32: 109 | K32: 125 | L32: 140.5 | M32: 156 | N32: 171.5 | O32: 187 | P32: 202.5 | Q32: 218.5 | R32: 234 | S32: 250 | T32: 265.5 | U32: 281 | V32: 288.5 | W32: 296.5 | X32: 312.5
A33: ='電流表'!A33 -> K1.8BRQ7 | B33: ='電流表'!B33 -> Q306 | C33: 3.75 | D33: 433.125 | E33: 868.125 | F33: 1301.25 | G33: 1734.375 | H33: 2169.375 | I33: 2602.5 | J33: 3030 | K33: 3457.5 | L33: 3873.75 | M33: 4267.5 | N33: 4620
A34: ='電流表'!A34 -> K1.8BRD4 | B34: ='電流表'!B34 -> 8D440S | C34: 797.7 | D34: 1432.1136 | E34: 2148.2963 | F34: 2933.7587 | G34: 3776.7545 | H34: 4666.2806 | I34: 5592.0774 | J34: 6544.6284 | K34: 7515.1602 | L34: 8495.643 | M34: 9478.79 | N34: 10458.058 | O34: 11427.646 | P34: 12382.498 | Q34: 13318.3 | R34: 14231.481 | S34: 15119.214 | T34: 15979.416 | U34: 16810.745 | V34: 17612.604 | W34: 18385.14 | X34: 19129.241 | Y34: 19846.539 | Z34: 20539.41 | AA34: 21210.973 | AB34: 21865.091
A35: ='電流表'!A35 -> K1.8BRQ8 | B35: ='電流表'!B35 -> NQ408 | C35: 13.6424 | D35: 306.671 | E35: 597.385 | F35: 887.742 | G35: 1177.16 | H35: 1468.72 | I35: 1758.56 | J35: 2042.21 | K35: 2317.28 | L35: 2543.3 | M35: 2726.51 | N35: 2885.73 | O35: 3025.75 | P35: 3149.4 | Q35: 3257.59 | R35: 3350.19 | S35: 3428.63 | T35: 3495.81 | U35: 3555.94 | V35: 3612.46 | W35: 3665.07
A36: ='電流表'!A36 -> K1.8BRD5 | B36: ='電流表'!B36 -> 8D240S | C36: 0 | E36: 1990 | G36: 3980 | I36: 5970 | K36: 7950 | M36: 9940 | O36: 11910 | Q36: 13870 | R36: 14850 | S36: 15780 | T36: 16710 | U36: 17590 | V36: 18390 | W36: 19150 | X36: 19830
A37: ='電流表'!A37 -> KLD1 | B37: ='電流表'!B37 -> 6D230 | C37: 62.707 | D37: 1019.96 | E37: 2056.59 | F37: 3089.82 | G37: 4128.24 | H37: 5182.97 | I37: 6246.05 | J37: 7314.78 | K37: 8370.76 | L37: 9432.91 | M37: 10495.6 | N37: 11547.5 | O37: 12595.7 | P37: 13600.5 | Q37: 14520.9 | R37: 15391.2 | S37: 16215.2 | T37: 16999.8 | U37: 17738.1 | V37: 18448.2 | W37: 19110.6 | X37: 19724.1 | Y37: 20258 | Z37: 20729.2
A38: ='電流表'!A38 -> KURAMA | B38: ='電流表'!B38 -> 20D1616 | C38: 0 | D38: 533 | E38: 1082 | F38: 1624 | G38: 2160 | H38: 2695 | I38: 3231 | J38: 3767 | K38: 4299 | L38: 4834 | M38: 5361 | N38: 5873 | O38: 6364 | P38: 6828 | Q38: 7275 | R38: 7697 | S38: 8109 | T38: 8507 | U38: 8381 | V38: 7245 | W38: 9591 | X38: 9927 | Y38: 10247 | Z38: 10561
C40: ※K1.8BRS3は2Aピッチ
C41: ※K1.8BRD4はフィットした式からの計算値
C42: ※K1.8D4主は500Aピッチ、4000Aより上は計算値
C43: K1.8CM3,CM4はK1.8CM1のデータ

Sheet 電圧データ
A1: 要素名 | B1: 型式 | C1: 電流 | D1: 電圧
C2: [A] | D2: [V]
A3: ='電流表'!A3 -> K1.8D1 | B3: ='電流表'!B3 -> 5C216SMIC | C3: 1200 | D3: 94.3
A4: ='電流表'!A4 -> K1.8Q1 | B4: ='電流表'!B4 -> NQ312MIC | C4: 1200 | D4: 69.79
A5: ='電流表'!A5 -> K1.8Q2 | B5: ='電流表'!B5 -> Q416MIC | C5: 2300 | D5: 61.2
A6: ='電流表'!A6 -> K1.8D2 | B6: ='電流表'!B6 -> 8D218SMIC | C6: 2300 | D6: 151.5
A7: ='電流表'!A7 -> K1.8Q3 | B7: ='電流表'!B7 -> Q410 | C7: 2200 | D7: 104.4
A8: ='電流表'!A8 -> K1.8O1 | B8: ='電流表'!B8 -> O503 | C8: 250 | D8: 45.2
A9: ='電流表'!A9 -> K1.8Q4 | B9: ='電流表'!B9 -> Q410 | C9: 2200 | D9: 104.2
A10: ='電流表'!A10 -> K1.8S1 | B10: ='電流表'!B10 -> SX504 | C10: 1000 | D10: 30.2
A11: ='電流表'!A11 -> K1.8CM1 | B11: ='電流表'!B11 -> 4D604V | C11: 1210 | D11: 48.5
A12: ='電流表'!A12 -> K1.8CM2 | B12: ='電流表'!B12 -> 4D604V | C12: 1210 | D12: 48.4
A13: ='電流表'!A13 -> K1.8S2 | B13: ='電流表'!B13 -> SX504 | C13: 1000 | D13: 32
A14: ='電流表'!A14 -> K1.8Q5 | B14: ='電流表'!B14 -> NQ510 | C14: 1400 | D14: 77.1
... A38: ='電流表'!A38 -> KURAMA | B38: ='電流表'!B38 -> 20D1616 | C38: 2320 | D38: 161.2

Sheet 流量データ
A1: 要素名 | B1: 型式 | C1: 流量特性 [kg/cm2]vs[l/min]
C2: 1 | D2: 2 | E2: 3 | F2: 4 | G2: 5 | H2: 6 | I2: 7 | J2: 8 | K2: 9 | L2: 10 | M2: 11 | N2: 12 | O2: 13
A3: ='電流表'!A3 -> K1.8D1 | B3: ='電流表'!B3 -> 5C216SMIC | C3: 32.662748 | D3: 48.536656 | E3: 61.191829 | F3: 72.125194 | G3: 81.933998 | H3: 90.930708 | I3: 99.303803 | J3: 107.17763 | K3: 114.63946 | L3: 121.75345 | N3: 75
A4: ='電流表'!A4 -> K1.8Q1 | B4: ='電流表'!B4 -> NQ312MIC | C4: 34 | D4: 51 | E4: 64 | F4: 76 | G4: 86 | H4: 96 | I4: 104 | J4: 113 | K4: 121 | L4: 128
A5: ='電流表'!A5 -> K1.8Q2 | B5: ='電流表'!B5 -> Q416MIC | C5: 8 | D5: 16 | E5: 21 | F5: 24 | G5: 27 | H5: 30 | I5: 33 | J5: 36 | K5: 39 | L5: 41 | M5: 43
A6: ='電流表'!A6 -> K1.8D2 | B6: ='電流表'!B6 -> 8D218SMIC | C6: 30 | D6: 48 | E6: 62 | F6: 74 | G6: 84 | H6: 94 | I6: 103 | J6: 111 | K6: 119 | L6: 125 | M6: 132
A7: ='電流表'!A7 -> K1.8Q3 | B7: ='電流表'!B7 -> Q410 | C7: 18 | D7: 33 | E7: 47 | F7: 57 | G7: 65 | H7: 73 | I7: 80 | J7: 86 | K7: 92 | L7: 98 | M7: 104
A8: ='電流表'!A8 -> K1.8O1 | B8: ='電流表'!B8 -> O503 | G8: 3.85 | L8: 5.4
A9: ='電流表'!A9 -> K1.8Q4 | B9: ='電流表'!B9 -> Q410 | C9: 18 | D9: 37 | E9: 48 | F9: 57 | G9: 65 | H9: 73 | I9: 80 | J9: 87 | K9: 94 | L9: 100 | M9: 105
A10: ='電流表'!A10 -> K1.8S1 | B10: ='電流表'!B10 -> SX504 | G10: 12 | L10: 18.4
A11: ='電流表'!A11 -> K1.8CM1 | B11: ='電流表'!B11 -> 4D604V | C11: 6 | D11: 10 | E11: 14 | F11: 17 | G11: 19 | H11: 22 | I11: 24 | J11: 26 | K11: 28 | L11: 30 | M11: 31 | N11: 33
A12: ='電流表'!A12 -> K1.8CM2 | B12: ='電流表'!B12 -> 4D604V | C12: 7 | D12: 10 | E12: 14 | F12: 16 | G12: 20 | H12: 21 | I12: 24 | J12: 26 | K12: 28 | L12: 30 | M12: 32 | N12: 33 | O12: 37
A13: ='電流表'!A13 -> K1.8S2 | B13: ='電流表'!B13 -> SX504 | D13: 1 | E13: 3 | F13: 5 | G13: 7 | H13: 9 | I13: 11 | J13: 13 | K13: 14 | L13: 15 | M13: 16
A14: ='電流表'!A14 -> K1.8Q5 | B14: ='電流表'!B14 -> NQ510 | C14: 18 | D14: 32 | E14: 42 | F14: 52 | G14: 61 | H14: 69 | I14: 75 | J14: 81 | K14: 87 | L14: 92
A15: ='電流表'!A15 -> K1.8Q6 | B15: ='電流表'!B15 -> NQ610 | C15: 21 | D15: 40 | E15: 52 | F15: 61 | G15: 69 | H15: 76 | I15: 83 | J15: 90 | K15: 97 | L15: 103 | M15: 108
A16: ='電流表'!A16 -> K1.8D3 | B16: ='電流表'!B16 -> 6D330S | C16: 24 | D16: 38 | E16: 50 | F16: 59 | G16: 68 | H16: 77 | I16: 84 | J16: 91 | K16: 97 | L16: 103 | M16: 108
A17: ='電流表'!A17 -> K1.8Q7 | B17: ='電流表'!B17 -> NQ408 | C17: 28 | D17: 33 | E17: 40 | F17: 48 | G17: 54 | H17: 59 | I17: 64 | J17: 68 | K17: 72 | L17: 75 | M17: 83
A18: ='電流表'!A18 -> K1.8O2 | B18: ='電流表'!B18 -> O603 | G18: 6.95 | L18: 10.5
A19: ='電流表'!A19 -> K1.8S3 | B19: ='電流表'!B19 -> SX604 | G19: 13.4 | L19: 19.6
A20: ='電流表'!A20 -> K1.8CM3 | B20: ='電流表'!B20 -> 4D604V | C20: 8.9 | D20: 13.8 | E20: 17 | F20: 19.9 | G20: 22.5 | H20: 24.9 | I20: 27 | J20: 29 | K20: 30.8 | L20: 32.8 | N20: 36.4
A21: ='電流表'!A21 -> K1.8CM4 | B21: ='電流表'!B21 -> 4D604V | C21: 9.4 | D21: 13.9 | E21: 17.2 | F21: 20.3 | G21: 22.9 | H21: 25.3 | I21: 27.8 | J21: 30.1 | K21: 31.6 | L21: 33.6 | N21: 37.2
A22: ='電流表'!A22 -> K1.8S4 | B22: ='電流表'!B22 -> SX604 | G22: 13.5 | L22: 19.6
A23: ='電流表'!A23 -> K1.8Q8 | B23: ='電流表'!B23 -> NQ512 | G23: 84 | L23: 158
A24: ='電流表'!A24 -> K1.8O3 | B24: ='電流表'!B24 -> O603 | G24: 7 | L24: 10.5
A25: ='電流表'!A25 -> K1.8Q9 | B25: ='電流表'!B25 -> NQ518 | C25: 20 | D25: 41 | E25: 54 | F25: 69 | G25: 82 | H25: 93 | I25: 103 | J25: 113 | K25: 120 | L25: 128 | M25: 136 | N25: 142 | O25: 149
A26: ='電流表'!A26 -> K1.8Q10 | B26: ='電流表'!B26 -> NQ418 | C26: 58 | D26: 76 | E26: 92 | F26: 106 | G26: 118 | H26: 129 | I26: 134 | J26: 144 | K26: 154 | L26: 162 | M26: 170 | N26: 178
A27: ='電流表'!A27 -> K1.8Q11 | B27: ='電流表'!B27 -> NQ412 | C27: 16 | D27: 22 | E27: 29 | F27: 36 | G27: 42 | H27: 46 | I27: 51 | J27: 55 | K27: 58 | L27: 63 | M27: 66 | N27: 69 | O27: 73
A28: ='電流表'!A28 -> K1.8D4 | B28: ='電流表'!B28 -> 13D389S | C28: 141 | D28: 231 | E28: 293 | F28: 344 | G28: 389 | H28: 433 | I28: 469 | J28: 502 | K28: 530 | L28: 557
A29: ='電流表'!A29 -> K1.8D4副 | B29: ='電流表'!B29 -> 13D389S副 | C29: 26 | D29: 42 | E29: 56 | F29: 67 | G29: 77 | H29: 86 | I29: 94 | J29: 101 | K29: 109 | L29: 117
A30: ='電流表'!A30 -> K1.8Q12 | B30: ='電流表'!B30 -> NQ412 | C30: 16 | D30: 22 | E30: 29 | F30: 36 | G30: 42 | H30: 46 | I30: 51 | J30: 55 | K30: 58 | L30: 63 | M30: 66 | N30: 69 | O30: 73
A31: ='電流表'!A31 -> K1.8Q13 | B31: ='電流表'!B31 -> NQ412 | C31: 14 | D31: 23 | E31: 30 | F31: 37 | G31: 42 | H31: 47 | I31: 52 | J31: 56 | K31: 60 | L31: 64 | M31: 67 | N31: 71 | O31: 74
A32: ='電流表'!A32 -> K1.8BRS3 | B32: ='電流表'!B32 -> SX404 | C32: 0 | D32: 0 | E32: 0 | F32: 0 | G32: 0 | H32: 0 | I32: 0 | J32: 0 | K32: 0 | L32: 0 | M32: 0 | N32: 0 | O32: 0
A33: ='電流表'!A33 -> K1.8BRQ7 | B33: ='電流表'!B33 -> Q306 | G33: 29.4 | L33: 42.1
A34: ='電流表'!A34 -> K1.8BRD4 | B34: ='電流表'!B34 -> 8D440S | L34: 180
A35: ='電流表'!A35 -> K1.8BRQ8 | B35: ='電流表'!B35 -> NQ408 | C35: 27 | D35: 36 | E35: 43 | F35: 49 | G35: 56 | H35: 63 | I35: 67 | J35: 72 | K35: 77 | L35: 81
A36: ='電流表'!A36 -> K1.8BRD5 | B36: ='電流表'!B36 -> 8D240S | C36: 34 | D36: 50 | E36: 60 | F36: 70 | G36: 80 | H36: 90 | I36: 98 | J36: 106 | K36: 114 | L36: 118
A37: ='電流表'!A37 -> KLD1 | B37: ='電流表'!B37 -> 6D230 | C37: 54 | D37: 76 | E37: 92 | F37: 107 | G37: 120 | H37: 132 | I37: 143 | J37: 155 | K37: 165 | L37: 173
A38: ='電流表'!A38 -> KURAMA | B38: ='電流表'!B38 -> 20D1616 | G38: 173.9 | L38: 240
C40: ※K1.8D1,Q1は式からの計算値

Sheet K1.8D1
A1: K1.8D1 | B1: 5C216SMIC
A2: Half Gap=4cm
A3: Half Width=20cm
A5: I/100 [A] | B5: B [kG] | C5: B [kG] | D5: f(x) | E5: f(x)-Y | F5: Z
A6: 0 | B6: 0.0085 | C6: =B6 -> 0.0085 | D6: =$B$22+$B$23*$A6+$B$24*$A6^2+$B$25*$A6^3 -> -0.11315258 | E6: =$D6-$C6 -> -0.12165258 | F6: =$E6^2 -> 0.014799351
A7: 1 | B7: 1.8532 | C7: =B7 -> 1.8532 | D7: =$B$22+$B$23*$A7+$B$24*$A7^2+$B$25*$A7^3 -> 1.8700728 | E7: =$D7-$C7 -> 0.016872753 | F7: =$E7^2 -> 0.0002846898
A8: 2 | B8: 3.6324 | C8: =B8 -> 3.6324 | D8: =$B$22+$B$23*$A8+$B$24*$A8^2+$B$25*$A8^3 -> 3.7719585 | E8: =$D8-$C8 -> 0.13955854 | F8: =$E8^2 -> 0.019476586
A9: 3 | B9: 5.3993 | C9: =B9 -> 5.3993 | D9: =$B$22+$B$23*$A9+$B$24*$A9^2+$B$25*$A9^3 -> 5.5750219 | E9: =$D9-$C9 -> 0.17572191 | F9: =$E9^2 -> 0.03087819
A10: 4 | B10: 7.217 | C10: =B10 -> 7.217 | D10: =$B$22+$B$23*$A10+$B$24*$A10^2+$B$25*$A10^3 -> 7.26178 | E10: =$D10-$C10 -> 0.044779993 | F10: =$E10^2 -> 0.0020052478
A11: 5 | B11: 8.9492 | C11: =B11 -> 8.9492 | D11: =$B$22+$B$23*$A11+$B$24*$A11^2+$B$25*$A11^3 -> 8.8147499 | E11: =$D11-$C11 -> -0.13445008 | F11: =$E11^2 -> 0.018076823
A12: 6 | B12: 10.4377 | C12: =B12 -> 10.4377 | D12: =$B$22+$B$23*$A12+$B$24*$A12^2+$B$25*$A12^3 -> 10.216449 | E12: =$D12-$C12 -> -0.22125117 | F12: =$E12^2 -> 0.04895208
A13: 7 | B13: 11.5686 | C13: =B13 -> 11.5686 | D13: =$B$22+$B$23*$A13+$B$24*$A13^2+$B$25*$A13^3 -> 11.449394 | E13: =$D13-$C13 -> -0.11920615 | F13: =$E13^2 -> 0.014210106
A14: 8 | B14: 12.4931 | C14: =B14 -> 12.4931 | D14: =$B$22+$B$23*$A14+$B$24*$A14^2+$B$25*$A14^3 -> 12.496102 | E14: =$D14-$C14 -> 0.0030021096 | F14: =$E14^2 -> 9.0126621e-06
A15: 9 | B15: 13.2313 | C15: =B15 -> 13.2313 | D15: =$B$22+$B$23*$A15+$B$24*$A15^2+$B$25*$A15^3 -> 13.339091 | E15: =$D15-$C15 -> 0.10779074 | F15: =$E15^2 -> 0.011618845
A16: 10 | B16: 13.7836 | C16: =B16 -> 13.7836 | D16: =$B$22+$B$23*$A16+$B$24*$A16^2+$B$25*$A16^3 -> 13.960877 | E16: =$D16-$C16 -> 0.17727688 | F16: =$E16^2 -> 0.031427094
A17: 11 | B17: 14.2401 | C17: =B17 -> 14.2401 | D17: =$B$22+$B$23*$A17+$B$24*$A17^2+$B$25*$A17^3 -> 14.343978 | E17: =$D17-$C17 -> 0.10387766 | F17: =$E17^2 -> 0.010790569
A18: 12 | B18: 14.644 | C18: =B18 -> 14.644 | D18: =$B$22+$B$23*$A18+$B$24*$A18^2+$B$25*$A18^3 -> 14.47091 | E18: =$D18-$C18 -> -0.17308979 | F18: =$E18^2 -> 0.029960074
F19: =SUM(F6:F18) -> 0.23248867
A21: f(x)=P0+P1*x+P2*x^2+P3*x^3
A22: P0 | B22: -0.11315258
A23: P1 | B23: 2.0180675
A24: P2 | B24: -0.031928341
A25: P3 | B25: -0.0029138113
A28: I/100 [A] | B28: B [kG] | C28: BatPole [kG] | D28: f(x) | E28: f(x)-Y | F28: Z
A29: 0 | B29: 0.0085 | C29: =B29 -> 0.0085 | D29: =$B$45+$B$46*$C29+$B$47*$C29^2+$B$48*$C29^3 -> -0.17134188 | E29: =$D29-$A29 -> -0.17134188 | F29: =$E29^2 -> 0.029358041
A30: 1 | B30: 1.8532 | C30: =B30 -> 1.8532 | D30: =$B$45+$B$46*$C30+$B$47*$C30^2+$B$48*$C30^3 -> 1.2135114 | E30: =$D30-$A30 -> 0.21351136 | F30: =$E30^2 -> 0.045587099
A31: 2 | B31: 3.6324 | C31: =B31 -> 3.6324 | D31: =$B$45+$B$46*$C31+$B$47*$C31^2+$B$48*$C31^3 -> 2.1769547 | E31: =$D31-$A31 -> 0.17695467 | F31: =$E31^2 -> 0.031312956
A32: 3 | B32: 5.3993 | C32: =B32 -> 5.3993 | D32: =$B$45+$B$46*$C32+$B$47*$C32^2+$B$48*$C32^3 -> 2.9634277 | E32: =$D32-$A32 -> -0.036572337 | F32: =$E32^2 -> 0.0013375358
A33: 4 | B33: 7.217 | C33: =B33 -> 7.217 | D33: =$B$45+$B$46*$C33+$B$47*$C33^2+$B$48*$C33^3 -> 3.7934667 | E33: =$D33-$A33 -> -0.2065333 | F33: =$E33^2 -> 0.042656005
A34: 5 | B34: 8.9492 | C34: =B34 -> 8.9492 | D34: =$B$45+$B$46*$C34+$B$47*$C34^2+$B$48*$C34^3 -> 4.7895196 | E34: =$D34-$A34 -> -0.21048044 | F34: =$E34^2 -> 0.044302017
A35: 6 | B35: 10.4377 | C35: =B35 -> 10.4377 | D35: =$B$45+$B$46*$C35+$B$47*$C35^2+$B$48*$C35^3 -> 5.9421927 | E35: =$D35-$A35 -> -0.057807259 | F35: =$E35^2 -> 0.0033416792
A36: 7 | B36: 11.5686 | C36: =B36 -> 11.5686 | D36: =$B$45+$B$46*$C36+$B$47*$C36^2+$B$48*$C36^3 -> 7.0743668 | E36: =$D36-$A36 -> 0.074366785 | F36: =$E36^2 -> 0.0055304187
A37: 8 | B37: 12.4931 | C37: =B37 -> 12.4931 | D37: =$B$45+$B$46*$C37+$B$47*$C37^2+$B$48*$C37^3 -> 8.202559 | E37: =$D37-$A37 -> 0.202559 | F37: =$E37^2 -> 0.04103015
A38: 9 | B38: 13.2313 | C38: =B38 -> 13.2313 | D38: =$B$45+$B$46*$C38+$B$47*$C38^2+$B$48*$C38^3 -> 9.2537343 | E38: =$D38-$A38 -> 0.25373435 | F38: =$E38^2 -> 0.06438112
A39: 10 | B39: 13.7836 | C39: =B39 -> 13.7836 | D39: =$B$45+$B$46*$C39+$B$47*$C39^2+$B$48*$C39^3 -> 10.136436 | E39: =$D39-$A39 -> 0.13643573 | F39: =$E39^2 -> 0.018614708
A40: 11 | B40: 14.2401 | C40: =B40 -> 14.2401 | D40: =$B$45+$B$46*$C40+$B$47*$C40^2+$B$48*$C40^3 -> 10.93277 | E40: =$D40-$A40 -> -0.06722978 | F40: =$E40^2 -> 0.0045198434
A41: 12 | B41: 14.644 | C41: =B41 -> 14.644 | D41: =$B$45+$B$46*$C41+$B$47*$C41^2+$B$48*$C41^3 -> 11.690496 | E41: =$D41-$A41 -> -0.30950445 | F41: =$E41^2 -> 0.095793007
F42: =SUM(F29:F41) -> 0.42776458
A44: f(x)=P0+P1*x+P2*x^2+P3*x^3
A45: P0 | B45: -0.17895668
A46: P1 | B46: 0.89661367
A47: P2 | B47: -0.088868468 | H47: Current [A] (Input) | J47: 708
A48: P3 | B48: 0.0056671865 | H48: Field at Pole [kG] | J48: =$B$22+$B$23*J47/100+$B$24*J47^2*0.0001+$B$25*J47^3*0.000001 -> 11.540216
H50: Field at Pole (Input) | J50: 11.84605
H51: Current | J51: =$B$45*100+$B$46*J50*100+$B$47*J50^2*100+$B$48*J50^3*100 -> 739.23681

Sheet K1.8Q1
A1: K1.8Q1 | B1: NQ312MIC
A2: at Poleでは、x2
A3: half aperture=8cm | C3: 7.5cm？か
A5: I/100 [A] | B5: B [kG] | C5: BatPole [kG] | D5: f(x) | E5: f(x)-Y | F5: Z
A6: 0 | B6: 0.0012 | C6: =B6*2 -> 0.0024 | D6: =$B$22+$B$23*$A6+$B$24*$A6^2+$B$25*$A6^3 -> -0.023535425 | E6: =$D6-$C6 -> -0.025935425 | F6: =$E6^2 -> 0.00067264626
A7: 1 | B7: 0.4303 | C7: =B7*2 -> 0.8606 | D7: =$B$22+$B$23*$A7+$B$24*$A7^2+$B$25*$A7^3 -> 0.85546817 | E7: =$D7-$C7 -> -0.0051318268 | F7: =$E7^2 -> 2.6335647e-05
A8: 2 | B8: 0.862 | C8: =B8*2 -> 1.724 | D8: =$B$22+$B$23*$A8+$B$24*$A8^2+$B$25*$A8^3 -> 1.7439891 | E8: =$D8-$C8 -> 0.019989134 | F8: =$E8^2 -> 0.00039956548
A9: 3 | B9: 1.2926 | C9: =B9*2 -> 2.5852 | D9: =$B$22+$B$23*$A9+$B$24*$A9^2+$B$25*$A9^3 -> 2.6263655 | E9: =$D9-$C9 -> 0.041165545 | F9: =$E9^2 -> 0.0016946021
A10: 4 | B10: 1.7223 | C10: =B10*2 -> 3.4446 | D10: =$B$22+$B$23*$A10+$B$24*$A10^2+$B$25*$A10^3 -> 3.4869355 | E10: =$D10-$C10 -> 0.042335492 | F10: =$E10^2 -> 0.0017922939
A11: 5 | B11: 2.1484 | C11: =B11*2 -> 4.2968 | D11: =$B$22+$B$23*$A11+$B$24*$A11^2+$B$25*$A11^3 -> 4.3100371 | E11: =$D11-$C11 -> 0.013237062 | F11: =$E11^2 -> 0.00017521982
A12: 6 | B12: 2.5707 | C12: =B12*2 -> 5.1414 | D12: =$B$22+$B$23*$A12+$B$24*$A12^2+$B$25*$A12^3 -> 5.0800083 | E12: =$D12-$C12 -> -0.061391657 | F12: =$E12^2 -> 0.0037689355
A13: 7 | B13: 2.9433 | C13: =B13*2 -> 5.8866 | D13: =$B$22+$B$23*$A13+$B$24*$A13^2+$B$25*$A13^3 -> 5.7811874 | E13: =$D13-$C13 -> -0.10541258 | F13: =$E13^2 -> 0.011111812
A14: 8 | B14: 3.2154 | C14: =B14*2 -> 6.4308 | D14: =$B$22+$B$23*$A14+$B$24*$A14^2+$B$25*$A14^3 -> 6.3979124 | E14: =$D14-$C14 -> -0.032887616 | F14: =$E14^2 -> 0.0010815953
A15: 9 | B15: 3.4326 | C15: =B15*2 -> 6.8652 | D15: =$B$22+$B$23*$A15+$B$24*$A15^2+$B$25*$A15^3 -> 6.9145213 | E15: =$D15-$C15 -> 0.049321317 | F15: =$E15^2 -> 0.0024325923
A16: 10 | B16: 3.614 | C16: =B16*2 -> 7.228 | D16: =$B$22+$B$23*$A16+$B$24*$A16^2+$B$25*$A16^3 -> 7.3153523 | E16: =$D16-$C16 -> 0.087352307 | F16: =$E16^2 -> 0.0076304256
A17: 11 | B17: 3.7663 | C17: =B17*2 -> 7.5326 | D17: =$B$22+$B$23*$A17+$B$24*$A17^2+$B$25*$A17^3 -> 7.5847434 | E17: =$D17-$C17 -> 0.052143442 | F17: =$E17^2 -> 0.0027189386
A18: 12 | B18: 3.8918 | C18: =B18*2 -> 7.7836 | D18: =$B$22+$B$23*$A18+$B$24*$A18^2+$B$25*$A18^3 -> 7.7070328 | E18: =$D18-$C18 -> -0.076567191 | F18: =$E18^2 -> 0.0058625347
F19: =SUM(F6:F18) -> 0.039367497
A21: f(x)=P0+P1*x+P2*x^2+P3*x^3
A22: P0 | B22: -0.023535425
A23: P1 | B23: 0.86902428
A24: P2 | B24: 0.012589638
A25: P3 | B25: -0.0026103189
A28: I/100 [A] | B28: B [kG] | C28: BatPole [kG] | D28: f(x) | E28: f(x)-Y | F28: Z
A29: 0 | B29: 0.0012 | C29: =B29*2 -> 0.0024 | D29: =$B$45+$B$46*$C29+$B$47*$C29^2+$B$48*$C29^3 -> -0.15000039 | E29: =$D29-$A29 -> -0.15000039 | F29: =$E29^2 -> 0.022500118
A30: 1 | B30: 0.4303 | C30: =B30*2 -> 0.8606 | D30: =$B$45+$B$46*$C30+$B$47*$C30^2+$B$48*$C30^3 -> 1.1439977 | E30: =$D30-$A30 -> 0.14399774 | F30: =$E30^2 -> 0.02073535
A31: 2 | B31: 0.862 | C31: =B31*2 -> 1.724 | D31: =$B$45+$B$46*$C31+$B$47*$C31^2+$B$48*$C31^3 -> 2.1714315 | E31: =$D31-$A31 -> 0.17143146 | F31: =$E31^2 -> 0.029388744
A32: 3 | B32: 1.2926 | C32: =B32*2 -> 2.5852 | D32: =$B$45+$B$46*$C32+$B$47*$C32^2+$B$48*$C32^3 -> 3.041102 | E32: =$D32-$A32 -> 0.041102028 | F32: =$E32^2 -> 0.0016893767
A33: 4 | B33: 1.7223 | C33: =B33*2 -> 3.4446 | D33: =$B$45+$B$46*$C33+$B$47*$C33^2+$B$48*$C33^3 -> 3.8730614 | E33: =$D33-$A33 -> -0.12693859 | F33: =$E33^2 -> 0.016113405
A34: 5 | B34: 2.1484 | C34: =B34*2 -> 4.2968 | D34: =$B$45+$B$46*$C34+$B$47*$C34^2+$B$48*$C34^3 -> 4.7790971 | E34: =$D34-$A34 -> -0.22090287 | F34: =$E34^2 -> 0.048798079
A35: 6 | B35: 2.5707 | C35: =B35*2 -> 5.1414 | D35: =$B$45+$B$46*$C35+$B$47*$C35^2+$B$48*$C35^3 -> 5.8703601 | E35: =$D35-$A35 -> -0.12963989 | F35: =$E35^2 -> 0.0168065
A36: 7 | B36: 2.9433 | C36: =B36*2 -> 5.8866 | D36: =$B$45+$B$46*$C36+$B$47*$C36^2+$B$48*$C36^3 -> 7.0827719 | E36: =$D36-$A36 -> 0.082771906 | F36: =$E36^2 -> 0.0068511883
A37: 8 | B37: 3.2154 | C37: =B37*2 -> 6.4308 | D37: =$B$45+$B$46*$C37+$B$47*$C37^2+$B$48*$C37^3 -> 8.1624526 | E37: =$D37-$A37 -> 0.1624526 | F37: =$E37^2 -> 0.026390849
A38: 9 | B38: 3.4326 | C38: =B38*2 -> 6.8652 | D38: =$B$45+$B$46*$C38+$B$47*$C38^2+$B$48*$C38^3 -> 9.1647372 | E38: =$D38-$A38 -> 0.16473723 | F38: =$E38^2 -> 0.027138356
A39: 10 | B39: 3.614 | C39: =B39*2 -> 7.228 | D39: =$B$45+$B$46*$C39+$B$47*$C39^2+$B$48*$C39^3 -> 10.109412 | E39: =$D39-$A39 -> 0.10941246 | F39: =$E39^2 -> 0.011971087
A40: 11 | B40: 3.7663 | C40: =B40*2 -> 7.5326 | D40: =$B$45+$B$46*$C40+$B$47*$C40^2+$B$48*$C40^3 -> 10.985119 | E40: =$D40-$A40 -> -0.014881098 | F40: =$E40^2 -> 0.00022144707
A41: 12 | B41: 3.8918 | C41: =B41*2 -> 7.7836 | D41: =$B$45+$B$46*$C41+$B$47*$C41^2+$B$48*$C41^3 -> 11.767349 | E41: =$D41-$A41 -> -0.2326511 | F41: =$E41^2 -> 0.054126534
F42: =SUM(F29:F41) -> 0.28273103
A44: f(x)=P0+P1*x+P2*x^2+P3*x^3
A45: P0 | B45: -0.15411092
A46: P1 | B46: 1.7133535
A47: P2 | B47: -0.26488497 | H47: Current [A] (Input) | J47: 648
A48: P3 | B48: 0.031031369 | H48: Field at Pole [kG] | J48: =$B$22+$B$23*J47/100+$B$24*J47^2*0.0001+$B$25*J47^3*0.000001 -> 5.4261238
H50: Field at Pole (Input) | J50: 5.5
H51: Current | J51: =$B$45*100+$B$46*J50*100+$B$47*J50^2*100+$B$48*J50^3*100 -> 641.94069

Sheet K1.8Q2
A1: K1.8Q2 | B1: Q416MIC
A2: at Poleでは、x2
A3: half aperture=10cm
A5: I/100 [A] | B5: B [kG] | C5: BatPole [kG] | D5: f(x) | E5: f(x)-Y | F5: Z
A6: 0 | B6: 0.0029 | C6: =B6*2 -> 0.0058 | D6: =$B$35+$B$36*$A6+$B$37*$A6^2+$B$38*$A6^3+$B$39*$A6^4 -> -0.091333422 | E6: =$D6-$C6 -> -0.097133422 | F6: =$E6^2 -> 0.0094349018
A7: 1 | B7: 0.2897 | C7: =B7*2 -> 0.5794 | D7: =$B$35+$B$36*$A7+$B$37*$A7^2+$B$38*$A7^3+$B$39*$A7^4 -> 0.53391706 | E7: =$D7-$C7 -> -0.045482941 | F7: =$E7^2 -> 0.0020686979
A8: 2 | B8: 0.5782 | C8: =B8*2 -> 1.1564 | D8: =$B$35+$B$36*$A8+$B$37*$A8^2+$B$38*$A8^3+$B$39*$A8^4 -> 1.1560706 | E8: =$D8-$C8 -> -0.00032940773 | F8: =$E8^2 -> 1.0850945e-07
A9: 3 | B9: 0.8699 | C9: =B9*2 -> 1.7398 | D9: =$B$35+$B$36*$A9+$B$37*$A9^2+$B$38*$A9^3+$B$39*$A9^4 -> 1.773059 | E9: =$D9-$C9 -> 0.033258955 | F9: =$E9^2 -> 0.0011061581
A10: 4 | B10: 1.1612 | C10: =B10*2 -> 2.3224 | D10: =$B$35+$B$36*$A10+$B$37*$A10^2+$B$38*$A10^3+$B$39*$A10^4 -> 2.3828139 | E10: =$D10-$C10 -> 0.060413922 | F10: =$E10^2 -> 0.003649842
A11: 5 | B11: 1.451 | C11: =B11*2 -> 2.902 | D11: =$B$35+$B$36*$A11+$B$37*$A11^2+$B$38*$A11^3+$B$39*$A11^4 -> 2.9832673 | E11: =$D11-$C11 -> 0.081267271 | F11: =$E11^2 -> 0.0066043693
A12: 6 | B12: 1.739 | C12: =B12*2 -> 3.478 | D12: =$B$35+$B$36*$A12+$B$37*$A12^2+$B$38*$A12^3+$B$39*$A12^4 -> 3.5723508 | E12: =$D12-$C12 -> 0.094350778 | F12: =$E12^2 -> 0.0089020694
A13: 7 | B13: 2.029 | C13: =B13*2 -> 4.058 | D13: =$B$35+$B$36*$A13+$B$37*$A13^2+$B$38*$A13^3+$B$39*$A13^4 -> 4.1479962 | E13: =$D13-$C13 -> 0.08999622 | F13: =$E13^2 -> 0.0080993197
A14: 8 | B14: 2.3189 | C14: =B14*2 -> 4.6378 | D14: =$B$35+$B$36*$A14+$B$37*$A14^2+$B$38*$A14^3+$B$39*$A14^4 -> 4.7081354 | E14: =$D14-$C14 -> 0.070335373 | F14: =$E14^2 -> 0.0049470647
A15: 9 | B15: 2.6111 | C15: =B15*2 -> 5.2222 | D15: =$B$35+$B$36*$A15+$B$37*$A15^2+$B$38*$A15^3+$B$39*$A15^4 -> 5.2507 | E15: =$D15-$C15 -> 0.028500014 | F15: =$E15^2 -> 0.00081225079
A16: 10 | B16: 2.8997 | C16: =B16*2 -> 5.7994 | D16: =$B$35+$B$36*$A16+$B$37*$A16^2+$B$38*$A16^3+$B$39*$A16^4 -> 5.7736219 | E16: =$D16-$C16 -> -0.025778082 | F16: =$E16^2 -> 0.00066450949
A17: 11 | B17: 3.1814 | C17: =B17*2 -> 6.3628 | D17: =$B$35+$B$36*$A17+$B$37*$A17^2+$B$38*$A17^3+$B$39*$A17^4 -> 6.2748329 | E17: =$D17-$C17 -> -0.087967136 | F17: =$E17^2 -> 0.0077382171
... A31: 25 | B31: 5.0277 | C31: =B31*2 -> 10.0554 | D31: =$B$35+$B$36*$A31+$B$37*$A31^2+$B$38*$A31^3+$B$39*$A31^4 -> 9.8539302 | E31: =$D31-$C31 -> -0.20146983 | F31: =$E31^2 -> 0.040590091
F32: =SUM(F6:F31) -> 0.21542296
A34: f(x)=P0+P1*x+P2*x^2+P3*x^3+P4*x^4
A35: P0 | B35: -0.091333422
A36: P1 | B36: 0.62610955
A37: P2 | B37: -0.00051436211
A38: P3 | B38: -0.00034470392
A39: P4 | B39: 0
A42: I/100 [A] | B42: B [kG] | C42: BatPole [kG] | D42: f(x) | E42: f(x)-Y | F42: Z
A43: 0 | B43: 0.0029 | C43: =B43*2 -> 0.0058 | D43: =$B$72+$B$73*$C43+$B$74*$C43^2+$B$75*$C43^3+$B$76*$C43^4 -> 0.22104578 | E43: =$D43-$A43 -> 0.22104578 | F43: =$E43^2 -> 0.048861237
A44: 1 | B44: 0.2897 | C44: =B44*2 -> 0.5794 | D44: =$B$72+$B$73*$C44+$B$74*$C44^2+$B$75*$C44^3+$B$76*$C44^4 -> 0.90124476 | E44: =$D44-$A44 -> -0.098755238 | F44: =$E44^2 -> 0.009752597
A45: 2 | B45: 0.5782 | C45: =B45*2 -> 1.1564 | D45: =$B$72+$B$73*$C45+$B$74*$C45^2+$B$75*$C45^3+$B$76*$C45^4 -> 1.8152796 | E45: =$D45-$A45 -> -0.1847204 | F45: =$E45^2 -> 0.034121624
A46: 3 | B46: 0.8699 | C46: =B46*2 -> 1.7398 | D46: =$B$72+$B$73*$C46+$B$74*$C46^2+$B$75*$C46^3+$B$76*$C46^4 -> 2.8760493 | E46: =$D46-$A46 -> -0.12395069 | F46: =$E46^2 -> 0.015363773
A47: 4 | B47: 1.1612 | C47: =B47*2 -> 2.3224 | D47: =$B$72+$B$73*$C47+$B$74*$C47^2+$B$75*$C47^3+$B$76*$C47^4 -> 3.9934259 | E47: =$D47-$A47 -> -0.0065740568 | F47: =$E47^2 -> 4.3218223e-05
A48: 5 | B48: 1.451 | C48: =B48*2 -> 2.902 | D48: =$B$72+$B$73*$C48+$B$74*$C48^2+$B$75*$C48^3+$B$76*$C48^4 -> 5.1036538 | E48: =$D48-$A48 -> 0.1036538 | F48: =$E48^2 -> 0.010744111
A49: 6 | B49: 1.739 | C49: =B49*2 -> 3.478 | D49: =$B$72+$B$73*$C49+$B$74*$C49^2+$B$75*$C49^3+$B$76*$C49^4 -> 6.1667537 | E49: =$D49-$A49 -> 0.16675366 | F49: =$E49^2 -> 0.027806785
A50: 7 | B50: 2.029 | C50: =B50*2 -> 4.058 | D50: =$B$72+$B$73*$C50+$B$74*$C50^2+$B$75*$C50^3+$B$76*$C50^4 -> 7.1768843 | E50: =$D50-$A50 -> 0.17688433 | F50: =$E50^2 -> 0.031288068
A51: 8 | B51: 2.3189 | C51: =B51*2 -> 4.6378 | D51: =$B$72+$B$73*$C51+$B$74*$C51^2+$B$75*$C51^3+$B$76*$C51^4 -> 8.1255383 | E51: =$D51-$A51 -> 0.12553827 | F51: =$E51^2 -> 0.015759857
A52: 9 | B52: 2.6111 | C52: =B52*2 -> 5.2222 | D52: =$B$72+$B$73*$C52+$B$74*$C52^2+$B$75*$C52^3+$B$76*$C52^4 -> 9.0389121 | E52: =$D52-$A52 -> 0.038912059 | F52: =$E52^2 -> 0.0015141483
A53: 10 | B53: 2.8997 | C53: =B53*2 -> 5.7994 | D53: =$B$72+$B$73*$C53+$B$74*$C53^2+$B$75*$C53^3+$B$76*$C53^4 -> 9.9369251 | E53: =$D53-$A53 -> -0.063074944 | F53: =$E53^2 -> 0.0039784486
A54: 11 | B54: 3.1814 | C54: =B54*2 -> 6.3628 | D54: =$B$72+$B$73*$C54+$B$74*$C54^2+$B$75*$C54^3+$B$76*$C54^4 -> 10.863915 | E54: =$D54-$A54 -> -0.13608472 | F54: =$E54^2 -> 0.01851905
... A68: 25 | B68: 5.0277 | C68: =B68*2 -> 10.0554 | D68: =$B$72+$B$73*$C68+$B$74*$C68^2+$B$75*$C68^3+$B$76*$C68^4 -> 24.836571 | E68: =$D68-$A68 -> -0.16342922 | F68: =$E68^2 -> 0.02670911
F69: =SUM(F43:F68) -> 0.65550938
A71: f(x)=P0+P1*x+P2*x^2+P3*x^3+P4*x^4 | I71: Current [A] (Input) | K71: 1214
A72: P0 | B72: 0.21570293 | I72: Field at Pole [kG] | K72: =$B$35+$B$36*K71/100+$B$37*K71^2*0.0001+$B$38*K71^3*0.000001+K$39*K71^4*0.00000001 -> 6.8170898
A73: P1 | B73: 0.91818338
A74: P2 | B74: 0.51762545 | I74: Field at Pole (Input) | K74: 6.929
A75: P3 | B75: -0.10810413 | I75: Current | K75: =$B$72*100+$B$73*K74*100+$B$74*K74^2*100+$B$75*K74^3*100+$B$76*K74^4*100 -> 1191.7128
A76: P4 | B76: 0.0071366622

Sheet K1.8D2
A1: K1.8D2 | B1: 8D218SMIC
A2: Half Gap=7.5cm
A3: Half Width=20cm
C4: 1309
A5: I/100 [A] | B5: B [kG] | C5: B [kG] | D5: f(x) | E5: f(x)-Y | F5: Z
A6: 0 | B6: 0.017 | C6: =B6 -> 0.017 | D6: =$B$35+$B$36*$A6+$B$37*$A6^2+$B$38*$A6^3 -> -0.1518189 | E6: =$D6-$C6 -> -0.1688189 | F6: =$E6^2 -> 0.02849982
A7: 1 | B7: 1.2733 | C7: =B7 -> 1.2733 | D7: =$B$35+$B$36*$A7+$B$37*$A7^2+$B$38*$A7^3 -> 1.1937475 | E7: =$D7-$C7 -> -0.079552548 | F7: =$E7^2 -> 0.006328608
A8: 2 | B8: 2.5308 | C8: =B8 -> 2.5308 | D8: =$B$35+$B$36*$A8+$B$37*$A8^2+$B$38*$A8^3 -> 2.5289579 | E8: =$D8-$C8 -> -0.0018420939 | F8: =$E8^2 -> 3.39331e-06
A9: 3 | B9: 3.7823 | C9: =B9 -> 3.7823 | D9: =$B$35+$B$36*$A9+$B$37*$A9^2+$B$38*$A9^3 -> 3.8502512 | E9: =$D9-$C9 -> 0.067951225 | F9: =$E9^2 -> 0.004617369
A10: 4 | B10: 5.0319 | C10: =B10 -> 5.0319 | D10: =$B$35+$B$36*$A10+$B$37*$A10^2+$B$38*$A10^3 -> 5.1540662 | E10: =$D10-$C10 -> 0.12216617 | F10: =$E10^2 -> 0.014924572
A11: 5 | B11: 6.2874 | C11: =B11 -> 6.2874 | D11: =$B$35+$B$36*$A11+$B$37*$A11^2+$B$38*$A11^3 -> 6.4368415 | E11: =$D11-$C11 -> 0.14944149 | F11: =$E11^2 -> 0.02233276
A12: 6 | B12: 7.5391 | C12: =B12 -> 7.5391 | D12: =$B$35+$B$36*$A12+$B$37*$A12^2+$B$38*$A12^3 -> 7.695016 | E12: =$D12-$C12 -> 0.15591596 | F12: =$E12^2 -> 0.024309787
A13: 7 | B13: 8.7924 | C13: =B13 -> 8.7924 | D13: =$B$35+$B$36*$A13+$B$37*$A13^2+$B$38*$A13^3 -> 8.9250283 | E13: =$D13-$C13 -> 0.13262833 | F13: =$E13^2 -> 0.017590274
A14: 8 | B14: 10.0286 | C14: =B14 -> 10.0286 | D14: =$B$35+$B$36*$A14+$B$37*$A14^2+$B$38*$A14^3 -> 10.123317 | E14: =$D14-$C14 -> 0.09471736 | F14: =$E14^2 -> 0.0089713783
A15: 9 | B15: 11.276 | C15: =B15 -> 11.276 | D15: =$B$35+$B$36*$A15+$B$37*$A15^2+$B$38*$A15^3 -> 11.286322 | E15: =$D15-$C15 -> 0.010321811 | F15: =$E15^2 -> 0.00010653979
A16: 10 | B16: 12.4908 | C16: =B16 -> 12.4908 | D16: =$B$35+$B$36*$A16+$B$37*$A16^2+$B$38*$A16^3 -> 12.41048 | E16: =$D16-$C16 -> -0.080319558 | F16: =$E16^2 -> 0.0064512314
A17: 11 | B17: 13.6477 | C17: =B17 -> 13.6477 | D17: =$B$35+$B$36*$A17+$B$37*$A17^2+$B$38*$A17^3 -> 13.492232 | E17: =$D17-$C17 -> -0.15546799 | F17: =$E17^2 -> 0.024170295
... A31: 25 | B31: 22.4894 | C31: =B31 -> 22.4894 | D31: =$B$35+$B$36*$A31+$B$37*$A31^2+$B$38*$A31^3 -> 22.189718 | E31: =$D31-$C31 -> -0.29968214 | F31: =$E31^2 -> 0.089809383
F32: =SUM(F6:F31) -> 0.51112072
A34: f(x)=P0+P1*x+P2*x^2+P3*x^3
A35: P0 | B35: -0.1518189
A36: P1 | B36: 1.3495572
A37: P2 | B37: -0.0033973272
A38: P3 | B38: -0.0005935401
A41: I/100 [A] | B41: B [kG] | C41: BatPole [kG] | D41: f(x) | E41: f(x)-Y | F41: Z
A42: 0 | B42: 0.017 | C42: =B42 -> 0.017 | D42: =$B$71+$B$72*$C42+$B$73*$C42^2+$B$74*$C42^3+$B$75*$C42^4 -> -0.1024387 | E42: =$D42-$A42 -> -0.1024387 | F42: =$E42^2 -> 0.010493686
A43: 1 | B43: 1.2733 | C43: =B43 -> 1.2733 | D43: =$B$71+$B$72*$C43+$B$73*$C43^2+$B$74*$C43^3+$B$75*$C43^4 -> 1.0392476 | E43: =$D43-$A43 -> 0.039247563 | F43: =$E43^2 -> 0.0015403712
A44: 2 | B44: 2.5308 | C44: =B44 -> 2.5308 | D44: =$B$71+$B$72*$C44+$B$73*$C44^2+$B$74*$C44^3+$B$75*$C44^4 -> 2.1504436 | E44: =$D44-$A44 -> 0.15044359 | F44: =$E44^2 -> 0.022633273
A45: 3 | B45: 3.7823 | C45: =B45 -> 3.7823 | D45: =$B$71+$B$72*$C45+$B$73*$C45^2+$B$74*$C45^3+$B$75*$C45^4 -> 3.2153077 | E45: =$D45-$A45 -> 0.21530772 | F45: =$E45^2 -> 0.046357416
A46: 4 | B46: 5.0319 | C46: =B46 -> 5.0319 | D46: =$B$71+$B$72*$C46+$B$73*$C46^2+$B$74*$C46^3+$B$75*$C46^4 -> 4.2337385 | E46: =$D46-$A46 -> 0.23373845 | F46: =$E46^2 -> 0.054633665
A47: 5 | B47: 6.2874 | C47: =B47 -> 6.2874 | D47: =$B$71+$B$72*$C47+$B$73*$C47^2+$B$74*$C47^3+$B$75*$C47^4 -> 5.2135276 | E47: =$D47-$A47 -> 0.21352756 | F47: =$E47^2 -> 0.045594019
A48: 6 | B48: 7.5391 | C48: =B48 -> 7.5391 | D48: =$B$71+$B$72*$C48+$B$73*$C48^2+$B$74*$C48^3+$B$75*$C48^4 -> 6.1542756 | E48: =$D48-$A48 -> 0.15427562 | F48: =$E48^2 -> 0.023800966
A49: 7 | B49: 8.7924 | C49: =B49 -> 8.7924 | D49: =$B$71+$B$72*$C49+$B$73*$C49^2+$B$74*$C49^3+$B$75*$C49^4 -> 7.0730683 | E49: =$D49-$A49 -> 0.073068291 | F49: =$E49^2 -> 0.0053389751
A50: 8 | B50: 10.0286 | C50: =B50 -> 10.0286 | D50: =$B$71+$B$72*$C50+$B$73*$C50^2+$B$74*$C50^3+$B$75*$C50^4 -> 7.974724 | E50: =$D50-$A50 -> -0.025275973 | F50: =$E50^2 -> 0.00063887482
A51: 9 | B51: 11.276 | C51: =B51 -> 11.276 | D51: =$B$71+$B$72*$C51+$B$73*$C51^2+$B$74*$C51^3+$B$75*$C51^4 -> 8.9036259 | E51: =$D51-$A51 -> -0.096374107 | F51: =$E51^2 -> 0.0092879684
A52: 10 | B52: 12.4908 | C52: =B52 -> 12.4908 | D52: =$B$71+$B$72*$C52+$B$73*$C52^2+$B$74*$C52^3+$B$75*$C52^4 -> 9.8545497 | E52: =$D52-$A52 -> -0.14545031 | F52: =$E52^2 -> 0.021155793
A53: 11 | B53: 13.6477 | C53: =B53 -> 13.6477 | D53: =$B$71+$B$72*$C53+$B$73*$C53^2+$B$74*$C53^3+$B$75*$C53^4 -> 10.832247 | E53: =$D53-$A53 -> -0.16775274 | F53: =$E53^2 -> 0.028140982
... A67: 25 | B67: 22.4894 | C67: =B67 -> 22.4894 | D67: =$B$71+$B$72*$C67+$B$73*$C67^2+$B$74*$C67^3+$B$75*$C67^4 -> 24.763197 | E67: =$D67-$A67 -> -0.23680296 | F67: =$E67^2 -> 0.056075641
F68: =SUM(F42:F67) -> 0.57240187
A70: f(x)=P0+P1*x+P2*x^2+P3*x^3+P4*x^4 | H70: Current [A] (Input) | J70: 1309
A71: P0 | B71: -0.1180395 | H71: Field at Pole [kG] | J71: =$B$35+$B$36*J70/100+$B$37*J70^2*0.0001+$B$38*J70^3*0.000001 -> 15.600481
A72: P1 | B72: 0.91778249
A73: P2 | B73: -0.0051761822 | H73: Field at Pole (Input) | J73: 15.77386
A74: P3 | B74: -0.0015423559 | H74: Current | J74: =$B$71*100+$B$72*J73*100+$B$73*J73^2*100+$B$74*J73^3*100+$B$75*J73^4*100 -> 1292.3359
A75: P4 | B75: 9.5394047e-05

Sheet K1.8Q3
A1: K1.8Q3 | B1: Q410
A2: at Poleでは、x2
A3: half aperture=10cm
A5: I/100 [A] | B5: B [kG] | C5: BatPole [kG] | D5: f(x) | E5: f(x)-Y | F5: Z
A6: 0 | B6: 0.0001 | C6: =B6*2 -> 0.0002 | D6: =$B$32+$B$33*$A6+$B$34*$A6^2+$B$35*$A6^3 -> 0.041190092 | E6: =$D6-$C6 -> 0.040990092 | F6: =$E6^2 -> 0.0016801877
A7: 1 | B7: 0.3 | C7: =B7*2 -> 0.6 | D7: =$B$32+$B$33*$A7+$B$34*$A7^2+$B$35*$A7^3 -> 0.60839334 | E7: =$D7-$C7 -> 0.0083933399 | F7: =$E7^2 -> 7.0448155e-05
A8: 2 | B8: 0.6011 | C8: =B8*2 -> 1.2022 | D8: =$B$32+$B$33*$A8+$B$34*$A8^2+$B$35*$A8^3 -> 1.189366 | E8: =$D8-$C8 -> -0.01283404 | F8: =$E8^2 -> 0.00016471258
A9: 3 | B9: 0.9059 | C9: =B9*2 -> 1.8118 | D9: =$B$32+$B$33*$A9+$B$34*$A9^2+$B$35*$A9^3 -> 1.7820635 | E9: =$D9-$C9 -> -0.029736506 | F9: =$E9^2 -> 0.00088425976
A10: 4 | B10: 1.2074 | C10: =B10*2 -> 2.4148 | D10: =$B$32+$B$33*$A10+$B$34*$A10^2+$B$35*$A10^3 -> 2.3844415 | E10: =$D10-$C10 -> -0.030358515 | F10: =$E10^2 -> 0.00092163941
A11: 5 | B11: 1.5114 | C11: =B11*2 -> 3.0228 | D11: =$B$32+$B$33*$A11+$B$34*$A11^2+$B$35*$A11^3 -> 2.9944555 | E11: =$D11-$C11 -> -0.028344525 | F11: =$E11^2 -> 0.0008034121
A12: 6 | B12: 1.8146 | C12: =B12*2 -> 3.6292 | D12: =$B$32+$B$33*$A12+$B$34*$A12^2+$B$35*$A12^3 -> 3.610061 | E12: =$D12-$C12 -> -0.019138995 | F12: =$E12^2 -> 0.00036630114
A13: 7 | B13: 2.118 | C13: =B13*2 -> 4.236 | D13: =$B$32+$B$33*$A13+$B$34*$A13^2+$B$35*$A13^3 -> 4.2292136 | E13: =$D13-$C13 -> -0.0067863828 | F13: =$E13^2 -> 4.6054992e-05
A14: 8 | B14: 2.4217 | C14: =B14*2 -> 4.8434 | D14: =$B$32+$B$33*$A14+$B$34*$A14^2+$B$35*$A14^3 -> 4.8498689 | E14: =$D14-$C14 -> 0.006468854 | F14: =$E14^2 -> 4.1846072e-05
A15: 9 | B15: 2.7239 | C15: =B15*2 -> 5.4478 | D15: =$B$32+$B$33*$A15+$B$34*$A15^2+$B$35*$A15^3 -> 5.4699823 | E15: =$D15-$C15 -> 0.022182257 | F15: =$E15^2 -> 0.00049205254
A16: 10 | B16: 3.028 | C16: =B16*2 -> 6.056 | D16: =$B$32+$B$33*$A16+$B$34*$A16^2+$B$35*$A16^3 -> 6.0875094 | E16: =$D16-$C16 -> 0.031509369 | F16: =$E16^2 -> 0.00099284034
A17: 11 | B17: 3.331 | C17: =B17*2 -> 6.662 | D17: =$B$32+$B$33*$A17+$B$34*$A17^2+$B$35*$A17^3 -> 6.7004057 | E17: =$D17-$C17 -> 0.038405731 | F17: =$E17^2 -> 0.0014750002
... A28: 22 | B28: 6.2639 | C28: =B28*2 -> 12.5278 | D28: =$B$32+$B$33*$A28+$B$34*$A28^2+$B$35*$A28^3 -> 12.551921 | E28: =$D28-$C28 -> 0.024121255 | F28: =$E28^2 -> 0.00058183495
F29: =SUM(F6:F28) -> 0.014877605
A31: f(x)=P0+P1*x+P2*x^2+P3*x^3
A32: P0 | B32: 0.041190092
A33: P1 | B33: 0.55963708
A34: P2 | B34: 0.0079069152
A35: P3 | B35: -0.000340743
A38: I/100 [A] | B38: B [kG] | C38: BatPole [kG] | D38: f(x) | E38: f(x)-Y | F38: Z
A39: 0 | B39: 0.0001 | C39: =B39*2 -> 0.0002 | D39: =$B$65+$B$66*$C39+$B$67*$C39^2+$B$68*$C39^3 -> -0.095247981 | E39: =$D39-$A39 -> -0.095247981 | F39: =$E39^2 -> 0.009072178
A40: 1 | B40: 0.3 | C40: =B40*2 -> 0.6 | D40: =$B$65+$B$66*$C40+$B$67*$C40^2+$B$68*$C40^3 -> 0.98102869 | E40: =$D40-$A40 -> -0.018971312 | F40: =$E40^2 -> 0.00035991067
A41: 2 | B41: 0.6011 | C41: =B41*2 -> 1.2022 | D41: =$B$65+$B$66*$C41+$B$67*$C41^2+$B$68*$C41^3 -> 2.0310905 | E41: =$D41-$A41 -> 0.031090494 | F41: =$E41^2 -> 0.00096661883
A42: 3 | B42: 0.9059 | C42: =B42*2 -> 1.8118 | D42: =$B$65+$B$66*$C42+$B$67*$C42^2+$B$68*$C42^3 -> 3.0674868 | E42: =$D42-$A42 -> 0.067486846 | F42: =$E42^2 -> 0.0045544744
A43: 4 | B43: 1.2074 | C43: =B43*2 -> 2.4148 | D43: =$B$65+$B$66*$C43+$B$67*$C43^2+$B$68*$C43^3 -> 4.0709046 | E43: =$D43-$A43 -> 0.070904648 | F43: =$E43^2 -> 0.0050274691
A44: 5 | B44: 1.5114 | C44: =B44*2 -> 3.0228 | D44: =$B$65+$B$66*$C44+$B$67*$C44^2+$B$68*$C44^3 -> 5.0653206 | E44: =$D44-$A44 -> 0.065320576 | F44: =$E44^2 -> 0.0042667777
A45: 6 | B45: 1.8146 | C45: =B45*2 -> 3.6292 | D45: =$B$65+$B$66*$C45+$B$67*$C45^2+$B$68*$C45^3 -> 6.0443744 | E45: =$D45-$A45 -> 0.04437442 | F45: =$E45^2 -> 0.0019690891
A46: 7 | B46: 2.118 | C46: =B46*2 -> 4.236 | D46: =$B$65+$B$66*$C46+$B$67*$C46^2+$B$68*$C46^3 -> 7.0159209 | E46: =$D46-$A46 -> 0.015920948 | F46: =$E46^2 -> 0.00025347658
A47: 8 | B47: 2.4217 | C47: =B47*2 -> 4.8434 | D47: =$B$65+$B$66*$C47+$B$67*$C47^2+$B$68*$C47^3 -> 7.9848549 | E47: =$D47-$A47 -> -0.015145101 | F47: =$E47^2 -> 0.00022937409
A48: 9 | B48: 2.7239 | C48: =B48*2 -> 5.4478 | D48: =$B$65+$B$66*$C48+$B$67*$C48^2+$B$68*$C48^3 -> 8.9500126 | E48: =$D48-$A48 -> -0.049987417 | F48: =$E48^2 -> 0.0024987419
A49: 10 | B49: 3.028 | C49: =B49*2 -> 6.056 | D49: =$B$65+$B$66*$C49+$B$67*$C49^2+$B$68*$C49^3 -> 9.926848 | E49: =$D49-$A49 -> -0.073152014 | F49: =$E49^2 -> 0.0053512172
A50: 11 | B50: 3.331 | C50: =B50*2 -> 6.662 | D50: =$B$65+$B$66*$C50+$B$67*$C50^2+$B$68*$C50^3 -> 10.910326 | E50: =$D50-$A50 -> -0.089674357 | F50: =$E50^2 -> 0.0080414903
... A61: 22 | B61: 6.2639 | C61: =B61*2 -> 12.5278 | D61: =$B$65+$B$66*$C61+$B$67*$C61^2+$B$68*$C61^3 -> 21.87466 | E61: =$D61-$A61 -> -0.12533952 | F61: =$E61^2 -> 0.015709996
F62: =SUM(F39:F61) -> 0.10484509
A64: f(x)=P0+P1*x+P2*x^2+P3*x^3 | I64: Current [A] (Input) | K64: 1221
A65: P0 | B65: -0.095612413 | I65: Field at Pole [kG] | K65: =$B$32+$B$33*K64/100+$B$34*K64^2*0.0001+$B$35*K64^3*0.000001 -> 7.4328939
A66: P1 | B66: 1.82217
A67: P2 | B67: -0.048333455 | I67: Field at Pole (Input) | K67: 7.4
A68: P3 | B68: 0.003421968 | I68: Current | K68: =$B$65*100+$B$66*K67*100+$B67*K67^2*100+$B$68*K67^3*100 -> 1212.8369

Sheet K1.8O1
A1: K1.8O1 | B1: O503
A2: at Poleでは、x8
A3: half aperture=12.5cm
A5: I/100 [A] | B5: B [kG] | C5: BatPole [kG] | D5: f(x) | E5: f(x)-Y | F5: Z
A6: 0 | B6: 0.0001 | C6: =B6*8 -> 0.0008 | D6: =$B$12+$B$13*$A6 -> 0.028399802 | E6: =$D6-$C6 -> 0.027599802 | F6: =$E6^2 -> 0.00076174905
A7: 1 | B7: 0.2403 | C7: =B7*8 -> 1.9224 | D7: =$B$12+$B$13*$A7 -> 1.8671998 | E7: =$D7-$C7 -> -0.055200225 | F7: =$E7^2 -> 0.0030470649
A8: 2 | B8: 0.4598 | C8: =B8*8 -> 3.6784 | D8: =$B$12+$B$13*$A8 -> 3.7059997 | E8: =$D8-$C8 -> 0.027599748 | F8: =$E8^2 -> 0.00076174607
F9: =SUM(F6:F8) -> 0.00457056
A11: f(x)=P0+P1*x
A12: P0 | B12: 0.028399802
A13: P1 | B13: 1.8388
A20: I/100 [A] | B20: B [kG] | C20: BatPole [kG] | D20: f(x) | E20: f(x)-Y | F20: Z
A21: 0 | B21: 0.0001 | C21: =B21*8 -> 0.0008 | D21: =$B$27+$B$28*$C21 -> -0.014324257 | E21: =$D21-$A21 -> -0.014324257 | F21: =$E21^2 -> 0.00020518434
A22: 1 | B22: 0.2403 | C22: =B22*8 -> 1.9224 | D22: =$B$27+$B$28*$C22 -> 1.0299991 | E22: =$D22-$A22 -> 0.029999091 | F22: =$E22^2 -> 0.00089994545
A23: 2 | B23: 0.4598 | C23: =B23*8 -> 3.6784 | D23: =$B$27+$B$28*$C23 -> 1.9843245 | E23: =$D23-$A23 -> -0.015675452 | F23: =$E23^2 -> 0.00024571979
F24: =SUM(F21:F23) -> 0.0013508496
A26: f(x)=P0+P1*x
A27: P0 | B27: -0.014759029
A28: P1 | B28: 0.54346552
I38: Current [A] (Input) | K38: 52
I39: Field at Pole [kG] | K39: =$B$12+$B$13*K38/100 -> 0.98457579
I41: Field at Pole (Input) | K41: 1
I42: Current | K42: =$B$27*100+$B$28*K41*100 -> 52.870649

Sheet K1.8Q4
A1: K1.8Q4 | B1: Q410
A2: at Poleでは、x2
A3: half aperture=10cm
A5: I/100 [A] | B5: B [kG] | C5: BatPole [kG] | D5: f(x) | E5: f(x)-Y | F5: Z
A6: 0 | B6: 0.001 | C6: =B6*2 -> 0.002 | D6: =$B$32+$B$33*$A6+$B$34*$A6^2+$B$35*$A6^3 -> 0.041189171 | E6: =$D6-$C6 -> 0.039189171 | F6: =$E6^2 -> 0.0015357911
A7: 1 | B7: 0.3043 | C7: =B7*2 -> 0.6086 | D7: =$B$32+$B$33*$A7+$B$34*$A7^2+$B$35*$A7^3 -> 0.6083192 | E7: =$D7-$C7 -> -0.00028079974 | F7: =$E7^2 -> 7.8848493e-08
A8: 2 | B8: 0.6016 | C8: =B8*2 -> 1.2032 | D8: =$B$32+$B$33*$A8+$B$34*$A8^2+$B$35*$A8^3 -> 1.1891024 | E8: =$D8-$C8 -> -0.014097604 | F8: =$E8^2 -> 0.00019874244
A9: 3 | B9: 0.9054 | C9: =B9*2 -> 1.8108 | D9: =$B$32+$B$33*$A9+$B$34*$A9^2+$B$35*$A9^3 -> 1.7815016 | E9: =$D9-$C9 -> -0.029298449 | F9: =$E9^2 -> 0.0008583991
A10: 4 | B10: 1.2077 | C10: =B10*2 -> 2.4154 | D10: =$B$32+$B$33*$A10+$B$34*$A10^2+$B$35*$A10^3 -> 2.3834795 | E10: =$D10-$C10 -> -0.031920541 | F10: =$E10^2 -> 0.001018921
A11: 5 | B11: 1.5121 | C11: =B11*2 -> 3.0242 | D11: =$B$32+$B$33*$A11+$B$34*$A11^2+$B$35*$A11^3 -> 2.9929989 | E11: =$D11-$C11 -> -0.031201089 | F11: =$E11^2 -> 0.00097350794
A12: 6 | B12: 1.8133 | C12: =B12*2 -> 3.6266 | D12: =$B$32+$B$33*$A12+$B$34*$A12^2+$B$35*$A12^3 -> 3.6080227 | E12: =$D12-$C12 -> -0.018577298 | F12: =$E12^2 -> 0.00034511599
A13: 7 | B13: 2.1162 | C13: =B13*2 -> 4.2324 | D13: =$B$32+$B$33*$A13+$B$34*$A13^2+$B$35*$A13^3 -> 4.2265136 | E13: =$D13-$C13 -> -0.0058863751 | F13: =$E13^2 -> 3.4649412e-05
A14: 8 | B14: 2.4188 | C14: =B14*2 -> 4.8376 | D14: =$B$32+$B$33*$A14+$B$34*$A14^2+$B$35*$A14^3 -> 4.8464345 | E14: =$D14-$C14 -> 0.0088344718 | F14: =$E14^2 -> 7.8047893e-05
A15: 9 | B15: 2.7214 | C15: =B15*2 -> 5.4428 | D15: =$B$32+$B$33*$A15+$B$34*$A15^2+$B$35*$A15^3 -> 5.465748 | E15: =$D15-$C15 -> 0.022948036 | F15: =$E15^2 -> 0.00052661237
A16: 10 | B16: 3.025 | C16: =B16*2 -> 6.05 | D16: =$B$32+$B$33*$A16+$B$34*$A16^2+$B$35*$A16^3 -> 6.0824171 | E16: =$D16-$C16 -> 0.032417111 | F16: =$E16^2 -> 0.0010508691
A17: 11 | B17: 3.329 | C17: =B17*2 -> 6.658 | D17: =$B$32+$B$33*$A17+$B$34*$A17^2+$B$35*$A17^3 -> 6.6944045 | E17: =$D17-$C17 -> 0.03640449 | F17: =$E17^2 -> 0.0013252869
... A28: 22 | B28: 6.2553 | C28: =B28*2 -> 12.5106 | D28: =$B$32+$B$33*$A28+$B$34*$A28^2+$B$35*$A28^3 -> 12.534633 | E28: =$D28-$C28 -> 0.0240325 | F28: =$E28^2 -> 0.00057756107
F29: =SUM(F6:F28) -> 0.014898669
A31: f(x)=P0+P1*x+P2*x^2+P3*x^3
A32: P0 | B32: 0.041189171
A33: P1 | B33: 0.55962438
A34: P2 | B34: 0.0078451866
A35: P3 | B35: -0.00033953449
A38: I/100 [A] | B38: B [kG] | C38: BatPole [kG] | D38: f(x) | E38: f(x)-Y | F38: Z
A39: 0 | B39: 0.001 | C39: =B39*2 -> 0.002 | D39: =$B$65+$B$66*$C39+$B$67*$C39^2+$B$68*$C39^3 -> -0.10086224 | E39: =$D39-$A39 -> -0.10086224 | F39: =$E39^2 -> 0.010173192
A40: 1 | B40: 0.3043 | C40: =B40*2 -> 0.6086 | D40: =$B$65+$B$66*$C40+$B$67*$C40^2+$B$68*$C40^3 -> 0.98998636 | E40: =$D40-$A40 -> -0.010013639 | F40: =$E40^2 -> 0.00010027296
A41: 2 | B41: 0.6016 | C41: =B41*2 -> 1.2032 | D41: =$B$65+$B$66*$C41+$B$67*$C41^2+$B$68*$C41^3 -> 2.028863 | E41: =$D41-$A41 -> 0.028863004 | F41: =$E41^2 -> 0.00083307301
A42: 3 | B42: 0.9054 | C42: =B42*2 -> 1.8108 | D42: =$B$65+$B$66*$C42+$B$67*$C42^2+$B$68*$C42^3 -> 3.0639354 | E42: =$D42-$A42 -> 0.063935352 | F42: =$E42^2 -> 0.0040877293
A43: 4 | B43: 1.2077 | C43: =B43*2 -> 2.4154 | D43: =$B$65+$B$66*$C43+$B$67*$C43^2+$B$68*$C43^3 -> 4.071866 | E43: =$D43-$A43 -> 0.071865979 | F43: =$E43^2 -> 0.005164719
A44: 5 | B44: 1.5121 | C44: =B44*2 -> 3.0242 | D44: =$B$65+$B$66*$C44+$B$67*$C44^2+$B$68*$C44^3 -> 5.0692401 | E44: =$D44-$A44 -> 0.0692401 | F44: =$E44^2 -> 0.0047941914
A45: 6 | B45: 1.8133 | C45: =B45*2 -> 3.6266 | D45: =$B$65+$B$66*$C45+$B$67*$C45^2+$B$68*$C45^3 -> 6.0433645 | E45: =$D45-$A45 -> 0.043364535 | F45: =$E45^2 -> 0.0018804829
A46: 7 | B46: 2.1162 | C46: =B46*2 -> 4.2324 | D46: =$B$65+$B$66*$C46+$B$67*$C46^2+$B$68*$C46^3 -> 7.0147769 | E46: =$D46-$A46 -> 0.014776881 | F46: =$E46^2 -> 0.00021835623
A47: 8 | B47: 2.4188 | C47: =B47*2 -> 4.8376 | D47: =$B$65+$B$66*$C47+$B$67*$C47^2+$B$68*$C47^3 -> 7.981598 | E47: =$D47-$A47 -> -0.018402004 | F47: =$E47^2 -> 0.00033863374
A48: 9 | B48: 2.7214 | C48: =B48*2 -> 5.4428 | D48: =$B$65+$B$66*$C48+$B$67*$C48^2+$B$68*$C48^3 -> 8.9493885 | E48: =$D48-$A48 -> -0.050611507 | F48: =$E48^2 -> 0.0025615246
A49: 10 | B49: 3.025 | C49: =B49*2 -> 6.05 | D49: =$B$65+$B$66*$C49+$B$67*$C49^2+$B$68*$C49^3 -> 9.9259745 | E49: =$D49-$A49 -> -0.074025491 | F49: =$E49^2 -> 0.0054797734
A50: 11 | B50: 3.329 | C50: =B50*2 -> 6.658 | D50: =$B$65+$B$66*$C50+$B$67*$C50^2+$B$68*$C50^3 -> 10.914112 | E50: =$D50-$A50 -> -0.085888209 | F50: =$E50^2 -> 0.0073767845
... A61: 22 | B61: 6.2553 | C61: =B61*2 -> 12.5106 | D61: =$B$65+$B$66*$C61+$B$67*$C61^2+$B$68*$C61^3 -> 21.874552 | E61: =$D61-$A61 -> -0.12544758 | F61: =$E61^2 -> 0.015737094
F62: =SUM(F39:F61) -> 0.10577537
A64: f(x)=P0+P1*x+P2*x^2+P3*x^3 | I64: Current [A] (Input) | K64: 1354
A65: P0 | B65: -0.1045157 | I65: Field at Pole [kG] | K65: =$B$32+$B$33*K64/100+$B$34*K64^2*0.0001+$B$35*K64^3*0.000001 -> 8.213944
A66: P1 | B66: 1.8268248
A67: P2 | B67: -0.0488192 | I67: Field at Pole (Input) | K67: 8.2
A68: P3 | B68: 0.0034550554 | I68: Current | K68: =$B$65*100+$B$66*K67*100+$B$67*K67^2*100+$B$68*K67^3*100 -> 1349.7851

Sheet K1.8S1
A1: K1.8S1 | B1: SX504
A2: at Poleでは、x4
A3: half aperture=12.5cm
A5: I/100 [A] | B5: B [kG] | C5: BatPole [kG] | D5: f(x) | E5: f(x)-Y | F5: Z
A6: 0 | B6: -0.0019 | C6: =B6*4 -> -0.0076 | D6: =$B$20+$B$21*$A6+$B$22*$A6^2+$B$23*$A6^3 -> -0.034699973 | E6: =$D6-$C6 -> -0.027099973 | F6: =$E6^2 -> 0.00073440855
A7: 1 | B7: 0.1759 | C7: =B7*4 -> 0.7036 | D7: =$B$20+$B$21*$A7+$B$22*$A7^2+$B$23*$A7^3 -> 0.71411967 | E7: =$D7-$C7 -> 0.010519671 | F7: =$E7^2 -> 0.00011066349
A8: 2 | B8: 0.3533 | C8: =B8*4 -> 1.4132 | D8: =$B$20+$B$21*$A8+$B$22*$A8^2+$B$23*$A8^3 -> 1.448648 | E8: =$D8-$C8 -> 0.035448029 | F8: =$E8^2 -> 0.0012565628
A9: 3 | B9: 0.5292 | C9: =B9*4 -> 2.1168 | D9: =$B$20+$B$21*$A9+$B$22*$A9^2+$B$23*$A9^3 -> 2.1533899 | E9: =$D9-$C9 -> 0.036589906 | F9: =$E9^2 -> 0.0013388212
A10: 4 | B10: 0.703 | C10: =B10*4 -> 2.812 | D10: =$B$20+$B$21*$A10+$B$22*$A10^2+$B$23*$A10^3 -> 2.8128501 | E10: =$D10-$C10 -> 0.00085010946 | F10: =$E10^2 -> 7.226861e-07
A11: 5 | B11: 0.8707 | C11: =B11*4 -> 3.4828 | D11: =$B$20+$B$21*$A11+$B$22*$A11^2+$B$23*$A11^3 -> 3.4115334 | E11: =$D11-$C11 -> -0.071266554 | F11: =$E11^2 -> 0.0050789217
A12: 6 | B12: 0.9964 | C12: =B12*4 -> 3.9856 | D12: =$B$20+$B$21*$A12+$B$22*$A12^2+$B$23*$A12^3 -> 3.9339447 | E12: =$D12-$C12 -> -0.051655278 | F12: =$E12^2 -> 0.0026682677
A13: 7 | B13: 1.088 | C13: =B13*4 -> 4.352 | D13: =$B$20+$B$21*$A13+$B$22*$A13^2+$B$23*$A13^3 -> 4.3645887 | E13: =$D13-$C13 -> 0.012588745 | F13: =$E13^2 -> 0.00015847649
A14: 8 | B14: 1.1579 | C14: =B14*4 -> 4.6316 | D14: =$B$20+$B$21*$A14+$B$22*$A14^2+$B$23*$A14^3 -> 4.6879703 | E14: =$D14-$C14 -> 0.05637032 | F14: =$E14^2 -> 0.003177613
A15: 9 | B15: 1.2107 | C15: =B15*4 -> 4.8428 | D15: =$B$20+$B$21*$A15+$B$22*$A15^2+$B$23*$A15^3 -> 4.8885943 | E15: =$D15-$C15 -> 0.045794256 | F15: =$E15^2 -> 0.0020971139
A16: 10 | B16: 1.2497 | C16: =B16*4 -> 4.9988 | D16: =$B$20+$B$21*$A16+$B$22*$A16^2+$B$23*$A16^3 -> 4.9509654 | E16: =$D16-$C16 -> -0.047834642 | F16: =$E16^2 -> 0.002288153
F17: =SUM(F6:F16) -> 0.018909725
A19: f(x)=P0+P1*x+P2*x^2+P3*x^3
A20: P0 | B20: -0.034699973
A21: P1 | B21: 0.75080022
A22: P2 | B22: 0.00060195307
A23: P3 | B23: -0.0025825322
A26: I/100 [A] | B26: B [kG] | C26: BatPole [kG] | D26: f(x) | E26: f(x)-Y | F26: Z
A27: 0 | B27: -0.0019 | C27: =B27*4 -> -0.0076 | D27: =$B$41+$B$42*$C27+$B$43*$C27^2+$B$44*$C27^3 -> -0.12505963 | E27: =$D27-$A27 -> -0.12505963 | F27: =$E27^2 -> 0.015639912
A28: 1 | B28: 0.1759 | C28: =B28*4 -> 0.7036 | D28: =$B$41+$B$42*$C28+$B$43*$C28^2+$B$44*$C28^3 -> 1.191373 | E28: =$D28-$A28 -> 0.19137299 | F28: =$E28^2 -> 0.03662362
A29: 2 | B29: 0.3533 | C29: =B29*4 -> 1.4132 | D29: =$B$41+$B$42*$C29+$B$43*$C29^2+$B$44*$C29^3 -> 2.1189924 | E29: =$D29-$A29 -> 0.11899239 | F29: =$E29^2 -> 0.01415919
A30: 3 | B30: 0.5292 | C30: =B30*4 -> 2.1168 | D30: =$B$41+$B$42*$C30+$B$43*$C30^2+$B$44*$C30^3 -> 2.8994515 | E30: =$D30-$A30 -> -0.10054854 | F30: =$E30^2 -> 0.010110008
A31: 4 | B31: 0.703 | C31: =B31*4 -> 2.812 | D31: =$B$41+$B$42*$C31+$B$43*$C31^2+$B$44*$C31^3 -> 3.7684822 | E31: =$D31-$A31 -> -0.23151776 | F31: =$E31^2 -> 0.053600473
A32: 5 | B32: 0.8707 | C32: =B32*4 -> 3.4828 | D32: =$B$41+$B$42*$C32+$B$43*$C32^2+$B$44*$C32^3 -> 4.9158156 | E32: =$D32-$A32 -> -0.084184446 | F32: =$E32^2 -> 0.0070870209
A33: 6 | B33: 0.9964 | C33: =B33*4 -> 3.9856 | D33: =$B$41+$B$42*$C33+$B$43*$C33^2+$B$44*$C33^3 -> 6.1005974 | E33: =$D33-$A33 -> 0.10059738 | F33: =$E33^2 -> 0.010119834
A34: 7 | B34: 1.088 | C34: =B34*4 -> 4.352 | D34: =$B$41+$B$42*$C34+$B$43*$C34^2+$B$44*$C34^3 -> 7.1952739 | E34: =$D34-$A34 -> 0.19527391 | F34: =$E34^2 -> 0.038131899
A35: 8 | B35: 1.1579 | C35: =B35*4 -> 4.6316 | D35: =$B$41+$B$42*$C35+$B$43*$C35^2+$B$44*$C35^3 -> 8.1855005 | E35: =$D35-$A35 -> 0.18550049 | F35: =$E35^2 -> 0.034410432
A36: 9 | B36: 1.2107 | C36: =B36*4 -> 4.8428 | D36: =$B$41+$B$42*$C36+$B$43*$C36^2+$B$44*$C36^3 -> 9.032513 | E36: =$D36-$A36 -> 0.03251304 | F36: =$E36^2 -> 0.0010570978
A37: 10 | B37: 1.2497 | C37: =B37*4 -> 4.9988 | D37: =$B$41+$B$42*$C37+$B$43*$C37^2+$B$44*$C37^3 -> 9.7171048 | E37: =$D37-$A37 -> -0.28289521 | F37: =$E37^2 -> 0.080029698
F38: =SUM(F27:F37) -> 0.30096918
A40: f(x)=P0+P1*x+P2*x^2+P3*x^3
A41: P0 | B41: -0.10808253
A42: P1 | B42: 2.2290834
A43: P2 | B43: -0.62357949
A44: P3 | B44: 0.11419781
I45: Current [A] (Input) | K45: 60
I46: Field at Pole [kG] | K46: =$B$20+$B$21*K45/100+$B$22*K45^2*0.0001+$B$23*K45^3*0.000001 -> 0.41543904
I48: Field at Pole (Input) | K48: 0.419
I49: Current | K49: =$B$41*100+$B$42*K48*100+$B$43*K48^2*100+$B$44*K48^3*100 -> 72.482758

Sheet K1.8S2
A1: K1.8S2 | B1: SX504
A2: at Poleでは、x4
A3: half aperture=12.5cm
A5: I/100 [A] | B5: B [kG] | C5: BatPole [kG] | D5: f(x) | E5: f(x)-Y | F5: Z
A6: 0 | B6: 0.0025 | C6: =B6*4 -> 0.01 | D6: =$B$20+$B$21*$A6+$B$22*$A6^2+$B$23*$A6^3 -> -0.030629078 | E6: =$D6-$C6 -> -0.040629078 | F6: =$E6^2 -> 0.001650722
A7: 1 | B7: 0.1883 | C7: =B7*4 -> 0.7532 | D7: =$B$20+$B$21*$A7+$B$22*$A7^2+$B$23*$A7^3 -> 0.77404236 | E7: =$D7-$C7 -> 0.020842358 | F7: =$E7^2 -> 0.0004344039
A8: 2 | B8: 0.3719 | C8: =B8*4 -> 1.4876 | D8: =$B$20+$B$21*$A8+$B$22*$A8^2+$B$23*$A8^3 -> 1.5417999 | E8: =$D8-$C8 -> 0.054199888 | F8: =$E8^2 -> 0.0029376278
A9: 3 | B9: 0.5544 | C9: =B9*4 -> 2.2176 | D9: =$B$20+$B$21*$A9+$B$22*$A9^2+$B$23*$A9^3 -> 2.2608824 | E9: =$D9-$C9 -> 0.043282366 | F9: =$E9^2 -> 0.0018733632
A10: 4 | B10: 0.7344 | C10: =B10*4 -> 2.9376 | D10: =$B$20+$B$21*$A10+$B$22*$A10^2+$B$23*$A10^3 -> 2.9195286 | E10: =$D10-$C10 -> -0.018071351 | F10: =$E10^2 -> 0.00032657374
A11: 5 | B11: 0.8998 | C11: =B11*4 -> 3.5992 | D11: =$B$20+$B$21*$A11+$B$22*$A11^2+$B$23*$A11^3 -> 3.5059776 | E11: =$D11-$C11 -> -0.093222408 | F11: =$E11^2 -> 0.0086904174
A12: 6 | B12: 1.0147 | C12: =B12*4 -> 4.0588 | D12: =$B$20+$B$21*$A12+$B$22*$A12^2+$B$23*$A12^3 -> 4.0084681 | E12: =$D12-$C12 -> -0.050331948 | F12: =$E12^2 -> 0.002533305
A13: 7 | B13: 1.0977 | C13: =B13*4 -> 4.3908 | D13: =$B$20+$B$21*$A13+$B$22*$A13^2+$B$23*$A13^3 -> 4.4152389 | E13: =$D13-$C13 -> 0.024438884 | F13: =$E13^2 -> 0.00059725905
A14: 8 | B14: 1.1625 | C14: =B14*4 -> 4.65 | D14: =$B$20+$B$21*$A14+$B$22*$A14^2+$B$23*$A14^3 -> 4.7145289 | E14: =$D14-$C14 -> 0.064528944 | F14: =$E14^2 -> 0.0041639847
A15: 9 | B15: 1.2107 | C15: =B15*4 -> 4.8428 | D15: =$B$20+$B$21*$A15+$B$22*$A15^2+$B$23*$A15^3 -> 4.8945771 | E15: =$D15-$C15 -> 0.051777089 | F15: =$E15^2 -> 0.002680867
A16: 10 | B16: 1.2502 | C16: =B16*4 -> 5.0008 | D16: =$B$20+$B$21*$A16+$B$22*$A16^2+$B$23*$A16^3 -> 4.9436222 | E16: =$D16-$C16 -> -0.057177826 | F16: =$E16^2 -> 0.0032693038
F17: =SUM(F6:F16) -> 0.029157828
A19: f(x)=P0+P1*x+P2*x^2+P3*x^3
A20: P0 | B20: -0.030629078
A21: P1 | B21: 0.81920801
A22: P2 | B22: -0.012576382
A23: P3 | B23: -0.0019601907
A26: I/100 [A] | B26: B [kG] | C26: BatPole [kG] | D26: f(x) | E26: f(x)-Y | F26: Z
A27: 0 | B27: 0.0025 | C27: =B27*4 -> 0.01 | D27: =$B$41+$B$42*$C27+$B$43*$C27^2+$B$44*$C27^3 -> -0.12947678 | E27: =$D27-$A27 -> -0.12947678 | F27: =$E27^2 -> 0.016764238
A28: 1 | B28: 0.1883 | C28: =B28*4 -> 0.7532 | D28: =$B$41+$B$42*$C28+$B$43*$C28^2+$B$44*$C28^3 -> 1.2164932 | E28: =$D28-$A28 -> 0.21649315 | F28: =$E28^2 -> 0.046869285
A29: 2 | B29: 0.3719 | C29: =B29*4 -> 1.4876 | D29: =$B$41+$B$42*$C29+$B$43*$C29^2+$B$44*$C29^3 -> 2.1074061 | E29: =$D29-$A29 -> 0.10740611 | F29: =$E29^2 -> 0.011536073
A30: 3 | B30: 0.5544 | C30: =B30*4 -> 2.2176 | D30: =$B$41+$B$42*$C30+$B$43*$C30^2+$B$44*$C30^3 -> 2.8583105 | E30: =$D30-$A30 -> -0.14168954 | F30: =$E30^2 -> 0.020075927
A31: 4 | B31: 0.7344 | C31: =B31*4 -> 2.9376 | D31: =$B$41+$B$42*$C31+$B$43*$C31^2+$B$44*$C31^3 -> 3.755299 | E31: =$D31-$A31 -> -0.24470101 | F31: =$E31^2 -> 0.059878586
A32: 5 | B32: 0.8998 | C32: =B32*4 -> 3.5992 | D32: =$B$41+$B$42*$C32+$B$43*$C32^2+$B$44*$C32^3 -> 4.9601008 | E32: =$D32-$A32 -> -0.039899162 | F32: =$E32^2 -> 0.0015919431
A33: 6 | B33: 1.0147 | C33: =B33*4 -> 4.0588 | D33: =$B$41+$B$42*$C33+$B$43*$C33^2+$B$44*$C33^3 -> 6.1313702 | E33: =$D33-$A33 -> 0.1313702 | F33: =$E33^2 -> 0.017258129
A34: 7 | B34: 1.0977 | C34: =B34*4 -> 4.3908 | D34: =$B$41+$B$42*$C34+$B$43*$C34^2+$B$44*$C34^3 -> 7.1961762 | E34: =$D34-$A34 -> 0.19617624 | F34: =$E34^2 -> 0.038485117
A35: 8 | B35: 1.1625 | C35: =B35*4 -> 4.65 | D35: =$B$41+$B$42*$C35+$B$43*$C35^2+$B$44*$C35^3 -> 8.1753523 | E35: =$D35-$A35 -> 0.17535234 | F35: =$E35^2 -> 0.030748443
A36: 9 | B36: 1.2107 | C36: =B36*4 -> 4.8428 | D36: =$B$41+$B$42*$C36+$B$43*$C36^2+$B$44*$C36^3 -> 8.9964003 | E36: =$D36-$A36 -> -0.0035996888 | F36: =$E36^2 -> 1.2957759e-05
A37: 10 | B37: 1.2502 | C37: =B37*4 -> 5.0008 | D37: =$B$41+$B$42*$C37+$B$43*$C37^2+$B$44*$C37^3 -> 9.7324846 | E37: =$D37-$A37 -> -0.26751541 | F37: =$E37^2 -> 0.071564494
F38: =SUM(F27:F37) -> 0.31478519
A40: f(x)=P0+P1*x+P2*x^2+P3*x^3
A41: P0 | B41: -0.15204963
A42: P1 | B42: 2.2641604
A43: P2 | B43: -0.68880244
A44: P3 | B44: 0.12623934
I45: Current [A] (Input) | K45: 153
I46: Field at Pole [kG] | K46: =$B$20+$B$21*K45/100+$B$22*K45^2*0.0001+$B$23*K45^3*0.000001 -> 1.1862986
I48: Field at Pole (Input) | K48: 1.141
I49: Current | K49: =$B$41*100+$B$42*K48*100+$B$43*K48^2*100+$B$44*K48^3*100 -> 172.21404

Sheet K1.8Q5
A1: K1.8Q5 | B1: NQ510
A2: at Poleでは、x2
A3: half aperture=12.5cm
A5: I/100 [A] | B5: B [kG] | C5: BatPole [kG] | D5: f(x) | E5: f(x)-Y | F5: Z
A6: 0 | B6: 0.0033 | C6: =B6*2 -> 0.0066 | D6: =$B$22+$B$23*$A6+$B$24*$A6^2+$B$25*$A6^3 -> 0.019145826 | E6: =$D6-$C6 -> 0.012545826 | F6: =$E6^2 -> 0.00015739776
A7: 1 | B7: 0.4251 | C7: =B7*2 -> 0.8502 | D7: =$B$22+$B$23*$A7+$B$24*$A7^2+$B$25*$A7^3 -> 0.84488478 | E7: =$D7-$C7 -> -0.0053152197 | F7: =$E7^2 -> 2.825156e-05
A8: 2 | B8: 0.849 | C8: =B8*2 -> 1.698 | D8: =$B$22+$B$23*$A8+$B$24*$A8^2+$B$25*$A8^3 -> 1.683882 | E8: =$D8-$C8 -> -0.014118027 | F8: =$E8^2 -> 0.00019931868
A9: 3 | B9: 1.2711 | C9: =B9*2 -> 2.5422 | D9: =$B$22+$B$23*$A9+$B$24*$A9^2+$B$25*$A9^3 -> 2.5320988 | E9: =$D9-$C9 -> -0.010101206 | F9: =$E9^2 -> 0.00010203437
A10: 4 | B10: 1.693 | C10: =B10*2 -> 3.386 | D10: =$B$22+$B$23*$A10+$B$24*$A10^2+$B$25*$A10^3 -> 3.3854966 | E10: =$D10-$C10 -> -0.00050337032 | F10: =$E10^2 -> 2.5338168e-07
A11: 5 | B11: 2.1177 | C11: =B11*2 -> 4.2354 | D11: =$B$22+$B$23*$A11+$B$24*$A11^2+$B$25*$A11^3 -> 4.2400369 | E11: =$D11-$C11 -> 0.0046368702 | F11: =$E11^2 -> 2.1500566e-05
A12: 6 | B12: 2.5409 | C12: =B12*2 -> 5.0818 | D12: =$B$22+$B$23*$A12+$B$24*$A12^2+$B$25*$A12^3 -> 5.0916809 | E12: =$D12-$C12 -> 0.0098809037 | F12: =$E12^2 -> 9.7632257e-05
A13: 7 | B13: 2.9605 | C13: =B13*2 -> 5.921 | D13: =$B$22+$B$23*$A13+$B$24*$A13^2+$B$25*$A13^3 -> 5.9363901 | E13: =$D13-$C13 -> 0.015390118 | F13: =$E13^2 -> 0.00023685575
A14: 8 | B14: 3.3798 | C14: =B14*2 -> 6.7596 | D14: =$B$22+$B$23*$A14+$B$24*$A14^2+$B$25*$A14^3 -> 6.7701259 | E14: =$D14-$C14 -> 0.010525903 | F14: =$E14^2 -> 0.00011079463
A15: 9 | B15: 3.7958 | C15: =B15*2 -> 7.5916 | D15: =$B$22+$B$23*$A15+$B$24*$A15^2+$B$25*$A15^3 -> 7.5888496 | E15: =$D15-$C15 -> -0.0027503541 | F15: =$E15^2 -> 7.5644476e-06
A16: 10 | B16: 4.2055 | C16: =B16*2 -> 8.411 | D16: =$B$22+$B$23*$A16+$B$24*$A16^2+$B$25*$A16^3 -> 8.3885227 | E16: =$D16-$C16 -> -0.022477264 | F16: =$E16^2 -> 0.00050522741
A17: 11 | B17: 4.5932 | C17: =B17*2 -> 9.1864 | D17: =$B$22+$B$23*$A17+$B$24*$A17^2+$B$25*$A17^3 -> 9.1651066 | E17: =$D17-$C17 -> -0.021293439 | F17: =$E17^2 -> 0.00045341056
A18: 12 | B18: 4.9458 | C18: =B18*2 -> 9.8916 | D18: =$B$22+$B$23*$A18+$B$24*$A18^2+$B$25*$A18^3 -> 9.9145625 | E18: =$D18-$C18 -> 0.022962509 | F18: =$E18^2 -> 0.00052727683
F19: =SUM(F6:F18) -> 0.0024475182
A21: f(x)=P0+P1*x+P2*x^2+P3*x^3
A22: P0 | B22: 0.019145826
A23: P1 | B23: 0.81776363
A24: P2 | B24: 0.0086484252
A25: P3 | B25: -0.00067310192
A28: I/100 [A] | B28: B [kG] | C28: BatPole [kG] | D28: f(x) | E28: f(x)-Y | F28: Z
A29: 0 | B29: 0.0033 | C29: =B29*2 -> 0.0066 | D29: =$B$45+$B$46*$C29+$B$47*$C29^2+$B$48*$C29^3 -> -0.016704423 | E29: =$D29-$A29 -> -0.016704423 | F29: =$E29^2 -> 0.00027903773
A30: 1 | B30: 0.4251 | C30: =B30*2 -> 0.8502 | D30: =$B$45+$B$46*$C30+$B$47*$C30^2+$B$48*$C30^3 -> 1.0067421 | E30: =$D30-$A30 -> 0.0067420817 | F30: =$E30^2 -> 4.5455666e-05
A31: 2 | B31: 0.849 | C31: =B31*2 -> 1.698 | D31: =$B$45+$B$46*$C31+$B$47*$C31^2+$B$48*$C31^3 -> 2.0178701 | E31: =$D31-$A31 -> 0.017870146 | F31: =$E31^2 -> 0.0003193421
A32: 3 | B32: 1.2711 | C32: =B32*2 -> 2.5422 | D32: =$B$45+$B$46*$C32+$B$47*$C32^2+$B$48*$C32^3 -> 3.012665 | E32: =$D32-$A32 -> 0.012665023 | F32: =$E32^2 -> 0.0001604028
A33: 4 | B33: 1.693 | C33: =B33*2 -> 3.386 | D33: =$B$45+$B$46*$C33+$B$47*$C33^2+$B$48*$C33^3 -> 4.0002748 | E33: =$D33-$A33 -> 0.00027480607 | F33: =$E33^2 -> 7.5518374e-08
A34: 5 | B34: 2.1177 | C34: =B34*2 -> 4.2354 | D34: =$B$45+$B$46*$C34+$B$47*$C34^2+$B$48*$C34^3 -> 4.9930065 | E34: =$D34-$A34 -> -0.0069934526 | F34: =$E34^2 -> 4.890838e-05
A35: 6 | B35: 2.5409 | C35: =B35*2 -> 5.0818 | D35: =$B$45+$B$46*$C35+$B$47*$C35^2+$B$48*$C35^3 -> 5.986143 | E35: =$D35-$A35 -> -0.013856953 | F35: =$E35^2 -> 0.00019201514
A36: 7 | B36: 2.9605 | C36: =B36*2 -> 5.921 | D36: =$B$45+$B$46*$C36+$B$47*$C36^2+$B$48*$C36^3 -> 6.9799395 | E36: =$D36-$A36 -> -0.020060516 | F36: =$E36^2 -> 0.0004024243
A37: 8 | B37: 3.3798 | C37: =B37*2 -> 6.7596 | D37: =$B$45+$B$46*$C37+$B$47*$C37^2+$B$48*$C37^3 -> 7.9872884 | E37: =$D37-$A37 -> -0.012711618 | F37: =$E37^2 -> 0.00016158522
A38: 9 | B38: 3.7958 | C38: =B38*2 -> 7.5916 | D38: =$B$45+$B$46*$C38+$B$47*$C38^2+$B$48*$C38^3 -> 9.0059102 | E38: =$D38-$A38 -> 0.0059102207 | F38: =$E38^2 -> 3.4930709e-05
A39: 10 | B39: 4.2055 | C39: =B39*2 -> 8.411 | D39: =$B$45+$B$46*$C39+$B$47*$C39^2+$B$48*$C39^3 -> 10.032735 | E39: =$D39-$A39 -> 0.03273525 | F39: =$E39^2 -> 0.0010715966
A40: 11 | B40: 4.5932 | C40: =B40*2 -> 9.1864 | D40: =$B$45+$B$46*$C40+$B$47*$C40^2+$B$48*$C40^3 -> 11.030413 | E40: =$D40-$A40 -> 0.03041303 | F40: =$E40^2 -> 0.00092495239
A41: 12 | B41: 4.9458 | C41: =B41*2 -> 9.8916 | D41: =$B$45+$B$46*$C41+$B$47*$C41^2+$B$48*$C41^3 -> 11.963231 | E41: =$D41-$A41 -> -0.036769129 | F41: =$E41^2 -> 0.0013519689
F42: =SUM(F29:F41) -> 0.0049926954
A44: f(x)=P0+P1*x+P2*x^2+P3*x^3
A45: P0 | B45: -0.024793575
A46: P1 | B46: 1.2257339
A47: P2 | B47: -0.015886889
A48: P3 | B48: 0.0014651192
I49: Current [A] (Input) | K49: 853
I50: Field at Pole [kG] | K50: =$B$22+$B$23*K49/100+$B$24*K49^2*0.0001+$B$25*K49^3*0.000001 -> 7.2061758
I52: Field at Pole (Input) | K52: 7.201
I53: Current | K53: =$B$45*100+$B$46*K52*100+$B$47*K52^2*100+$B$48*K52^3*100 -> 852.49916

Sheet K1.8Q6
A1: K1.8Q6 | B1: NQ610
A2: at Poleでは、x150/80
A3: half aperture=15cm
A5: I/100 [A] | B5: B [kG] | C5: BatPole [kG] | D5: f(x) | E5: f(x)-Y | F5: Z
A6: 0 | B6: 0.0043 | C6: =B6*150/80 -> 0.0080625 | D6: =$B$27+$B$28*$A6+$B$29*$A6^2+$B$30*$A6^3 -> 0.040647528 | E6: =$D6-$C6 -> 0.032585028 | F6: =$E6^2 -> 0.001061784
A7: 1 | B7: 0.4335 | C7: =B7*150/80 -> 0.8128125 | D7: =$B$27+$B$28*$A7+$B$29*$A7^2+$B$30*$A7^3 -> 0.80586175 | E7: =$D7-$C7 -> -0.0069507488 | F7: =$E7^2 -> 4.8312909e-05
A8: 2 | B8: 0.8653 | C8: =B8*150/80 -> 1.6224375 | D8: =$B$27+$B$28*$A8+$B$29*$A8^2+$B$30*$A8^3 -> 1.5937126 | E8: =$D8-$C8 -> -0.028724891 | F8: =$E8^2 -> 0.00082511936
A9: 3 | B9: 1.2931 | C9: =B9*150/80 -> 2.4245625 | D9: =$B$27+$B$28*$A9+$B$29*$A9^2+$B$30*$A9^3 -> 2.3983631 | E9: =$D9-$C9 -> -0.026199436 | F9: =$E9^2 -> 0.00068641046
A10: 4 | B10: 1.7258 | C10: =B10*150/80 -> 3.235875 | D10: =$B$27+$B$28*$A10+$B$29*$A10^2+$B$30*$A10^3 -> 3.2139761 | E10: =$D10-$C10 -> -0.021898923 | F10: =$E10^2 -> 0.00047956282
A11: 5 | B11: 2.1528 | C11: =B11*150/80 -> 4.0365 | D11: =$B$27+$B$28*$A11+$B$29*$A11^2+$B$30*$A11^3 -> 4.0347146 | E11: =$D11-$C11 -> -0.0017853883 | F11: =$E11^2 -> 3.1876113e-06
A12: 6 | B12: 2.5796 | C12: =B12*150/80 -> 4.83675 | D12: =$B$27+$B$28*$A12+$B$29*$A12^2+$B$30*$A12^3 -> 4.8547416 | E12: =$D12-$C12 -> 0.01799163 | F12: =$E12^2 -> 0.00032369874
A13: 7 | B13: 3.0069 | C13: =B13*150/80 -> 5.6379375 | D13: =$B$27+$B$28*$A13+$B$29*$A13^2+$B$30*$A13^3 -> 5.6682201 | E13: =$D13-$C13 -> 0.030282593 | F13: =$E13^2 -> 0.00091703545
A14: 8 | B14: 3.4311 | C14: =B14*150/80 -> 6.4333125 | D14: =$B$27+$B$28*$A14+$B$29*$A14^2+$B$30*$A14^3 -> 6.469313 | E14: =$D14-$C14 -> 0.036000464 | F14: =$E14^2 -> 0.0012960334
A15: 9 | B15: 3.8545 | C15: =B15*150/80 -> 7.2271875 | D15: =$B$27+$B$28*$A15+$B$29*$A15^2+$B$30*$A15^3 -> 7.2521832 | E15: =$D15-$C15 -> 0.024995706 | F15: =$E15^2 -> 0.00062478531
A16: 10 | B16: 4.2742 | C16: =B16*150/80 -> 8.014125 | D16: =$B$27+$B$28*$A16+$B$29*$A16^2+$B$30*$A16^3 -> 8.0109938 | E16: =$D16-$C16 -> -0.0031312207 | F16: =$E16^2 -> 9.8045429e-06
A17: 11 | B17: 4.678 | C17: =B17*150/80 -> 8.77125 | D17: =$B$27+$B$28*$A17+$B$29*$A17^2+$B$30*$A17^3 -> 8.7399076 | E17: =$D17-$C17 -> -0.031342353 | F17: =$E17^2 -> 0.00098234307
... A23: 17 | B23: 6.4902 | C23: =B23*150/80 -> 12.169125 | D23: =$B$27+$B$28*$A23+$B$29*$A23^2+$B$30*$A23^3 -> 12.158686 | E23: =$D23-$C23 -> -0.010439075 | F23: =$E23^2 -> 0.00010897429
F24: =SUM(F6:F23) -> 0.0098868984
A26: f(x)=P0+P1*x+P2*x^2+P3*x^3
A27: P0 | B27: 0.040647528
A28: P1 | B28: 0.75195023
A29: P2 | B29: 0.014236836
A30: P3 | B30: -0.00097283963
A33: I/100 [A] | B33: B [kG] | C33: BatPole [kG] | D33: f(x) | E33: f(x)-Y | F33: Z
A34: 0 | B34: 0.0043 | C34: =B34*150/80 -> 0.0080625 | D34: =$B$55+$B$56*$C34+$B$57*$C34^2+$B$58*$C34^3 -> -0.10088548 | E34: =$D34-$A34 -> -0.10088548 | F34: =$E34^2 -> 0.01017788
A35: 1 | B35: 0.4335 | C35: =B35*150/80 -> 0.8128125 | D35: =$B$55+$B$56*$C35+$B$57*$C35^2+$B$58*$C35^3 -> 1.0156182 | E35: =$D35-$A35 -> 0.015618177 | F35: =$E35^2 -> 0.00024392746
A36: 2 | B36: 0.8653 | C36: =B36*150/80 -> 1.6224375 | D36: =$B$55+$B$56*$C36+$B$57*$C36^2+$B$58*$C36^3 -> 2.0770843 | E36: =$D36-$A36 -> 0.07708431 | F36: =$E36^2 -> 0.0059419909
A37: 3 | B37: 1.2931 | C37: =B37*150/80 -> 2.4245625 | D37: =$B$55+$B$56*$C37+$B$57*$C37^2+$B$58*$C37^3 -> 3.0818282 | E37: =$D37-$A37 -> 0.081828222 | F37: =$E37^2 -> 0.0066958579
A38: 4 | B38: 1.7258 | C38: =B38*150/80 -> 3.235875 | D38: =$B$55+$B$56*$C38+$B$57*$C38^2+$B$58*$C38^3 -> 4.0650615 | E38: =$D38-$A38 -> 0.065061481 | F38: =$E38^2 -> 0.0042329963
A39: 5 | B39: 2.1528 | C39: =B39*150/80 -> 4.0365 | D39: =$B$55+$B$56*$C39+$B$57*$C39^2+$B$58*$C39^3 -> 5.0169892 | E39: =$D39-$A39 -> 0.016989241 | F39: =$E39^2 -> 0.00028863431
A40: 6 | B40: 2.5796 | C40: =B40*150/80 -> 4.83675 | D40: =$B$55+$B$56*$C40+$B$57*$C40^2+$B$58*$C40^3 -> 5.9643378 | E40: =$D40-$A40 -> -0.03566224 | F40: =$E40^2 -> 0.0012717954
A41: 7 | B41: 3.0069 | C41: =B41*150/80 -> 5.6379375 | D41: =$B$55+$B$56*$C41+$B$57*$C41^2+$B$58*$C41^3 -> 6.9227041 | E41: =$D41-$A41 -> -0.077295917 | F41: =$E41^2 -> 0.0059746588
A42: 8 | B42: 3.4311 | C42: =B42*150/80 -> 6.4333125 | D42: =$B$55+$B$56*$C42+$B$57*$C42^2+$B$58*$C42^3 -> 7.8977966 | E42: =$D42-$A42 -> -0.10220335 | F42: =$E42^2 -> 0.010445526
A43: 9 | B43: 3.8545 | C43: =B43*150/80 -> 7.2271875 | D43: =$B$55+$B$56*$C43+$B$57*$C43^2+$B$58*$C43^3 -> 8.9083231 | E43: =$D43-$A43 -> -0.09167693 | F43: =$E43^2 -> 0.0084046596
A44: 10 | B44: 4.2742 | C44: =B44*150/80 -> 8.014125 | D44: =$B$55+$B$56*$C44+$B$57*$C44^2+$B$58*$C44^3 -> 9.960243 | E44: =$D44-$A44 -> -0.039756981 | F44: =$E44^2 -> 0.0015806175
A45: 11 | B45: 4.678 | C45: =B45*150/80 -> 8.77125 | D45: =$B$55+$B$56*$C45+$B$57*$C45^2+$B$58*$C45^3 -> 11.031968 | E45: =$D45-$A45 -> 0.031967824 | F45: =$E45^2 -> 0.0010219418
... A51: 17 | B51: 6.4902 | C51: =B51*150/80 -> 12.169125 | D51: =$B$55+$B$56*$C51+$B$57*$C51^2+$B$58*$C51^3 -> 16.880186 | E51: =$D51-$A51 -> -0.11981446 | F51: =$E51^2 -> 0.014355504
F52: =SUM(F34:F51) -> 0.094761337
A54: f(x)=P0+P1*x+P2*x^2+P3*x^3 | I54: Current [A] (Input) | K54: 1011
A55: P0 | B55: -0.11242965 | I55: Field at Pole [kG] | K55: =$B$27+$B$28*K54/100+$B$29*K54^2*0.0001+$B$30*K54^3*0.000001 -> 8.0927435
A56: P1 | B56: 1.4323059
A57: P2 | B57: -0.05841992 | I57: Field at Pole (Input) | K57: 8.1
A58: P3 | B58: 0.0045580086 | I58: Current | K58: =$B$55*100+$B$56*K57*100+$B$57*K57^2*100+$B$58*K57^3*100 -> 1007.863

Sheet K1.8D3
A1: K1.8D3 | B1: 6D330S
A2: Half Gap=7.5cm
A3: Half Width=20cm
A5: I/100 [A] | B5: B [kG] | C5: B [kG] | D5: f(x) | E5: f(x)-Y | F5: Z
A6: 0 | B6: 0.0062 | C6: =B6 -> 0.0062 | D6: =$B$20+$B$21*$A6+$B$22*$A6^2+$B$23*$A6^3 -> -0.1574916 | E6: =$D6-$C6 -> -0.1636916 | F6: =$E6^2 -> 0.02679494
A7: 1 | B7: 3.3921 | C7: =B7 -> 3.3921 | D7: =$B$20+$B$21*$A7+$B$22*$A7^2+$B$23*$A7^3 -> 3.4865196 | E7: =$D7-$C7 -> 0.094419623 | F7: =$E7^2 -> 0.0089150652
A8: 2 | B8: 6.7304 | C8: =B8 -> 6.7304 | D8: =$B$20+$B$21*$A8+$B$22*$A8^2+$B$23*$A8^3 -> 6.9512711 | E8: =$D8-$C8 -> 0.2208711 | F8: =$E8^2 -> 0.048784041
A9: 3 | B9: 10.0631 | C9: =B9 -> 10.0631 | D9: =$B$20+$B$21*$A9+$B$22*$A9^2+$B$23*$A9^3 -> 10.186806 | E9: =$D9-$C9 -> 0.12370595 | F9: =$E9^2 -> 0.015303162
A10: 4 | B10: 13.2266 | C10: =B10 -> 13.2266 | D10: =$B$20+$B$21*$A10+$B$22*$A10^2+$B$23*$A10^3 -> 13.143167 | E10: =$D10-$C10 -> -0.083432699 | F10: =$E10^2 -> 0.0069610152
A11: 5 | B11: 16.0106 | C11: =B11 -> 16.0106 | D11: =$B$20+$B$21*$A11+$B$22*$A11^2+$B$23*$A11^3 -> 15.770398 | E11: =$D11-$C11 -> -0.24020172 | F11: =$E11^2 -> 0.057696865
A12: 6 | B12: 18.2678 | C12: =B12 -> 18.2678 | D12: =$B$20+$B$21*$A12+$B$22*$A12^2+$B$23*$A12^3 -> 18.018542 | E12: =$D12-$C12 -> -0.24925798 | F12: =$E12^2 -> 0.062129543
A13: 7 | B13: 19.8351 | C13: =B13 -> 19.8351 | D13: =$B$20+$B$21*$A13+$B$22*$A13^2+$B$23*$A13^3 -> 19.837642 | E13: =$D13-$C13 -> 0.0025416274 | F13: =$E13^2 -> 6.4598698e-06
A14: 8 | B14: 20.8852 | C14: =B14 -> 20.8852 | D14: =$B$20+$B$21*$A14+$B$22*$A14^2+$B$23*$A14^3 -> 21.17774 | E14: =$D14-$C14 -> 0.29254024 | F14: =$E14^2 -> 0.085579793
A15: 9 | B15: 21.7361 | C15: =B15 -> 21.7361 | D15: =$B$20+$B$21*$A15+$B$22*$A15^2+$B$23*$A15^3 -> 21.988881 | E15: =$D15-$C15 -> 0.25278099 | F15: =$E15^2 -> 0.063898227
A16: 10 | B16: 22.4721 | C16: =B16 -> 22.4721 | D16: =$B$20+$B$21*$A16+$B$22*$A16^2+$B$23*$A16^3 -> 22.221107 | E16: =$D16-$C16 -> -0.25099302 | F16: =$E16^2 -> 0.062997495
F17: =SUM(F6:F16) -> 0.43906661
A19: f(x)=P0+P1*x+P2*x^2+P3*x^3
A20: P0 | B20: -0.1574916
A21: P1 | B21: 3.7169888
A22: P2 | B22: -0.064651437
A23: P3 | B23: -0.0083261458
A26: I/100 [A] | B26: B [kG] | C26: BatPole [kG] | D26: f(x) | E26: f(x)-Y | F26: Z
A27: 0 | B27: 0.0062 | C27: =B27 -> 0.0062 | D27: =$B$41+$B$42*$C27+$B$43*$C27^2+$B$44*$C27^3 -> -0.13048346 | E27: =$D27-$A27 -> -0.13048346 | F27: =$E27^2 -> 0.017025933
A28: 1 | B28: 3.3921 | C28: =B28 -> 3.3921 | D28: =$B$41+$B$42*$C28+$B$43*$C28^2+$B$44*$C28^3 -> 1.2099715 | E28: =$D28-$A28 -> 0.20997155 | F28: =$E28^2 -> 0.04408805
A29: 2 | B29: 6.7304 | C29: =B29 -> 6.7304 | D29: =$B$41+$B$42*$C29+$B$43*$C29^2+$B$44*$C29^3 -> 2.1030825 | E29: =$D29-$A29 -> 0.10308254 | F29: =$E29^2 -> 0.01062601
A30: 3 | B30: 10.0631 | C30: =B30 -> 10.0631 | D30: =$B$41+$B$42*$C30+$B$43*$C30^2+$B$44*$C30^3 -> 2.8730749 | E30: =$D30-$A30 -> -0.12692508 | F30: =$E30^2 -> 0.016109976
A31: 4 | B31: 13.2266 | C31: =B31 -> 13.2266 | D31: =$B$41+$B$42*$C31+$B$43*$C31^2+$B$44*$C31^3 -> 3.7652382 | E31: =$D31-$A31 -> -0.23476175 | F31: =$E31^2 -> 0.055113081
A32: 5 | B32: 16.0106 | C32: =B32 -> 16.0106 | D32: =$B$41+$B$42*$C32+$B$43*$C32^2+$B$44*$C32^3 -> 4.8883867 | E32: =$D32-$A32 -> -0.11161326 | F32: =$E32^2 -> 0.01245752
A33: 6 | B33: 18.2678 | C33: =B33 -> 18.2678 | D33: =$B$41+$B$42*$C33+$B$43*$C33^2+$B$44*$C33^3 -> 6.1577247 | E33: =$D33-$A33 -> 0.15772473 | F33: =$E33^2 -> 0.024877092
A34: 7 | B34: 19.8351 | C34: =B34 -> 19.8351 | D34: =$B$41+$B$42*$C34+$B$43*$C34^2+$B$44*$C34^3 -> 7.2817001 | E34: =$D34-$A34 -> 0.28170008 | F34: =$E34^2 -> 0.079354936
A35: 8 | B35: 20.8852 | C35: =B35 -> 20.8852 | D35: =$B$41+$B$42*$C35+$B$43*$C35^2+$B$44*$C35^3 -> 8.1641554 | E35: =$D35-$A35 -> 0.16415543 | F35: =$E35^2 -> 0.026947004
A36: 9 | B36: 21.7361 | C36: =B36 -> 21.7361 | D36: =$B$41+$B$42*$C36+$B$43*$C36^2+$B$44*$C36^3 -> 8.9629551 | E36: =$D36-$A36 -> -0.03704492 | F36: =$E36^2 -> 0.0013723261
A37: 10 | B37: 22.4721 | C37: =B37 -> 22.4721 | D37: =$B$41+$B$42*$C37+$B$43*$C37^2+$B$44*$C37^3 -> 9.7185271 | E37: =$D37-$A37 -> -0.28147291 | F37: =$E37^2 -> 0.079226999
F38: =SUM(F27:F37) -> 0.36719893
A40: f(x)=P0+P1*x+P2*x^2+P3*x^3
A41: P0 | B41: -0.13353114
A42: P1 | B42: 0.49176429
A43: P2 | B43: -0.032804926 | H43: Current [A] (Input) | J43: 376
A44: P3 | B44: 0.0013541596 | H44: Field at Pole [kG] | J44: =$B$20+$B$21*J43/100+$B$22*J43^2*0.0001+$B$23*J43^3*0.000001 -> 12.461774
H46: Field at Pole (Input) | J46: 12.69626
H47: Current | J47: =$B$41*100+$B$42*J46*100+$B$43*J46^2*100+$B$44*J46^3*100 -> 359.3433

Sheet K1.8Q7
A1: K1.8Q7 | B1: NQ408
A2: at Poleでは、x2
A3: half aperture=10cm
A5: I/100 [A] | B5: B [kG] | C5: BatPole [kG] | D5: f(x) | E5: f(x)-Y | F5: Z
A6: 0 | B6: 0.0142 | C6: =B6*2 -> 0.0284 | D6: =$B$30+$B$31*$A6+$B$32*$A6^2+$B$33*$A6^3 -> -0.10341238 | E6: =$D6-$C6 -> -0.13181238 | F6: =$E6^2 -> 0.017374504
A7: 1 | B7: 0.3065 | C7: =B7*2 -> 0.613 | D7: =$B$30+$B$31*$A7+$B$32*$A7^2+$B$33*$A7^3 -> 0.57907254 | E7: =$D7-$C7 -> -0.033927459 | F7: =$E7^2 -> 0.0011510724
A8: 2 | B8: 0.597 | C8: =B8*2 -> 1.194 | D8: =$B$30+$B$31*$A8+$B$32*$A8^2+$B$33*$A8^3 -> 1.2329061 | E8: =$D8-$C8 -> 0.038906141 | F8: =$E8^2 -> 0.0015136878
A9: 3 | B9: 0.8837 | C9: =B9*2 -> 1.7674 | D9: =$B$30+$B$31*$A9+$B$32*$A9^2+$B$33*$A9^3 -> 1.8573107 | E9: =$D9-$C9 -> 0.089910735 | F9: =$E9^2 -> 0.0080839402
A10: 4 | B10: 1.1176 | C10: =B10*2 -> 2.2352 | D10: =$B$30+$B$31*$A10+$B$32*$A10^2+$B$33*$A10^3 -> 2.4515086 | E10: =$D10-$C10 -> 0.21630864 | F10: =$E10^2 -> 0.046789427
A11: 5 | B11: 1.4682 | C11: =B11*2 -> 2.9364 | D11: =$B$30+$B$31*$A11+$B$32*$A11^2+$B$33*$A11^3 -> 3.0147222 | E11: =$D11-$C11 -> 0.078322164 | F11: =$E11^2 -> 0.0061343615
A12: 6 | B12: 1.7585 | C12: =B12*2 -> 3.517 | D12: =$B$30+$B$31*$A12+$B$32*$A12^2+$B$33*$A12^3 -> 3.5461736 | E12: =$D12-$C12 -> 0.029173631 | F12: =$E12^2 -> 0.00085110076
A13: 7 | B13: 2.0416 | C13: =B13*2 -> 4.0832 | D13: =$B$30+$B$31*$A13+$B$32*$A13^2+$B$33*$A13^3 -> 4.0450854 | E13: =$D13-$C13 -> -0.038114647 | F13: =$E13^2 -> 0.0014527263
A14: 8 | B14: 2.3176 | C14: =B14*2 -> 4.6352 | D14: =$B$30+$B$31*$A14+$B$32*$A14^2+$B$33*$A14^3 -> 4.5106796 | E14: =$D14-$C14 -> -0.12452035 | F14: =$E14^2 -> 0.015505319
A15: 9 | B15: 2.5432 | C15: =B15*2 -> 5.0864 | D15: =$B$30+$B$31*$A15+$B$32*$A15^2+$B$33*$A15^3 -> 4.9421788 | E15: =$D15-$C15 -> -0.14422118 | F15: =$E15^2 -> 0.020799748
A16: 10 | B16: 2.7255 | C16: =B16*2 -> 5.451 | D16: =$B$30+$B$31*$A16+$B$32*$A16^2+$B$33*$A16^3 -> 5.3388052 | E16: =$D16-$C16 -> -0.1121948 | F16: =$E16^2 -> 0.012587673
A17: 11 | B17: 2.8854 | C17: =B17*2 -> 5.7708 | D17: =$B$30+$B$31*$A17+$B$32*$A17^2+$B$33*$A17^3 -> 5.6997811 | E17: =$D17-$C17 -> -0.071018903 | F17: =$E17^2 -> 0.0050436846
... A26: 20 | B26: 3.6678 | C26: =B26*2 -> 7.3356 | D26: =$B$30+$B$31*$A26+$B$32*$A26^2+$B$33*$A26^3 -> 7.2159744 | E26: =$D26-$C26 -> -0.11962558 | F26: =$E26^2 -> 0.014310278
F27: =SUM(F6:F26) -> 0.18025833
A29: f(x)=P0+P1*x+P2*x^2+P3*x^3
A30: P0 | B30: -0.10341238
A31: P1 | B31: 0.69655135
A32: P2 | B32: -0.013936818
A33: P3 | B33: -0.00012961411
A36: I/100 [A] | B36: B [kG] | C36: BatPole [kG] | D36: f(x) | E36: f(x)-Y | F36: Z
A37: 0 | B37: 0.0142 | C37: =B37*2 -> 0.0284 | D37: =$B$61+$B$62*$C37+$B$63*$C37^2+$B$64*$C37^3+$B$65*$C37^4 -> 0.061649923 | E37: =$D37-$A37 -> 0.061649923 | F37: =$E37^2 -> 0.003800713
A38: 1 | B38: 0.3065 | C38: =B38*2 -> 0.613 | D38: =$B$61+$B$62*$C38+$B$63*$C38^2+$B$64*$C38^3+$B$65*$C38^4 -> 0.91418949 | E38: =$D38-$A38 -> -0.085810506 | F38: =$E38^2 -> 0.0073634429
A39: 2 | B39: 0.597 | C39: =B39*2 -> 1.194 | D39: =$B$61+$B$62*$C39+$B$63*$C39^2+$B$64*$C39^3+$B$65*$C39^4 -> 1.9598521 | E39: =$D39-$A39 -> -0.040147864 | F39: =$E39^2 -> 0.001611851
A40: 3 | B40: 0.8837 | C40: =B40*2 -> 1.7674 | D40: =$B$61+$B$62*$C40+$B$63*$C40^2+$B$64*$C40^3+$B$65*$C40^4 -> 3.0495663 | E40: =$D40-$A40 -> 0.049566312 | F40: =$E40^2 -> 0.0024568193
A41: 4 | B41: 1.1176 | C41: =B41*2 -> 2.2352 | D41: =$B$61+$B$62*$C41+$B$63*$C41^2+$B$64*$C41^3+$B$65*$C41^4 -> 3.919146 | E41: =$D41-$A41 -> -0.080854003 | F41: =$E41^2 -> 0.0065373698
A42: 5 | B42: 1.4682 | C42: =B42*2 -> 2.9364 | D42: =$B$61+$B$62*$C42+$B$63*$C42^2+$B$64*$C42^3+$B$65*$C42^4 -> 5.1379406 | E42: =$D42-$A42 -> 0.13794061 | F42: =$E42^2 -> 0.019027612
A43: 6 | B43: 1.7585 | C43: =B43*2 -> 3.517 | D43: =$B$61+$B$62*$C43+$B$63*$C43^2+$B$64*$C43^3+$B$65*$C43^4 -> 6.077645 | E43: =$D43-$A43 -> 0.077645024 | F43: =$E43^2 -> 0.0060287497
A44: 7 | B44: 2.0416 | C44: =B44*2 -> 4.0832 | D44: =$B$61+$B$62*$C44+$B$63*$C44^2+$B$64*$C44^3+$B$65*$C44^4 -> 6.9904986 | E44: =$D44-$A44 -> -0.0095013922 | F44: =$E44^2 -> 9.0276453e-05
A45: 8 | B45: 2.3176 | C45: =B45*2 -> 4.6352 | D45: =$B$61+$B$62*$C45+$B$63*$C45^2+$B$64*$C45^3+$B$65*$C45^4 -> 7.9724775 | E45: =$D45-$A45 -> -0.027522537 | F45: =$E45^2 -> 0.00075749007
A46: 9 | B46: 2.5432 | C46: =B46*2 -> 5.0864 | D46: =$B$61+$B$62*$C46+$B$63*$C46^2+$B$64*$C46^3+$B$65*$C46^4 -> 8.9348677 | E46: =$D46-$A46 -> -0.065132276 | F46: =$E46^2 -> 0.0042422133
A47: 10 | B47: 2.7255 | C47: =B47*2 -> 5.451 | D47: =$B$61+$B$62*$C47+$B$63*$C47^2+$B$64*$C47^3+$B$65*$C47^4 -> 9.884569 | E47: =$D47-$A47 -> -0.11543101 | F47: =$E47^2 -> 0.013324318
A48: 11 | B48: 2.8854 | C48: =B48*2 -> 5.7708 | D48: =$B$61+$B$62*$C48+$B$63*$C48^2+$B$64*$C48^3+$B$65*$C48^4 -> 10.892719 | E48: =$D48-$A48 -> -0.10728087 | F48: =$E48^2 -> 0.011509186
... A57: 20 | B57: 3.6678 | C57: =B57*2 -> 7.3356 | D57: =$B$61+$B$62*$C57+$B$63*$C57^2+$B$64*$C57^3+$B$65*$C57^4 -> 19.80534 | E57: =$D57-$A57 -> -0.19466018 | F57: =$E57^2 -> 0.037892587
F58: =SUM(F37:F57) -> 0.1993334
A60: f(x)=P0+P1*x+P2*x^2+P3*x^3 | I60: Current [A] (Input) | K60: 777
A61: P0 | B61: 0.02845639 | I61: Field at Pole [kG] | K61: =$B$30+$B$31*K60/100+$B$32*K60^2*0.0001+$B$33*K60^3*0.000001 -> 4.4065838
A62: P1 | B62: 1.15238
A63: P2 | B63: 0.5828838 | I63: Field at Pole (Input) | K63: 4.51064
A64: P3 | B64: -0.18346114 | I64: Current | K64: =$B$61*100+$B$62*K63*100+$B$63*K63^2*100+$B$64*K63^3*100+$B$65*K63^4*100 -> 773.66355
A65: P4 | B65: 0.018088194

Sheet K1.8O2
A1: K1.8O2 | B1: O603
A2: at Poleでは、x8
A3: half aperture=12.5cm
A5: I/100 [A] | B5: B [kG] | C5: BatPole [kG] | D5: f(x) | E5: f(x)-Y | F5: Z
A6: 0 | B6: 0.0003 | C6: =B6*8 -> 0.0024 | D6: =$B$15+$B$16*$A6+$B$17*$A6^2+$B$18*$A6^3 -> -0.025314766 | E6: =$D6-$C6 -> -0.027714766 | F6: =$E6^2 -> 0.00076810827
A7: 1 | B7: 0.111 | C7: =B7*8 -> 0.888 | D7: =$B$15+$B$16*$A7+$B$17*$A7^2+$B$18*$A7^3 -> 0.91813514 | E7: =$D7-$C7 -> 0.030135139 | F7: =$E7^2 -> 0.00090812663
A8: 2 | B8: 0.2216 | C8: =B8*8 -> 1.7728 | D8: =$B$15+$B$16*$A8+$B$17*$A8^2+$B$18*$A8^3 -> 1.8082716 | E8: =$D8-$C8 -> 0.035471647 | F8: =$E8^2 -> 0.0012582377
A9: 3 | B9: 0.3319 | C9: =B9*8 -> 2.6552 | D9: =$B$15+$B$16*$A9+$B$17*$A9^2+$B$18*$A9^3 -> 2.6450948 | E9: =$D9-$C9 -> -0.010105243 | F9: =$E9^2 -> 0.00010211594
A10: 4 | B10: 0.4371 | C10: =B10*8 -> 3.4968 | D10: =$B$15+$B$16*$A10+$B$17*$A10^2+$B$18*$A10^3 -> 3.4286045 | E10: =$D10-$C10 -> -0.068195532 | F10: =$E10^2 -> 0.0046506305
A11: 5 | B11: 0.5148 | C11: =B11*8 -> 4.1184 | D11: =$B$15+$B$16*$A11+$B$17*$A11^2+$B$18*$A11^3 -> 4.1588008 | E11: =$D11-$C11 -> 0.040400782 | F11: =$E11^2 -> 0.0016322232
F12: =SUM(F6:F11) -> 0.0093194423
A14: f(x)=P0+P1*x+P2*x^2+P3*x^3
A15: P0 | B15: -0.025314766
A16: P1 | B16: 0.9701066
A17: P2 | B17: -0.026656699
A18: P3 | B18: 0
A23: I/100 [A] | B23: B [kG] | C23: BatPole [kG] | D23: f(x) | E23: f(x)-Y | F23: Z
A24: 0 | B24: 0.0003 | C24: =B24*8 -> 0.0024 | D24: =$B$33+$B$34*$C24+$B$35*$C24^2+$B$36*$C24^3 -> 0.032891486 | E24: =$D24-$A24 -> 0.032891486 | F24: =$E24^2 -> 0.0010818499
A25: 1 | B25: 0.111 | C25: =B25*8 -> 0.888 | D25: =$B$33+$B$34*$C25+$B$35*$C25^2+$B$36*$C25^3 -> 0.96128904 | E25: =$D25-$A25 -> -0.038710959 | F25: =$E25^2 -> 0.0014985384
A26: 2 | B26: 0.2216 | C26: =B26*8 -> 1.7728 | D26: =$B$33+$B$34*$C26+$B$35*$C26^2+$B$36*$C26^3 -> 1.9576495 | E26: =$D26-$A26 -> -0.042350499 | F26: =$E26^2 -> 0.0017935647
A27: 3 | B27: 0.3319 | C27: =B27*8 -> 2.6552 | D27: =$B$33+$B$34*$C27+$B$35*$C27^2+$B$36*$C27^3 -> 3.0197983 | E27: =$D27-$A27 -> 0.019798279 | F27: =$E27^2 -> 0.00039197187
A28: 4 | B28: 0.4371 | C28: =B28*8 -> 3.4968 | D28: =$B$33+$B$34*$C28+$B$35*$C28^2+$B$36*$C28^3 -> 4.0965631 | E28: =$D28-$A28 -> 0.096563112 | F28: =$E28^2 -> 0.0093244346
A29: 5 | B29: 0.5148 | C29: =B29*8 -> 4.1184 | D29: =$B$33+$B$34*$C29+$B$35*$C29^2+$B$36*$C29^3 -> 4.9318024 | E29: =$D29-$A29 -> -0.068197617 | F29: =$E29^2 -> 0.0046509149
F30: =SUM(F24:F29) -> 0.018741274
A32: f(x)=P0+P1*x+P2*x^2+P3*x^3
A33: P0 | B33: 0.03046911
A34: P1 | B34: 1.0092179
A35: P2 | B35: 0.04392197
A36: P3 | B36: 0
I41: Current [A] (Input) | K41: 39
I42: Field at Pole [kG] | K42: =$B$15+$B$16*K41/100+$B$17*K41^2*0.0001+$B$18*K41^3*0.000001 -> 0.34897233
I44: Field at Pole (Input) | K44: 0.2
I45: Current | K45: =$B$33*100+$B$34*K44*100+$B$35*K44^2*100+$B$36*K44^3*100 -> 23.406958

Sheet K1.8S3
A1: K1.8S3 | B1: SX604
A2: at Poleでは、x4
A3: half aperture=15cm
A5: I/100 [A] | B5: B [kG] | C5: BatPole [kG] | D5: f(x) | E5: f(x)-Y | F5: Z
A6: 0 | B6: 0.001 | C6: =B6*4 -> 0.004 | D6: =$B$20+$B$21*$A6+$B$22*$A6^2+$B$23*$A6^3 -> -0.004436825 | E6: =$D6-$C6 -> -0.008436825 | F6: =$E6^2 -> 7.1180015e-05
A7: 1 | B7: 0.17 | C7: =B7*4 -> 0.68 | D7: =$B$20+$B$21*$A7+$B$22*$A7^2+$B$23*$A7^3 -> 0.67824069 | E7: =$D7-$C7 -> -0.0017593069 | F7: =$E7^2 -> 3.0951608e-06
A8: 2 | B8: 0.341 | C8: =B8*4 -> 1.364 | D8: =$B$20+$B$21*$A8+$B$22*$A8^2+$B$23*$A8^3 -> 1.3731292 | E8: =$D8-$C8 -> 0.0091292476 | F8: =$E8^2 -> 8.3343161e-05
A9: 3 | B9: 0.51 | C9: =B9*4 -> 2.04 | D9: =$B$20+$B$21*$A9+$B$22*$A9^2+$B$23*$A9^3 -> 2.0619451 | E9: =$D9-$C9 -> 0.02194513 | F9: =$E9^2 -> 0.00048158875
A10: 4 | B10: 0.678 | C10: =B10*4 -> 2.712 | D10: =$B$20+$B$21*$A10+$B$22*$A10^2+$B$23*$A10^3 -> 2.7264046 | E10: =$D10-$C10 -> 0.014404633 | F10: =$E10^2 -> 0.00020749346
A11: 5 | B11: 0.844 | C11: =B11*4 -> 3.376 | D11: =$B$20+$B$21*$A11+$B$22*$A11^2+$B$23*$A11^3 -> 3.348224 | E11: =$D11-$C11 -> -0.027775952 | F11: =$E11^2 -> 0.00077150349
A12: 6 | B12: 0.988 | C12: =B12*4 -> 3.952 | D12: =$B$20+$B$21*$A12+$B$22*$A12^2+$B$23*$A12^3 -> 3.9091197 | E12: =$D12-$C12 -> -0.042880333 | F12: =$E12^2 -> 0.0018387229
A13: 7 | B13: 1.098 | C13: =B13*4 -> 4.392 | D13: =$B$20+$B$21*$A13+$B$22*$A13^2+$B$23*$A13^3 -> 4.3908078 | E13: =$D13-$C13 -> -0.0011922178 | F13: =$E13^2 -> 1.4213832e-06
A14: 8 | B14: 1.186 | C14: =B14*4 -> 4.744 | D14: =$B$20+$B$21*$A14+$B$22*$A14^2+$B$23*$A14^3 -> 4.7750047 | E14: =$D14-$C14 -> 0.031004685 | F14: =$E14^2 -> 0.00096129048
A15: 9 | B15: 1.252 | C15: =B15*4 -> 5.008 | D15: =$B$20+$B$21*$A15+$B$22*$A15^2+$B$23*$A15^3 -> 5.0434267 | E15: =$D15-$C15 -> 0.035426667 | F15: =$E15^2 -> 0.0012550487
A16: 10 | B16: 1.302 | C16: =B16*4 -> 5.208 | D16: =$B$20+$B$21*$A16+$B$22*$A16^2+$B$23*$A16^3 -> 5.17779 | E16: =$D16-$C16 -> -0.030209979 | F16: =$E16^2 -> 0.00091264286
F17: =SUM(F6:F16) -> 0.0065873304
A19: f(x)=P0+P1*x+P2*x^2+P3*x^3
A20: P0 | B20: -0.004436825
A21: P1 | B21: 0.67047743
A22: P2 | B22: 0.015247372
A23: P3 | B23: -0.0030472847
A26: I/100 [A] | B26: B [kG] | C26: BatPole [kG] | D26: f(x) | E26: f(x)-Y | F26: Z
A27: 0 | B27: 0.001 | C27: =B27*4 -> 0.004 | D27: =$B$41+$B$42*$C27+$B$43*$C27^2+$B$44*$C27^3+$B$45*$C27^4 -> 0.020157 | E27: =$D27-$A27 -> 0.020157 | F27: =$E27^2 -> 0.00040630465
A28: 1 | B28: 0.17 | C28: =B28*4 -> 0.68 | D28: =$B$41+$B$42*$C28+$B$43*$C28^2+$B$44*$C28^3+$B$45*$C28^4 -> 0.9432453 | E28: =$D28-$A28 -> -0.056754705 | F28: =$E28^2 -> 0.0032210965
A29: 2 | B29: 0.341 | C29: =B29*4 -> 1.364 | D29: =$B$41+$B$42*$C29+$B$43*$C29^2+$B$44*$C29^3+$B$45*$C29^4 -> 2.0196823 | E29: =$D29-$A29 -> 0.019682327 | F29: =$E29^2 -> 0.000387394
A30: 3 | B30: 0.51 | C30: =B30*4 -> 2.04 | D30: =$B$41+$B$42*$C30+$B$43*$C30^2+$B$44*$C30^3+$B$45*$C30^4 -> 3.0491256 | E30: =$D30-$A30 -> 0.049125603 | F30: =$E30^2 -> 0.0024133249
A31: 4 | B31: 0.678 | C31: =B31*4 -> 2.712 | D31: =$B$41+$B$42*$C31+$B$43*$C31^2+$B$44*$C31^3+$B$45*$C31^4 -> 3.9996855 | E31: =$D31-$A31 -> -0.00031452474 | F31: =$E31^2 -> 9.8925812e-08
A32: 5 | B32: 0.844 | C32: =B32*4 -> 3.376 | D32: =$B$41+$B$42*$C32+$B$43*$C32^2+$B$44*$C32^3+$B$45*$C32^4 -> 4.9586687 | E32: =$D32-$A32 -> -0.041331324 | F32: =$E32^2 -> 0.0017082783
A33: 6 | B33: 0.988 | C33: =B33*4 -> 3.952 | D33: =$B$41+$B$42*$C33+$B$43*$C33^2+$B$44*$C33^3+$B$45*$C33^4 -> 5.9706498 | E33: =$D33-$A33 -> -0.029350161 | F33: =$E33^2 -> 0.00086143195
A34: 7 | B34: 1.098 | C34: =B34*4 -> 4.392 | D34: =$B$41+$B$42*$C34+$B$43*$C34^2+$B$44*$C34^3+$B$45*$C34^4 -> 6.9939696 | E34: =$D34-$A34 -> -0.0060303758 | F34: =$E34^2 -> 3.6365432e-05
A35: 8 | B35: 1.186 | C35: =B35*4 -> 4.744 | D35: =$B$41+$B$42*$C35+$B$43*$C35^2+$B$44*$C35^3+$B$45*$C35^4 -> 8.0592914 | E35: =$D35-$A35 -> 0.059291438 | F35: =$E35^2 -> 0.0035154746
A36: 9 | B36: 1.252 | C36: =B36*4 -> 5.008 | D36: =$B$41+$B$42*$C36+$B$43*$C36^2+$B$44*$C36^3+$B$45*$C36^4 -> 9.0504599 | E36: =$D36-$A36 -> 0.050459945 | F36: =$E36^2 -> 0.002546206
A37: 10 | B37: 1.302 | C37: =B37*4 -> 5.208 | D37: =$B$41+$B$42*$C37+$B$43*$C37^2+$B$44*$C37^3+$B$45*$C37^4 -> 9.9348469 | E37: =$D37-$A37 -> -0.065153118 | F37: =$E37^2 -> 0.0042449288
F38: =SUM(F27:F37) -> 0.019340904
A40: f(x)=P0+P1*x+P2*x^2+P3*x^3
A41: P0 | B41: 0.015661058
A42: P1 | B42: 1.1220624
A43: P2 | B43: 0.48156344
A44: P3 | B44: -0.20294837
A45: P4 | B45: 0.02675377 | I45: Current [A] (Input) | K45: 154
I46: Field at Pole [kG] | K46: =$B$20+$B$21*K45/100+$B$22*K45^2*0.0001+$B$23*K45^3*0.000001 -> 1.0531296
I48: Field at Pole (Input) | K48: 1.05
I49: Current | K49: =$B$41*100+$B$42*K48*100+$B$43*K48^2*100+$B$44*K48^3*100+$B$45*K48*100 -> 151.79036

Sheet K1.8S4
A1: K1.8S4 | B1: SX604
A2: at Poleでは、x4
A3: half aperture=15cm
A5: I/100 [A] | B5: B [kG] | C5: BatPole [kG] | D5: f(x) | E5: f(x)-Y | F5: Z
A6: 0 | B6: 0.001 | C6: =B6*4 -> 0.004 | D6: =$B$20+$B$21*$A6+$B$22*$A6^2+$B$23*$A6^3 -> -0.0052534908 | E6: =$D6-$C6 -> -0.0092534908 | F6: =$E6^2 -> 8.5627092e-05
A7: 1 | B7: 0.171 | C7: =B7*4 -> 0.684 | D7: =$B$20+$B$21*$A7+$B$22*$A7^2+$B$23*$A7^3 -> 0.68389884 | E7: =$D7-$C7 -> -0.00010115656 | F7: =$E7^2 -> 1.0232651e-08
A8: 2 | B8: 0.344 | C8: =B8*4 -> 1.376 | D8: =$B$20+$B$21*$A8+$B$22*$A8^2+$B$23*$A8^3 -> 1.3843893 | E8: =$D8-$C8 -> 0.0083893065 | F8: =$E8^2 -> 7.0380463e-05
A9: 3 | B9: 0.514 | C9: =B9*4 -> 2.056 | D9: =$B$20+$B$21*$A9+$B$22*$A9^2+$B$23*$A9^3 -> 2.0780217 | E9: =$D9-$C9 -> 0.022021692 | F9: =$E9^2 -> 0.00048495493
A10: 4 | B10: 0.683 | C10: =B10*4 -> 2.732 | D10: =$B$20+$B$21*$A10+$B$22*$A10^2+$B$23*$A10^3 -> 2.7465998 | E10: =$D10-$C10 -> 0.014599795 | F10: =$E10^2 -> 0.000213154
A11: 5 | B11: 0.85 | C11: =B11*4 -> 3.4 | D11: =$B$20+$B$21*$A11+$B$22*$A11^2+$B$23*$A11^3 -> 3.3719274 | E11: =$D11-$C11 -> -0.028072593 | F11: =$E11^2 -> 0.00078807045
A12: 6 | B12: 0.995 | C12: =B12*4 -> 3.98 | D12: =$B$20+$B$21*$A12+$B$22*$A12^2+$B$23*$A12^3 -> 3.9358083 | E12: =$D12-$C12 -> -0.044191675 | F12: =$E12^2 -> 0.0019529042
A13: 7 | B13: 1.105 | C13: =B13*4 -> 4.42 | D13: =$B$20+$B$21*$A13+$B$22*$A13^2+$B$23*$A13^3 -> 4.4200463 | E13: =$D13-$C13 -> 4.6340604e-05 | F13: =$E13^2 -> 2.1474516e-09
A14: 8 | B14: 1.194 | C14: =B14*4 -> 4.776 | D14: =$B$20+$B$21*$A14+$B$22*$A14^2+$B$23*$A14^3 -> 4.8064452 | E14: =$D14-$C14 -> 0.030445249 | F14: =$E14^2 -> 0.00092691317
A15: 9 | B15: 1.26 | C15: =B15*4 -> 5.04 | D15: =$B$20+$B$21*$A15+$B$22*$A15^2+$B$23*$A15^3 -> 5.0768088 | E15: =$D15-$C15 -> 0.036808843 | F15: =$E15^2 -> 0.0013548909
A16: 10 | B16: 1.311 | C16: =B16*4 -> 5.244 | D16: =$B$20+$B$21*$A16+$B$22*$A16^2+$B$23*$A16^3 -> 5.2129409 | E16: =$D16-$C16 -> -0.031059083 | F16: =$E16^2 -> 0.00096466661
F17: =SUM(F6:F16) -> 0.0068415742
A19: f(x)=P0+P1*x+P2*x^2+P3*x^3
A20: P0 | B20: -0.0052534908
A21: P1 | B21: 0.67741787
A22: P2 | B22: 0.014767167
A23: P3 | B23: -0.003032701
A26: I/100 [A] | B26: B [kG] | C26: BatPole [kG] | D26: f(x) | E26: f(x)-Y | F26: Z
A27: 0 | B27: 0.001 | C27: =B27*4 -> 0.004 | D27: =$B$41+$B$42*$C27+$B$43*$C27^2+$B$44*$C27^3+$B$45*$C27^4 -> 0.021226225 | E27: =$D27-$A27 -> 0.021226225 | F27: =$E27^2 -> 0.00045055264
A28: 1 | B28: 0.171 | C28: =B28*4 -> 0.684 | D28: =$B$41+$B$42*$C28+$B$43*$C28^2+$B$44*$C28^3+$B$45*$C28^4 -> 0.94169232 | E28: =$D28-$A28 -> -0.058307678 | F28: =$E28^2 -> 0.0033997853
A29: 2 | B29: 0.344 | C29: =B29*4 -> 1.376 | D29: =$B$41+$B$42*$C29+$B$43*$C29^2+$B$44*$C29^3+$B$45*$C29^4 -> 2.0210621 | E29: =$D29-$A29 -> 0.021062084 | F29: =$E29^2 -> 0.0004436114
A30: 3 | B30: 0.514 | C30: =B30*4 -> 2.056 | D30: =$B$41+$B$42*$C30+$B$43*$C30^2+$B$44*$C30^3+$B$45*$C30^4 -> 3.0481813 | E30: =$D30-$A30 -> 0.048181259 | F30: =$E30^2 -> 0.0023214337
A31: 4 | B31: 0.683 | C31: =B31*4 -> 2.732 | D31: =$B$41+$B$42*$C31+$B$43*$C31^2+$B$44*$C31^3+$B$45*$C31^4 -> 3.9984242 | E31: =$D31-$A31 -> -0.0015757829 | F31: =$E31^2 -> 2.4830918e-06
A32: 5 | B32: 0.85 | C32: =B32*4 -> 3.4 | D32: =$B$41+$B$42*$C32+$B$43*$C32^2+$B$44*$C32^3+$B$45*$C32^4 -> 4.9590258 | E32: =$D32-$A32 -> -0.040974166 | F32: =$E32^2 -> 0.0016788823
A33: 6 | B33: 0.995 | C33: =B33*4 -> 3.98 | D33: =$B$41+$B$42*$C33+$B$43*$C33^2+$B$44*$C33^3+$B$45*$C33^4 -> 5.9740284 | E33: =$D33-$A33 -> -0.025971584 | F33: =$E33^2 -> 0.00067452318
A34: 7 | B34: 1.105 | C34: =B34*4 -> 4.42 | D34: =$B$41+$B$42*$C34+$B$43*$C34^2+$B$44*$C34^3+$B$45*$C34^4 -> 6.9915001 | E34: =$D34-$A34 -> -0.00849986 | F34: =$E34^2 -> 7.224762e-05
A35: 8 | B35: 1.194 | C35: =B35*4 -> 4.776 | D35: =$B$41+$B$42*$C35+$B$43*$C35^2+$B$44*$C35^3+$B$45*$C35^4 -> 8.0612242 | E35: =$D35-$A35 -> 0.061224215 | F35: =$E35^2 -> 0.0037484045
A36: 9 | B36: 1.26 | C36: =B36*4 -> 5.04 | D36: =$B$41+$B$42*$C36+$B$43*$C36^2+$B$44*$C36^3+$B$45*$C36^4 -> 9.0443951 | E36: =$D36-$A36 -> 0.044395085 | F36: =$E36^2 -> 0.0019709236
A37: 10 | B37: 1.311 | C37: =B37*4 -> 5.244 | D37: =$B$41+$B$42*$C37+$B$43*$C37^2+$B$44*$C37^3+$B$45*$C37^4 -> 9.9389951 | E37: =$D37-$A37 -> -0.061004918 | F37: =$E37^2 -> 0.0037216
F38: =SUM(F27:F37) -> 0.018484447
A40: f(x)=P0+P1*x+P2*x^2+P3*x^3
A41: P0 | B41: 0.016764653
A42: P1 | B42: 1.1135087
A43: P2 | B43: 0.4718694
A44: P3 | B44: -0.19730669
A45: P4 | B45: 0.025865229 | I45: Current [A] (Input) | K45: 35
I46: Field at Pole [kG] | K46: =$B$20+$B$21*K45/100+$B$22*K45^2*0.0001+$B$23*K45^3*0.000001 -> 0.23352171
I48: Field at Pole (Input) | K48: 0.24
I49: Current | K49: =$B$41*100+$B$42*K48*100+$B$43*K48^2*100+$B$44*K48^3*100+$B$45*K48*100 -> 31.46665

Sheet K1.8Q8
A1: K1.8Q7 | B1: NQ512
A2: at Poleでは、x2
A3: half aperture=12.5cm
A5: I/100 [A] | B5: B [kG] | C5: BatPole [kG] | D5: f(x) | E5: f(x)-Y | F5: Z
A6: 0 | B6: 0.0139 | C6: =B6*2 -> 0.0278 | D6: =$B$30+$B$31*$A6+$B$32*$A6^2+$B$33*$A6^3 -> 0.054582049 | E6: =$D6-$C6 -> 0.026782049 | F6: =$E6^2 -> 0.00071727817
A7: 1 | B7: 0.3914 | C7: =B7*2 -> 0.7828 | D7: =$B$30+$B$31*$A7+$B$32*$A7^2+$B$33*$A7^3 -> 0.75874186 | E7: =$D7-$C7 -> -0.024058135 | F7: =$E7^2 -> 0.00057879387
A8: 2 | B8: 0.7584 | C8: =B8*2 -> 1.5168 | D8: =$B$30+$B$31*$A8+$B$32*$A8^2+$B$33*$A8^3 -> 1.4889132 | E8: =$D8-$C8 -> -0.027886779 | F8: =$E8^2 -> 0.00077767246
A9: 3 | B9: 1.1327 | C9: =B9*2 -> 2.2654 | D9: =$B$30+$B$31*$A9+$B$32*$A9^2+$B$33*$A9^3 -> 2.2386376 | E9: =$D9-$C9 -> -0.026762411 | F9: =$E9^2 -> 0.00071622665
A10: 4 | B10: 1.5021 | C10: =B10*2 -> 3.0042 | D10: =$B$30+$B$31*$A10+$B$32*$A10^2+$B$33*$A10^3 -> 3.0014564 | E10: =$D10-$C10 -> -0.0027435592 | F10: =$E10^2 -> 7.5271173e-06
A11: 5 | B11: 1.8797 | C11: =B11*2 -> 3.7594 | D11: =$B$30+$B$31*$A11+$B$32*$A11^2+$B$33*$A11^3 -> 3.7709112 | E11: =$D11-$C11 -> 0.011511248 | F11: =$E11^2 -> 0.00013250883
A12: 6 | B12: 2.2504 | C12: =B12*2 -> 4.5008 | D12: =$B$30+$B$31*$A12+$B$32*$A12^2+$B$33*$A12^3 -> 4.5405435 | E12: =$D12-$C12 -> 0.039743482 | F12: =$E12^2 -> 0.0015795444
A13: 7 | B13: 2.6289 | C13: =B13*2 -> 5.2578 | D13: =$B$30+$B$31*$A13+$B$32*$A13^2+$B$33*$A13^3 -> 5.3038946 | E13: =$D13-$C13 -> 0.046094615 | F13: =$E13^2 -> 0.0021247135
A14: 8 | B14: 3.0053 | C14: =B14*2 -> 6.0106 | D14: =$B$30+$B$31*$A14+$B$32*$A14^2+$B$33*$A14^3 -> 6.0545061 | E14: =$D14-$C14 -> 0.043906117 | F14: =$E14^2 -> 0.0019277471
A15: 9 | B15: 3.3842 | C15: =B15*2 -> 6.7684 | D15: =$B$30+$B$31*$A15+$B$32*$A15^2+$B$33*$A15^3 -> 6.7859195 | E15: =$D15-$C15 -> 0.017519461 | F15: =$E15^2 -> 0.00030693152
A16: 10 | B16: 3.7619 | C16: =B16*2 -> 7.5238 | D16: =$B$30+$B$31*$A16+$B$32*$A16^2+$B$33*$A16^3 -> 7.4916761 | E16: =$D16-$C16 -> -0.032123882 | F16: =$E16^2 -> 0.0010319438
A17: 11 | B17: 4.1114 | C17: =B17*2 -> 8.2228 | D17: =$B$30+$B$31*$A17+$B$32*$A17^2+$B$33*$A17^3 -> 8.1653176 | E17: =$D17-$C17 -> -0.05748244 | F17: =$E17^2 -> 0.0033042309
... A26: 20 | B26: 5.8973 | C26: =B26*2 -> 11.7946 | D26: =$B$30+$B$31*$A26+$B$32*$A26^2+$B$33*$A26^3 -> 11.717249 | E26: =$D26-$C26 -> -0.077351345 | F26: =$E26^2 -> 0.0059832306
F27: =SUM(F6:F26) -> 0.03052534
A29: f(x)=P0+P1*x+P2*x^2+P3*x^3
A30: P0 | B30: 0.054582049
A31: P1 | B31: 0.6890012
A32: P2 | B32: 0.016235035
A33: P3 | B33: -0.0010764214
A36: I/100 [A] | B36: B [kG] | C36: BatPole [kG] | D36: f(x) | E36: f(x)-Y | F36: Z
A37: 0 | B37: 0.0139 | C37: =B37*2 -> 0.0278 | D37: =$B$61+$B$62*$C37+$B$63*$C37^2+$B$64*$C37^3+$B$65*$C37^4 -> 0.039259615 | E37: =$D37-$A37 -> 0.039259615 | F37: =$E37^2 -> 0.0015413173
A38: 1 | B38: 0.3914 | C38: =B38*2 -> 0.7828 | D38: =$B$61+$B$62*$C38+$B$63*$C38^2+$B$64*$C38^3+$B$65*$C38^4 -> 0.90948842 | E38: =$D38-$A38 -> -0.09051158 | F38: =$E38^2 -> 0.0081923461
A39: 2 | B39: 0.7584 | C39: =B39*2 -> 1.5168 | D39: =$B$61+$B$62*$C39+$B$63*$C39^2+$B$64*$C39^3+$B$65*$C39^4 -> 1.8896674 | E39: =$D39-$A39 -> -0.1103326 | F39: =$E39^2 -> 0.012173282
A40: 3 | B40: 1.1327 | C40: =B40*2 -> 2.2654 | D40: =$B$61+$B$62*$C40+$B$63*$C40^2+$B$64*$C40^3+$B$65*$C40^4 -> 2.9574547 | E40: =$D40-$A40 -> -0.042545309 | F40: =$E40^2 -> 0.0018101033
A41: 4 | B41: 1.5021 | C41: =B41*2 -> 3.0042 | D41: =$B$61+$B$62*$C41+$B$63*$C41^2+$B$64*$C41^3+$B$65*$C41^4 -> 4.0270353 | E41: =$D41-$A41 -> 0.027035283 | F41: =$E41^2 -> 0.0007309065
A42: 5 | B42: 1.8797 | C42: =B42*2 -> 3.7594 | D42: =$B$61+$B$62*$C42+$B$63*$C42^2+$B$64*$C42^3+$B$65*$C42^4 -> 5.0988546 | E42: =$D42-$A42 -> 0.09885459 | F42: =$E42^2 -> 0.0097722299
A43: 6 | B43: 2.2504 | C43: =B43*2 -> 4.5008 | D43: =$B$61+$B$62*$C43+$B$63*$C43^2+$B$64*$C43^3+$B$65*$C43^4 -> 6.1085681 | E43: =$D43-$A43 -> 0.10856809 | F43: =$E43^2 -> 0.01178703
A44: 7 | B44: 2.6289 | C44: =B44*2 -> 5.2578 | D44: =$B$61+$B$62*$C44+$B$63*$C44^2+$B$64*$C44^3+$B$65*$C44^4 -> 7.0901376 | E44: =$D44-$A44 -> 0.090137605 | F44: =$E44^2 -> 0.0081247878
A45: 8 | B45: 3.0053 | C45: =B45*2 -> 6.0106 | D45: =$B$61+$B$62*$C45+$B$63*$C45^2+$B$64*$C45^3+$B$65*$C45^4 -> 8.0270379 | E45: =$D45-$A45 -> 0.027037877 | F45: =$E45^2 -> 0.00073104679
A46: 9 | B46: 3.3842 | C46: =B46*2 -> 6.7684 | D46: =$B$61+$B$62*$C46+$B$63*$C46^2+$B$64*$C46^3+$B$65*$C46^4 -> 8.9575147 | E46: =$D46-$A46 -> -0.042485317 | F46: =$E46^2 -> 0.0018050022
A47: 10 | B47: 3.7619 | C47: =B47*2 -> 7.5238 | D47: =$B$61+$B$62*$C47+$B$63*$C47^2+$B$64*$C47^3+$B$65*$C47^4 -> 9.9157017 | E47: =$D47-$A47 -> -0.084298311 | F47: =$E47^2 -> 0.0071062052
A48: 11 | B48: 4.1114 | C48: =B48*2 -> 8.2228 | D48: =$B$61+$B$62*$C48+$B$63*$C48^2+$B$64*$C48^3+$B$65*$C48^4 -> 10.881235 | E48: =$D48-$A48 -> -0.11876505 | F48: =$E48^2 -> 0.014105138
... A57: 20 | B57: 5.8973 | C57: =B57*2 -> 11.7946 | D57: =$B$61+$B$62*$C57+$B$63*$C57^2+$B$64*$C57^3+$B$65*$C57^4 -> 19.692147 | E57: =$D57-$A57 -> -0.30785291 | F57: =$E57^2 -> 0.094773414
F58: =SUM(F37:F57) -> 0.34536189
A60: f(x)=P0+P1*x+P2*x^2+P3*x^3 | I60: Current [A] (Input) | K60: 1062
A61: P0 | B61: 0.010950871 | I61: Field at Pole [kG] | K61: =$B$30+$B$31*K60/100+$B$32*K60^2*0.0001+$B$33*K60^3*0.000001 -> 7.9135278
A62: P1 | B62: 1.0127597
A63: P2 | B63: 0.20032606 | I63: Field at Pole (Input) | K63: 7.9605
A64: P3 | B64: -0.0371001 | I64: Current | K64: =$B$61*100+$B$62*K63*100+$B$63*K63^2*100+$B$64*K63^3*100+$B$65*K63^4*100 -> 1050.6335
A65: P4 | B65: 0.0021052383

Sheet K1.8O3
A1: K1.8O3 | B1: O603
A2: at Poleでは、x8
A3: half aperture=12.5cm
A5: I/100 [A] | B5: B [kG] | C5: BatPole [kG] | D5: f(x) | E5: f(x)-Y | F5: Z
A6: 0 | B6: 0.0003 | C6: =B6*8 -> 0.0024 | D6: =$B$15+$B$16*$A6+$B$17*$A6^2+$B$18*$A6^3 -> -0.025457936 | E6: =$D6-$C6 -> -0.027857936 | F6: =$E6^2 -> 0.00077606457
A7: 1 | B7: 0.1109 | C7: =B7*8 -> 0.8872 | D7: =$B$15+$B$16*$A7+$B$17*$A7^2+$B$18*$A7^3 -> 0.91763861 | E7: =$D7-$C7 -> 0.030438605 | F7: =$E7^2 -> 0.0009265087
A8: 2 | B8: 0.2215 | C8: =B8*8 -> 1.772 | D8: =$B$15+$B$16*$A8+$B$17*$A8^2+$B$18*$A8^3 -> 1.8074498 | E8: =$D8-$C8 -> 0.035449821 | F8: =$E8^2 -> 0.0012566898
A9: 3 | B9: 0.3318 | C9: =B9*8 -> 2.6544 | D9: =$B$15+$B$16*$A9+$B$17*$A9^2+$B$18*$A9^3 -> 2.6439757 | E9: =$D9-$C9 -> -0.01042429 | F9: =$E9^2 -> 0.00010866581
A10: 4 | B10: 0.4369 | C10: =B10*8 -> 3.4952 | D10: =$B$15+$B$16*$A10+$B$17*$A10^2+$B$18*$A10^3 -> 3.4272163 | E10: =$D10-$C10 -> -0.067983725 | F10: =$E10^2 -> 0.0046217869
A11: 5 | B11: 0.5146 | C11: =B11*8 -> 4.1168 | D11: =$B$15+$B$16*$A11+$B$17*$A11^2+$B$18*$A11^3 -> 4.1571715 | E11: =$D11-$C11 -> 0.040371513 | F11: =$E11^2 -> 0.0016298591
F12: =SUM(F6:F11) -> 0.0093195749
A14: f(x)=P0+P1*x+P2*x^2+P3*x^3
A15: P0 | B15: -0.025457936
A16: P1 | B16: 0.9697392
A17: P2 | B17: -0.026642663
A18: P3 | B18: 0
A23: I/100 [A] | B23: B [kG] | C23: BatPole [kG] | D23: f(x) | E23: f(x)-Y | F23: Z
A24: 0 | B24: 0.0003 | C24: =B24*8 -> 0.0024 | D24: =$B$33+$B$34*$C24+$B$35*$C24^2+$B$36*$C24^3 -> 0.033072428 | E24: =$D24-$A24 -> 0.033072428 | F24: =$E24^2 -> 0.0010937855
A25: 1 | B25: 0.1109 | C25: =B25*8 -> 0.8872 | D25: =$B$33+$B$34*$C25+$B$35*$C25^2+$B$36*$C25^3 -> 0.96094291 | E25: =$D25-$A25 -> -0.03905709 | F25: =$E25^2 -> 0.0015254562
A26: 2 | B26: 0.2215 | C26: =B26*8 -> 1.772 | D26: =$B$33+$B$34*$C26+$B$35*$C26^2+$B$36*$C26^3 -> 1.9576389 | E26: =$D26-$A26 -> -0.042361129 | F26: =$E26^2 -> 0.0017944653
A27: 3 | B27: 0.3318 | C27: =B27*8 -> 2.6544 | D27: =$B$33+$B$34*$C27+$B$35*$C27^2+$B$36*$C27^3 -> 3.020177 | E27: =$D27-$A27 -> 0.020177015 | F27: =$E27^2 -> 0.00040711195
A28: 4 | B28: 0.4369 | C28: =B28*8 -> 3.4952 | D28: =$B$33+$B$34*$C28+$B$35*$C28^2+$B$36*$C28^3 -> 4.0963107 | E28: =$D28-$A28 -> 0.096310669 | F28: =$E28^2 -> 0.0092757449
A29: 5 | B29: 0.5146 | C29: =B29*8 -> 4.1168 | D29: =$B$33+$B$34*$C29+$B$35*$C29^2+$B$36*$C29^3 -> 4.9318501 | E29: =$D29-$A29 -> -0.068149899 | F29: =$E29^2 -> 0.0046444087
F30: =SUM(F24:F29) -> 0.018740973
A32: f(x)=P0+P1*x+P2*x^2+P3*x^3
A33: P0 | B33: 0.030649197
A34: P1 | B34: 1.009574
A35: P2 | B35: 0.043957098
A36: P3 | B36: 0
I41: Current [A] (Input) | K41: 97
I42: Field at Pole [kG] | K42: =$B$15+$B$16*K41/100+$B$17*K41^2*0.0001+$B$18*K41^3*0.000001 -> 0.89012101
I44: Field at Pole (Input) | K44: 0.5
I45: Current | K45: =$B$33*100+$B$34*K44*100+$B$35*K44^2*100+$B$36*K44^3*100 -> 54.642546

Sheet K1.8Q9
A1: K1.8Q9 | B1: NQ518
A2: at Poleでは、x2
A3: half aperture=12.5cm
A5: I/100 [A] | B5: B [kG] | C5: BatPole [kG] | D5: f(x) | E5: f(x)-Y | F5: Z
A6: 0 | B6: 0.0193 | C6: =B6*2 -> 0.0386 | D6: =$B$30+$B$31*$A6+$B$32*$A6^2+$B$33*$A6^3 -> 0.094732757 | E6: =$D6-$C6 -> 0.056132757 | F6: =$E6^2 -> 0.0031508864
A7: 1 | B7: 0.3903 | C7: =B7*2 -> 0.7806 | D7: =$B$30+$B$31*$A7+$B$32*$A7^2+$B$33*$A7^3 -> 0.76992174 | E7: =$D7-$C7 -> -0.010678256 | F7: =$E7^2 -> 0.00011402516
A8: 2 | B8: 0.7589 | C8: =B8*2 -> 1.5178 | D8: =$B$30+$B$31*$A8+$B$32*$A8^2+$B$33*$A8^3 -> 1.4774689 | E8: =$D8-$C8 -> -0.040331096 | F8: =$E8^2 -> 0.0016265973
A9: 3 | B9: 1.1282 | C9: =B9*2 -> 2.2564 | D9: =$B$30+$B$31*$A9+$B$32*$A9^2+$B$33*$A9^3 -> 2.2110345 | E9: =$D9-$C9 -> -0.045365525 | F9: =$E9^2 -> 0.0020580309
A10: 4 | B10: 1.4982 | C10: =B10*2 -> 2.9964 | D10: =$B$30+$B$31*$A10+$B$32*$A10^2+$B$33*$A10^3 -> 2.9642787 | E10: =$D10-$C10 -> -0.032121308 | F10: =$E10^2 -> 0.0010317785
A11: 5 | B11: 1.8716 | C11: =B11*2 -> 3.7432 | D11: =$B$30+$B$31*$A11+$B$32*$A11^2+$B$33*$A11^3 -> 3.7308618 | E11: =$D11-$C11 -> -0.012338209 | F11: =$E11^2 -> 0.0001522314
A12: 6 | B12: 2.2445 | C12: =B12*2 -> 4.489 | D12: =$B$30+$B$31*$A12+$B$32*$A12^2+$B$33*$A12^3 -> 4.504444 | E12: =$D12-$C12 -> 0.01544401 | F12: =$E12^2 -> 0.00023851743
A13: 7 | B13: 2.6231 | C13: =B13*2 -> 5.2462 | D13: =$B$30+$B$31*$A13+$B$32*$A13^2+$B$33*$A13^3 -> 5.2786856 | E13: =$D13-$C13 -> 0.032485583 | F13: =$E13^2 -> 0.0010553131
A14: 8 | B14: 2.999 | C14: =B14*2 -> 5.998 | D14: =$B$30+$B$31*$A14+$B$32*$A14^2+$B$33*$A14^3 -> 6.0472467 | E14: =$D14-$C14 -> 0.049246748 | F14: =$E14^2 -> 0.0024252422
A15: 9 | B15: 3.3802 | C15: =B15*2 -> 6.7604 | D15: =$B$30+$B$31*$A15+$B$32*$A15^2+$B$33*$A15^3 -> 6.8037877 | E15: =$D15-$C15 -> 0.043387741 | F15: =$E15^2 -> 0.0018824961
A16: 10 | B16: 3.7573 | C16: =B16*2 -> 7.5146 | D16: =$B$30+$B$31*$A16+$B$32*$A16^2+$B$33*$A16^3 -> 7.5419688 | E16: =$D16-$C16 -> 0.027368798 | F16: =$E16^2 -> 0.0007490511
A17: 11 | B17: 4.1362 | C17: =B17*2 -> 8.2724 | D17: =$B$30+$B$31*$A17+$B$32*$A17^2+$B$33*$A17^3 -> 8.2554502 | E17: =$D17-$C17 -> -0.016949845 | F17: =$E17^2 -> 0.00028729724
... A26: 20 | B26: 6.2667 | C26: =B26*2 -> 12.5334 | D26: =$B$30+$B$31*$A26+$B$32*$A26^2+$B$33*$A26^3 -> 12.519235 | E26: =$D26-$C26 -> -0.014165132 | F26: =$E26^2 -> 0.00020065095
F27: =SUM(F6:F26) -> 0.018433079
A29: f(x)=P0+P1*x+P2*x^2+P3*x^3
A30: P0 | B30: 0.094732757
A31: P1 | B31: 0.65689665
A32: P2 | B32: 0.019348969
A33: P3 | B33: -0.0010566273
A36: I/100 [A] | B36: B [kG] | C36: BatPole [kG] | D36: f(x) | E36: f(x)-Y | F36: Z
A37: 0 | B37: 0.0193 | C37: =B37*2 -> 0.0386 | D37: =$B$61+$B$62*$C37+$B$63*$C37^2+$B$64*$C37^3+$B$65*$C37^4 -> 0.0871746 | E37: =$D37-$A37 -> 0.0871746 | F37: =$E37^2 -> 0.0075994108
A38: 1 | B38: 0.3903 | C38: =B38*2 -> 0.7806 | D38: =$B$61+$B$62*$C38+$B$63*$C38^2+$B$64*$C38^3+$B$65*$C38^4 -> 0.95432665 | E38: =$D38-$A38 -> -0.045673349 | F38: =$E38^2 -> 0.0020860548
A39: 2 | B39: 0.7589 | C39: =B39*2 -> 1.5178 | D39: =$B$61+$B$62*$C39+$B$63*$C39^2+$B$64*$C39^3+$B$65*$C39^4 -> 1.9192653 | E39: =$D39-$A39 -> -0.080734733 | F39: =$E39^2 -> 0.0065180971
A40: 3 | B40: 1.1282 | C40: =B40*2 -> 2.2564 | D40: =$B$61+$B$62*$C40+$B$63*$C40^2+$B$64*$C40^3+$B$65*$C40^4 -> 2.9434975 | E40: =$D40-$A40 -> -0.056502532 | F40: =$E40^2 -> 0.0031925362
A41: 4 | B41: 1.4982 | C41: =B41*2 -> 2.9964 | D41: =$B$61+$B$62*$C41+$B$63*$C41^2+$B$64*$C41^3+$B$65*$C41^4 -> 3.9907552 | E41: =$D41-$A41 -> -0.0092447726 | F41: =$E41^2 -> 8.5465821e-05
A42: 5 | B42: 1.8716 | C42: =B42*2 -> 3.7432 | D42: =$B$61+$B$62*$C42+$B$63*$C42^2+$B$64*$C42^3+$B$65*$C42^4 -> 5.0413627 | E42: =$D42-$A42 -> 0.041362703 | F42: =$E42^2 -> 0.0017108732
A43: 6 | B43: 2.2445 | C43: =B43*2 -> 4.489 | D43: =$B$61+$B$62*$C43+$B$63*$C43^2+$B$64*$C43^3+$B$65*$C43^4 -> 6.0661549 | E43: =$D43-$A43 -> 0.066154853 | F43: =$E43^2 -> 0.0043764646
A44: 7 | B44: 2.6231 | C44: =B44*2 -> 5.2462 | D44: =$B$61+$B$62*$C44+$B$63*$C44^2+$B$64*$C44^3+$B$65*$C44^4 -> 7.0730584 | E44: =$D44-$A44 -> 0.073058359 | F44: =$E44^2 -> 0.0053375239
A45: 8 | B45: 2.999 | C45: =B45*2 -> 5.998 | D45: =$B$61+$B$62*$C45+$B$63*$C45^2+$B$64*$C45^3+$B$65*$C45^4 -> 8.0408412 | E45: =$D45-$A45 -> 0.040841215 | F45: =$E45^2 -> 0.0016680048
A46: 9 | B46: 3.3802 | C46: =B46*2 -> 6.7604 | D46: =$B$61+$B$62*$C46+$B$63*$C46^2+$B$64*$C46^3+$B$65*$C46^4 -> 9.0017172 | E46: =$D46-$A46 -> 0.0017171876 | F46: =$E46^2 -> 2.9487334e-06
A47: 10 | B47: 3.7573 | C47: =B47*2 -> 7.5146 | D47: =$B$61+$B$62*$C47+$B$63*$C47^2+$B$64*$C47^3+$B$65*$C47^4 -> 9.9540437 | E47: =$D47-$A47 -> -0.045956264 | F47: =$E47^2 -> 0.0021119782
A48: 11 | B48: 4.1362 | C48: =B48*2 -> 8.2724 | D48: =$B$61+$B$62*$C48+$B$63*$C48^2+$B$64*$C48^3+$B$65*$C48^4 -> 10.945321 | E48: =$D48-$A48 -> -0.054678589 | F48: =$E48^2 -> 0.0029897481
... A57: 20 | B57: 6.2667 | C57: =B57*2 -> 12.5334 | D57: =$B$61+$B$62*$C57+$B$63*$C57^2+$B$64*$C57^3+$B$65*$C57^4 -> 19.767578 | E57: =$D57-$A57 -> -0.23242154 | F57: =$E57^2 -> 0.054019774
F58: =SUM(F37:F57) -> 0.16676616
A60: f(x)=P0+P1*x+P2*x^2+P3*x^3 | I60: Current [A] (Input) | K60: 1345
A61: P0 | B61: 0.045924894 | I61: Field at Pole [kG] | K61: =$B$30+$B$31*K60/100+$B$32*K60^2*0.0001+$B$33*K60^3*0.000001 -> 9.8593488
A62: P1 | B62: 1.0629776
A63: P2 | B63: 0.14779406 | I63: Field at Pole (Input) | K63: 9.8799
A64: P3 | B64: -0.02502509 | I64: Current | K64: =$B$61*100+$B$62*K63*100+$B$63*K63^2*100+$B$64*K63^3*100+$B$65*K63^4*100 -> 1337.1271
A65: P4 | B65: 0.0013151421

Sheet K1.8Q10
A1: K1.8Q10 | B1: NQ418
A2: at Poleでは、x2
A3: half aperture=10cm
A5: I/100 [A] | B5: B [kG] | C5: BatPole [kG] | D5: f(x) | E5: f(x)-Y | F5: Z
A6: 0 | B6: 0.0169 | C6: =B6*2 -> 0.0338 | D6: =$B$30+$B$31*$A6+$B$32*$A6^2+$B$33*$A6^3 -> 0.071011079 | E6: =$D6-$C6 -> 0.037211079 | F6: =$E6^2 -> 0.0013846644
A7: 1 | B7: 0.3819 | C7: =B7*2 -> 0.7638 | D7: =$B$30+$B$31*$A7+$B$32*$A7^2+$B$33*$A7^3 -> 0.75077105 | E7: =$D7-$C7 -> -0.013028945 | F7: =$E7^2 -> 0.00016975341
A8: 2 | B8: 0.7485 | C8: =B8*2 -> 1.497 | D8: =$B$30+$B$31*$A8+$B$32*$A8^2+$B$33*$A8^3 -> 1.4608167 | E8: =$D8-$C8 -> -0.036183284 | F8: =$E8^2 -> 0.0013092301
A9: 3 | B9: 1.1144 | C9: =B9*2 -> 2.2288 | D9: =$B$30+$B$31*$A9+$B$32*$A9^2+$B$33*$A9^3 -> 2.1947206 | E9: =$D9-$C9 -> -0.034079382 | F9: =$E9^2 -> 0.0011614043
A10: 4 | B10: 1.4797 | C10: =B10*2 -> 2.9594 | D10: =$B$30+$B$31*$A10+$B$32*$A10^2+$B$33*$A10^3 -> 2.9460553 | E10: =$D10-$C10 -> -0.013344683 | F10: =$E10^2 -> 0.00017808056
A11: 5 | B11: 1.8555 | C11: =B11*2 -> 3.711 | D11: =$B$30+$B$31*$A11+$B$32*$A11^2+$B$33*$A11^3 -> 3.7083934 | E11: =$D11-$C11 -> -0.0026066303 | F11: =$E11^2 -> 6.7945213e-06
A12: 6 | B12: 2.2247 | C12: =B12*2 -> 4.4494 | D12: =$B$30+$B$31*$A12+$B$32*$A12^2+$B$33*$A12^3 -> 4.4753073 | E12: =$D12-$C12 -> 0.025907331 | F12: =$E12^2 -> 0.00067118982
A13: 7 | B13: 2.6004 | C13: =B13*2 -> 5.2008 | D13: =$B$30+$B$31*$A13+$B$32*$A13^2+$B$33*$A13^3 -> 5.2403698 | E13: =$D13-$C13 -> 0.039569758 | F13: =$E13^2 -> 0.0015657658
A14: 8 | B14: 2.9743 | C14: =B14*2 -> 5.9486 | D14: =$B$30+$B$31*$A14+$B$32*$A14^2+$B$33*$A14^3 -> 5.9971532 | E14: =$D14-$C14 -> 0.048553206 | F14: =$E14^2 -> 0.0023574139
A15: 9 | B15: 3.355 | C15: =B15*2 -> 6.71 | D15: =$B$30+$B$31*$A15+$B$32*$A15^2+$B$33*$A15^3 -> 6.7392302 | E15: =$D15-$C15 -> 0.029230232 | F15: =$E15^2 -> 0.00085440646
A16: 10 | B16: 3.7331 | C16: =B16*2 -> 7.4662 | D16: =$B$30+$B$31*$A16+$B$32*$A16^2+$B$33*$A16^3 -> 7.4601734 | E16: =$D16-$C16 -> -0.0060266093 | F16: =$E16^2 -> 3.632002e-05
A17: 11 | B17: 4.0982 | C17: =B17*2 -> 8.1964 | D17: =$B$30+$B$31*$A17+$B$32*$A17^2+$B$33*$A17^3 -> 8.1535552 | E17: =$D17-$C17 -> -0.042844761 | F17: =$E17^2 -> 0.0018356736
... A26: 20 | B26: 6.0717 | C26: =B26*2 -> 12.1434 | D26: =$B$30+$B$31*$A26+$B$32*$A26^2+$B$33*$A26^3 -> 12.093205 | E26: =$D26-$C26 -> -0.050195361 | F26: =$E26^2 -> 0.0025195743
F27: =SUM(F6:F26) -> 0.020193023
A29: f(x)=P0+P1*x+P2*x^2+P3*x^3
A30: P0 | B30: 0.071011079
A31: P1 | B31: 0.66247465
A32: P2 | B32: 0.018356565
A33: P3 | B33: -0.0010712407
A36: I/100 [A] | B36: B [kG] | C36: BatPole [kG] | D36: f(x) | E36: f(x)-Y | F36: Z
A37: 0 | B37: 0.0169 | C37: =B37*2 -> 0.0338 | D37: =$B$61+$B$62*$C37+$B$63*$C37^2+$B$64*$C37^3+$B$65*$C37^4 -> 0.084680942 | E37: =$D37-$A37 -> 0.084680942 | F37: =$E37^2 -> 0.007170862
A38: 1 | B38: 0.3819 | C38: =B38*2 -> 0.7638 | D38: =$B$61+$B$62*$C38+$B$63*$C38^2+$B$64*$C38^3+$B$65*$C38^4 -> 0.9474315 | E38: =$D38-$A38 -> -0.052568502 | F38: =$E38^2 -> 0.0027634474
A39: 2 | B39: 0.7485 | C39: =B39*2 -> 1.497 | D39: =$B$61+$B$62*$C39+$B$63*$C39^2+$B$64*$C39^3+$B$65*$C39^4 -> 1.9228602 | E39: =$D39-$A39 -> -0.077139837 | F39: =$E39^2 -> 0.0059505544
A40: 3 | B40: 1.1144 | C40: =B40*2 -> 2.2288 | D40: =$B$61+$B$62*$C40+$B$63*$C40^2+$B$64*$C40^3+$B$65*$C40^4 -> 2.9540195 | E40: =$D40-$A40 -> -0.045980528 | F40: =$E40^2 -> 0.0021142089
A41: 4 | B41: 1.4797 | C41: =B41*2 -> 2.9594 | D41: =$B$61+$B$62*$C41+$B$63*$C41^2+$B$64*$C41^3+$B$65*$C41^4 -> 4.0008225 | E41: =$D41-$A41 -> 0.00082251876 | F41: =$E41^2 -> 6.7653711e-07
A42: 5 | B42: 1.8555 | C42: =B42*2 -> 3.711 | D42: =$B$61+$B$62*$C42+$B$63*$C42^2+$B$64*$C42^3+$B$65*$C42^4 -> 5.0653242 | E42: =$D42-$A42 -> 0.065324212 | F42: =$E42^2 -> 0.0042672526
A43: 6 | B43: 2.2247 | C43: =B43*2 -> 4.4494 | D43: =$B$61+$B$62*$C43+$B$63*$C43^2+$B$64*$C43^3+$B$65*$C43^4 -> 6.0802848 | E43: =$D43-$A43 -> 0.080284758 | F43: =$E43^2 -> 0.0064456423
A44: 7 | B44: 2.6004 | C44: =B44*2 -> 5.2008 | D44: =$B$61+$B$62*$C44+$B$63*$C44^2+$B$64*$C44^3+$B$65*$C44^4 -> 7.0745766 | E44: =$D44-$A44 -> 0.074576624 | F44: =$E44^2 -> 0.0055616728
A45: 8 | B45: 2.9743 | C45: =B45*2 -> 5.9486 | D45: =$B$61+$B$62*$C45+$B$63*$C45^2+$B$64*$C45^3+$B$65*$C45^4 -> 8.0303834 | E45: =$D45-$A45 -> 0.030383447 | F45: =$E45^2 -> 0.00092315383
A46: 9 | B46: 3.355 | C46: =B46*2 -> 6.71 | D46: =$B$61+$B$62*$C46+$B$63*$C46^2+$B$64*$C46^3+$B$65*$C46^4 -> 8.9865496 | E46: =$D46-$A46 -> -0.013450433 | F46: =$E46^2 -> 0.00018091415
A47: 10 | B47: 3.7331 | C47: =B47*2 -> 7.4662 | D47: =$B$61+$B$62*$C47+$B$63*$C47^2+$B$64*$C47^3+$B$65*$C47^4 -> 9.949316 | E47: =$D47-$A47 -> -0.050684018 | F47: =$E47^2 -> 0.0025688697
A48: 11 | B48: 4.0982 | C48: =B48*2 -> 8.1964 | D48: =$B$61+$B$62*$C48+$B$63*$C48^2+$B$64*$C48^3+$B$65*$C48^4 -> 10.931395 | E48: =$D48-$A48 -> -0.06860505 | F48: =$E48^2 -> 0.0047066528
... A57: 20 | B57: 6.0717 | C57: =B57*2 -> 12.1434 | D57: =$B$61+$B$62*$C57+$B$63*$C57^2+$B$64*$C57^3+$B$65*$C57^4 -> 19.772296 | E57: =$D57-$A57 -> -0.22770382 | F57: =$E57^2 -> 0.05184903
F58: =SUM(F37:F57) -> 0.18591474
A60: f(x)=P0+P1*x+P2*x^2+P3*x^3 | I60: Current [A] (Input) | K60: 1325
A61: P0 | B61: 0.048334369 | I61: Field at Pole [kG] | K61: =$B$30+$B$31*K60/100+$B$32*K60^2*0.0001+$B$33*K60^3*0.000001 -> 9.5796012
A62: P1 | B62: 1.0699129
A63: P2 | B63: 0.16161486 | I63: Field at Pole (Input) | K63: 9.603
A64: P3 | B64: -0.029023563 | I64: Current | K64: =$B$61*100+$B$62*K63*100+$B$63*K63^2*100+$B$64*K63^3*100+$B$65*K63^4*100 -> 1316.1851
A65: P4 | B65: 0.0016036617

Sheet K1.8Q11
A1: K1.8Q11 | B1: NQ412
A2: at Poleでは、x2
A3: half aperture=10cm
A5: I/100 [A] | B5: B [kG] | C5: BatPole [kG] | D5: f(x) | E5: f(x)-Y | F5: Z
A6: 0 | B6: 0.0131 | C6: =B6*2 -> 0.0262 | D6: =$B$30+$B$31*$A6+$B$32*$A6^2+$B$33*$A6^3 -> 0.043989232 | E6: =$D6-$C6 -> 0.017789232 | F6: =$E6^2 -> 0.00031645678
A7: 1 | B7: 0.3775 | C7: =B7*2 -> 0.755 | D7: =$B$30+$B$31*$A7+$B$32*$A7^2+$B$33*$A7^3 -> 0.7344904 | E7: =$D7-$C7 -> -0.020509602 | F7: =$E7^2 -> 0.00042064377
A8: 2 | B8: 0.7401 | C8: =B8*2 -> 1.4802 | D8: =$B$30+$B$31*$A8+$B$32*$A8^2+$B$33*$A8^3 -> 1.4501091 | E8: =$D8-$C8 -> -0.030090935 | F8: =$E8^2 -> 0.00090546437
A9: 3 | B9: 1.1015 | C9: =B9*2 -> 2.203 | D9: =$B$30+$B$31*$A9+$B$32*$A9^2+$B$33*$A9^3 -> 2.184511 | E9: =$D9-$C9 -> -0.018488957 | F9: =$E9^2 -> 0.00034184151
A10: 4 | B10: 1.4661 | C10: =B10*2 -> 2.9322 | D10: =$B$30+$B$31*$A10+$B$32*$A10^2+$B$33*$A10^3 -> 2.9313621 | E10: =$D10-$C10 -> -0.0008378557 | F10: =$E10^2 -> 7.0200217e-07
A11: 5 | B11: 1.8316 | C11: =B11*2 -> 3.6632 | D11: =$B$30+$B$31*$A11+$B$32*$A11^2+$B$33*$A11^3 -> 3.6843282 | E11: =$D11-$C11 -> 0.021128178 | F11: =$E11^2 -> 0.00044639991
A12: 6 | B12: 2.196 | C12: =B12*2 -> 4.392 | D12: =$B$30+$B$31*$A12+$B$32*$A12^2+$B$33*$A12^3 -> 4.437075 | E12: =$D12-$C12 -> 0.045074956 | F12: =$E12^2 -> 0.0020317516
A13: 7 | B13: 2.5668 | C13: =B13*2 -> 5.1336 | D13: =$B$30+$B$31*$A13+$B$32*$A13^2+$B$33*$A13^3 -> 5.1832683 | E13: =$D13-$C13 -> 0.049668288 | F13: =$E13^2 -> 0.0024669388
A14: 8 | B14: 2.9391 | C14: =B14*2 -> 5.8782 | D14: =$B$30+$B$31*$A14+$B$32*$A14^2+$B$33*$A14^3 -> 5.916574 | E14: =$D14-$C14 -> 0.038373985 | F14: =$E14^2 -> 0.0014725627
A15: 9 | B15: 3.31 | C15: =B15*2 -> 6.62 | D15: =$B$30+$B$31*$A15+$B$32*$A15^2+$B$33*$A15^3 -> 6.6306579 | E15: =$D15-$C15 -> 0.010657858 | F15: =$E15^2 -> 0.00011358994
A16: 10 | B16: 3.6789 | C16: =B16*2 -> 7.3578 | D16: =$B$30+$B$31*$A16+$B$32*$A16^2+$B$33*$A16^3 -> 7.3191857 | E16: =$D16-$C16 -> -0.038614282 | F16: =$E16^2 -> 0.0014910628
A17: 11 | B17: 4.0241 | C17: =B17*2 -> 8.0482 | D17: =$B$30+$B$31*$A17+$B$32*$A17^2+$B$33*$A17^3 -> 7.9758234 | E17: =$D17-$C17 -> -0.072376626 | F17: =$E17^2 -> 0.0052383759
... A26: 20 | B26: 5.748 | C26: =B26*2 -> 11.496 | D26: =$B$30+$B$31*$A26+$B$32*$A26^2+$B$33*$A26^3 -> 11.405362 | E26: =$D26-$C26 -> -0.090638069 | F26: =$E26^2 -> 0.0082152595
F27: =SUM(F6:F26) -> 0.038086025
A29: f(x)=P0+P1*x+P2*x^2+P3*x^3
A30: P0 | B30: 0.043989232
A31: P1 | B31: 0.67583102
A32: P2 | B32: 0.015725845
A33: P3 | B33: -0.0010556982
A36: I/100 [A] | B36: B [kG] | C36: BatPole [kG] | D36: f(x) | E36: f(x)-Y | F36: Z
A37: 0 | B37: 0.0131 | C37: =B37*2 -> 0.0262 | D37: =$B$61+$B$62*$C37+$B$63*$C37^2+$B$64*$C37^3+$B$65*$C37^4 -> 0.036132298 | E37: =$D37-$A37 -> 0.036132298 | F37: =$E37^2 -> 0.001305543
A38: 1 | B38: 0.3775 | C38: =B38*2 -> 0.755 | D38: =$B$61+$B$62*$C38+$B$63*$C38^2+$B$64*$C38^3+$B$65*$C38^4 -> 0.90605855 | E38: =$D38-$A38 -> -0.093941452 | F38: =$E38^2 -> 0.0088249965
A39: 2 | B39: 0.7401 | C39: =B39*2 -> 1.4802 | D39: =$B$61+$B$62*$C39+$B$63*$C39^2+$B$64*$C39^3+$B$65*$C39^4 -> 1.9016869 | E39: =$D39-$A39 -> -0.098313085 | F39: =$E39^2 -> 0.0096654627
A40: 3 | B40: 1.1015 | C40: =B40*2 -> 2.203 | D40: =$B$61+$B$62*$C40+$B$63*$C40^2+$B$64*$C40^3+$B$65*$C40^4 -> 2.9570724 | E40: =$D40-$A40 -> -0.04292762 | F40: =$E40^2 -> 0.0018427806
A41: 4 | B41: 1.4661 | C41: =B41*2 -> 2.9322 | D41: =$B$61+$B$62*$C41+$B$63*$C41^2+$B$64*$C41^3+$B$65*$C41^4 -> 4.0343334 | E41: =$D41-$A41 -> 0.034333379 | F41: =$E41^2 -> 0.0011787809
A42: 5 | B42: 1.8316 | C42: =B42*2 -> 3.6632 | D42: =$B$61+$B$62*$C42+$B$63*$C42^2+$B$64*$C42^3+$B$65*$C42^4 -> 5.0907632 | E42: =$D42-$A42 -> 0.090763185 | F42: =$E42^2 -> 0.0082379558
A43: 6 | B43: 2.196 | C43: =B43*2 -> 4.392 | D43: =$B$61+$B$62*$C43+$B$63*$C43^2+$B$64*$C43^3+$B$65*$C43^4 -> 6.1001948 | E43: =$D43-$A43 -> 0.10019477 | F43: =$E43^2 -> 0.010038993
A44: 7 | B44: 2.5668 | C44: =B44*2 -> 5.1336 | D44: =$B$61+$B$62*$C44+$B$63*$C44^2+$B$64*$C44^3+$B$65*$C44^4 -> 7.0776948 | E44: =$D44-$A44 -> 0.077694787 | F44: =$E44^2 -> 0.0060364799
A45: 8 | B45: 2.9391 | C45: =B45*2 -> 5.8782 | D45: =$B$61+$B$62*$C45+$B$63*$C45^2+$B$64*$C45^3+$B$65*$C45^4 -> 8.0206198 | E45: =$D45-$A45 -> 0.020619797 | F45: =$E45^2 -> 0.00042517602
A46: 9 | B46: 3.31 | C46: =B46*2 -> 6.62 | D46: =$B$61+$B$62*$C46+$B$63*$C46^2+$B$64*$C46^3+$B$65*$C46^4 -> 8.9503182 | E46: =$D46-$A46 -> -0.049681833 | F46: =$E46^2 -> 0.0024682845
A47: 10 | B47: 3.6789 | C47: =B47*2 -> 7.3578 | D47: =$B$61+$B$62*$C47+$B$63*$C47^2+$B$64*$C47^3+$B$65*$C47^4 -> 9.9104632 | E47: =$D47-$A47 -> -0.089536817 | F47: =$E47^2 -> 0.0080168415
A48: 11 | B48: 4.0241 | C48: =B48*2 -> 8.0482 | D48: =$B$61+$B$62*$C48+$B$63*$C48^2+$B$64*$C48^3+$B$65*$C48^4 -> 10.895084 | E48: =$D48-$A48 -> -0.10491619 | F48: =$E48^2 -> 0.011007407
... A57: 20 | B57: 5.748 | C57: =B57*2 -> 11.496 | D57: =$B$61+$B$62*$C57+$B$63*$C57^2+$B$64*$C57^3+$B$65*$C57^4 -> 19.723644 | E57: =$D57-$A57 -> -0.2763557 | F57: =$E57^2 -> 0.076372471
F58: =SUM(F37:F57) -> 0.29142082
A60: f(x)=P0+P1*x+P2*x^2+P3*x^3 | I60: Current [A] (Input) | K60: 1000
A61: P0 | B61: 0.0082949343 | I61: Field at Pole [kG] | K61: =$B$30+$B$31*K60/100+$B$32*K60^2*0.0001+$B$33*K60^3*0.000001 -> 7.3191857
A62: P1 | B62: 1.0572022
A63: P2 | B63: 0.20303601 | I63: Field at Pole (Input) | K63: 7.359
A64: P3 | B64: -0.039296099 | I64: Current | K64: =$B$61*100+$B$62*K63*100+$B$63*K63^2*100+$B$64*K63^3*100+$B$65*K63^4*100 -> 991.20848
A65: P4 | B65: 0.0023148763

Sheet K1.8Q12
A1: K1.8Q12 | B1: NQ412
A2: at Poleでは、x2
A3: half aperture=10cm
A5: I/100 [A] | B5: B [kG] | C5: BatPole [kG] | D5: f(x) | E5: f(x)-Y | F5: Z
A6: 0 | B6: 0.0144 | C6: =B6*2 -> 0.0288 | D6: =$B$30+$B$31*$A6+$B$32*$A6^2+$B$33*$A6^3 -> 0.041470911 | E6: =$D6-$C6 -> 0.012670911 | F6: =$E6^2 -> 0.00016055199
A7: 1 | B7: 0.3815 | C7: =B7*2 -> 0.763 | D7: =$B$30+$B$31*$A7+$B$32*$A7^2+$B$33*$A7^3 -> 0.74255696 | E7: =$D7-$C7 -> -0.020443042 | F7: =$E7^2 -> 0.00041791796
A8: 2 | B8: 0.7468 | C8: =B8*2 -> 1.4936 | D8: =$B$30+$B$31*$A8+$B$32*$A8^2+$B$33*$A8^3 -> 1.4679077 | E8: =$D8-$C8 -> -0.025692255 | F8: =$E8^2 -> 0.00066009196
A9: 3 | B9: 1.1127 | C9: =B9*2 -> 2.2254 | D9: =$B$30+$B$31*$A9+$B$32*$A9^2+$B$33*$A9^3 -> 2.211149 | E9: =$D9-$C9 -> -0.014250971 | F9: =$E9^2 -> 0.00020309018
A10: 4 | B10: 1.4797 | C10: =B10*2 -> 2.9594 | D10: =$B$30+$B$31*$A10+$B$32*$A10^2+$B$33*$A10^3 -> 2.9659066 | E10: =$D10-$C10 -> 0.0065065658 | F10: =$E10^2 -> 4.2335399e-05
A11: 5 | B11: 1.8516 | C11: =B11*2 -> 3.7032 | D11: =$B$30+$B$31*$A11+$B$32*$A11^2+$B$33*$A11^3 -> 3.7258061 | E11: =$D11-$C11 -> 0.022606113 | F11: =$E11^2 -> 0.00051103633
A12: 6 | B12: 2.2191 | C12: =B12*2 -> 4.4382 | D12: =$B$30+$B$31*$A12+$B$32*$A12^2+$B$33*$A12^3 -> 4.4844734 | E12: =$D12-$C12 -> 0.046273426 | F12: =$E12^2 -> 0.00214123
A13: 7 | B13: 2.5946 | C13: =B13*2 -> 5.1892 | D13: =$B$30+$B$31*$A13+$B$32*$A13^2+$B$33*$A13^3 -> 5.2355343 | E13: =$D13-$C13 -> 0.046334263 | F13: =$E13^2 -> 0.0021468639
A14: 8 | B14: 2.97 | C14: =B14*2 -> 5.94 | D14: =$B$30+$B$31*$A14+$B$32*$A14^2+$B$33*$A14^3 -> 5.9726144 | E14: =$D14-$C14 -> 0.032614379 | F14: =$E14^2 -> 0.0010636977
A15: 9 | B15: 3.3409 | C15: =B15*2 -> 6.6818 | D15: =$B$30+$B$31*$A15+$B$32*$A15^2+$B$33*$A15^3 -> 6.6893395 | E15: =$D15-$C15 -> 0.0075395309 | F15: =$E15^2 -> 5.6844527e-05
A16: 10 | B16: 3.713 | C16: =B16*2 -> 7.426 | D16: =$B$30+$B$31*$A16+$B$32*$A16^2+$B$33*$A16^3 -> 7.3793355 | E16: =$D16-$C16 -> -0.046664524 | F16: =$E16^2 -> 0.0021775778
A17: 11 | B17: 4.0533 | C17: =B17*2 -> 8.1066 | D17: =$B$30+$B$31*$A17+$B$32*$A17^2+$B$33*$A17^3 -> 8.036228 | E17: =$D17-$C17 -> -0.070372029 | F17: =$E17^2 -> 0.0049522225
... A26: 20 | B26: 5.7544 | C26: =B26*2 -> 11.5088 | D26: =$B$30+$B$31*$A26+$B$32*$A26^2+$B$33*$A26^3 -> 11.406855 | E26: =$D26-$C26 -> -0.10194502 | F26: =$E26^2 -> 0.010392787
F27: =SUM(F6:F26) -> 0.0430862
A29: f(x)=P0+P1*x+P2*x^2+P3*x^3
A30: P0 | B30: 0.041470911
A31: P1 | B31: 0.68682893
A32: P2 | B32: 0.015319492
A33: P3 | B33: -0.0010623739
A36: I/100 [A] | B36: B [kG] | C36: BatPole [kG] | D36: f(x) | E36: f(x)-Y | F36: Z
A37: 0 | B37: 0.0144 | C37: =B37*2 -> 0.0288 | D37: =$B$61+$B$62*$C37+$B$63*$C37^2+$B$64*$C37^3+$B$65*$C37^4 -> 0.038660532 | E37: =$D37-$A37 -> 0.038660532 | F37: =$E37^2 -> 0.0014946367
A38: 1 | B38: 0.3815 | C38: =B38*2 -> 0.763 | D38: =$B$61+$B$62*$C38+$B$63*$C38^2+$B$64*$C38^3+$B$65*$C38^4 -> 0.91406714 | E38: =$D38-$A38 -> -0.085932865 | F38: =$E38^2 -> 0.0073844573
A39: 2 | B39: 0.7468 | C39: =B39*2 -> 1.4936 | D39: =$B$61+$B$62*$C39+$B$63*$C39^2+$B$64*$C39^3+$B$65*$C39^4 -> 1.9136042 | E39: =$D39-$A39 -> -0.086395772 | F39: =$E39^2 -> 0.0074642295
A40: 3 | B40: 1.1127 | C40: =B40*2 -> 2.2254 | D40: =$B$61+$B$62*$C40+$B$63*$C40^2+$B$64*$C40^3+$B$65*$C40^4 -> 2.9754044 | E40: =$D40-$A40 -> -0.024595597 | F40: =$E40^2 -> 0.00060494338
A41: 4 | B41: 1.4797 | C41: =B41*2 -> 2.9594 | D41: =$B$61+$B$62*$C41+$B$63*$C41^2+$B$64*$C41^3+$B$65*$C41^4 -> 4.0493805 | E41: =$D41-$A41 -> 0.049380535 | F41: =$E41^2 -> 0.0024384372
A42: 5 | B42: 1.8516 | C42: =B42*2 -> 3.7032 | D42: =$B$61+$B$62*$C42+$B$63*$C42^2+$B$64*$C42^3+$B$65*$C42^4 -> 5.1101702 | E42: =$D42-$A42 -> 0.11017018 | F42: =$E42^2 -> 0.012137468
A43: 6 | B43: 2.2191 | C43: =B43*2 -> 4.4382 | D43: =$B$61+$B$62*$C43+$B$63*$C43^2+$B$64*$C43^3+$B$65*$C43^4 -> 6.1114073 | E43: =$D43-$A43 -> 0.11140731 | F43: =$E43^2 -> 0.012411589
A44: 7 | B44: 2.5946 | C44: =B44*2 -> 5.1892 | D44: =$B$61+$B$62*$C44+$B$63*$C44^2+$B$64*$C44^3+$B$65*$C44^4 -> 7.0829605 | E44: =$D44-$A44 -> 0.082960536 | F44: =$E44^2 -> 0.0068824505
A45: 8 | B45: 2.97 | C45: =B45*2 -> 5.94 | D45: =$B$61+$B$62*$C45+$B$63*$C45^2+$B$64*$C45^3+$B$65*$C45^4 -> 8.0165591 | E45: =$D45-$A45 -> 0.016559069 | F45: =$E45^2 -> 0.00027420276
A46: 9 | B46: 3.3409 | C46: =B46*2 -> 6.6818 | D46: =$B$61+$B$62*$C46+$B$63*$C46^2+$B$64*$C46^3+$B$65*$C46^4 -> 8.9333567 | E46: =$D46-$A46 -> -0.066643255 | F46: =$E46^2 -> 0.0044413234
A47: 10 | B47: 3.713 | C47: =B47*2 -> 7.426 | D47: =$B$61+$B$62*$C47+$B$63*$C47^2+$B$64*$C47^3+$B$65*$C47^4 -> 9.8960761 | E47: =$D47-$A47 -> -0.10392391 | F47: =$E47^2 -> 0.01080018
A48: 11 | B48: 4.0533 | C48: =B48*2 -> 8.1066 | D48: =$B$61+$B$62*$C48+$B$63*$C48^2+$B$64*$C48^3+$B$65*$C48^4 -> 10.869765 | E48: =$D48-$A48 -> -0.13023459 | F48: =$E48^2 -> 0.016961047
... A57: 20 | B57: 5.7544 | C57: =B57*2 -> 11.5088 | D57: =$B$61+$B$62*$C57+$B$63*$C57^2+$B$64*$C57^3+$B$65*$C57^4 -> 19.719655 | E57: =$D57-$A57 -> -0.28034526 | F57: =$E57^2 -> 0.078593467
F58: =SUM(F37:F57) -> 0.31736734
A60: f(x)=P0+P1*x+P2*x^2+P3*x^3 | I60: Current [A] (Input) | K60: 1066
A61: P0 | B61: 0.0080759099 | I61: Field at Pole [kG] | K61: =$B$30+$B$31*K60/100+$B$32*K60^2*0.0001+$B$33*K60^3*0.000001 -> 7.8169945
A62: P1 | B62: 1.0562205
A63: P2 | B63: 0.200629 | I63: Field at Pole (Input) | K63: 7.877
A64: P3 | B64: -0.039391855 | I64: Current | K64: =$B$61*100+$B$62*K63*100+$B$63*K63^2*100+$B$64*K63^3*100+$B$65*K63^4*100 -> 1052.75
A65: P4 | B65: 0.0023387178

Sheet K1.8Q13
A1: K1.8Q13 | B1: NQ412
A2: at Poleでは、x2
A3: half aperture=10cm
A5: I/100 [A] | B5: B [kG] | C5: BatPole [kG] | D5: f(x) | E5: f(x)-Y | F5: Z
A6: 0 | B6: 0.0166 | C6: =B6*2 -> 0.0332 | D6: =$B$30+$B$31*$A6+$B$32*$A6^2+$B$33*$A6^3 -> 0.042236088 | E6: =$D6-$C6 -> 0.0090360876 | F6: =$E6^2 -> 8.1650878e-05
A7: 1 | B7: 0.3794 | C7: =B7*2 -> 0.7588 | D7: =$B$30+$B$31*$A7+$B$32*$A7^2+$B$33*$A7^3 -> 0.73940503 | E7: =$D7-$C7 -> -0.019394967 | F7: =$E7^2 -> 0.00037616476
A8: 2 | B8: 0.7426 | C8: =B8*2 -> 1.4852 | D8: =$B$30+$B$31*$A8+$B$32*$A8^2+$B$33*$A8^3 -> 1.4615871 | E8: =$D8-$C8 -> -0.023612894 | F8: =$E8^2 -> 0.00055756876
A9: 3 | B9: 1.1079 | C9: =B9*2 -> 2.2158 | D9: =$B$30+$B$31*$A9+$B$32*$A9^2+$B$33*$A9^3 -> 2.2023529 | E9: =$D9-$C9 -> -0.013447059 | F9: =$E9^2 -> 0.00018082339
