Workbook
Name tmp: expect_KOT!#REF!
Name tmp: expect_kW!#REF!

Sheet user time
B1: Run78 User Time
B3: date | C3: MR | D3: beam condition | E3: run | F3: start time | G3: end time | H3: duration | I3: down time | J3: up time | K3: up time ratio | M3: date | N3: beam stop | O3: beam start | P3: down | R3: date | S3: beam stop | T3: beam start | U3: down | W3: date | X3: beam stop | Y3: beam start | Z3: down
A4: Run#78 | B4: 43117 | C4: 10.5kW | D4: -1.0 GeV/c | E4: system launch | F4: 0.7653588 | G4: 0.87152778 | H4: =G4-F4 -> 0.10616898 | I4: =E46 -> 0.052488426 | J4: =H4-I4 -> 0.053680556 | K4: =J4/H4 -> 0.5056143 | M4: 43154 | N4: 0.008912037 | O4: 0.013009259 | P4: =O4-N4 -> 0.0040972222 | R4: 43155 | S4: 0.011736111 | T4: 0.012511574 | U4: =T4-S4 -> 0.00077546296 | V4: 782 | W4: 43156 | X4: 0.0084027778 | Y4: 0.008912037 | Z4: =Y4-X4 -> 0.00050925926 | AA4: 807
B5: 43118 | C5: 31.5kW | D5: -1.0 GeV/c | E5: system launch, emtpy run | F5: 0.45835648 | G5: 1 | H5: =G5-F5 -> 0.54164352 | I5: =E75 -> 0.14743056 | J5: =H5-I5 -> 0.39421296 | K5: =J5/H5 -> 0.72780888 | N5: 0.034375 | O5: 0.034814815 | P5: =O5-N5 -> 0.00043981481 | Q5: 756 | S5: 0.013194444 | T5: 0.013576389 | U5: =T5-S5 -> 0.00038194444 | V5: 782 | X5: 0.062673611 | Y5: 0.063078704 | Z5: =Y5-X5 -> 0.00040509259 | AA5: 808
B6: 43119 | C6: 31.5kW | D6: -1.0 GeV/c | E6: empty run | F6: 0 | G6: 0.039918981 | H6: =G6-F6 -> 0.039918981 | I6: =E81 -> 0.0083564815 | J6: =H6-I6 -> 0.0315625 | K6: =J6/H6 -> 0.79066396 | N6: 0.040185185 | O6: 0.040451389 | P6: =O6-N6 -> 0.0002662037 | Q6: 756 | S6: 0.06869213 | T6: 0.0690625 | U6: =T6-S6 -> 0.00037037037 | V6: 783 | X6: 0.15403935 | Y6: 0.15443287 | Z6: =Y6-X6 -> 0.00039351852 | AA6: 810
C7: 31.5kW | D7: -1.0 GeV/c | E7: test production run | F7: 0.83702546 | G7: 1 | H7: =G7-F7 -> 0.16297454 | I7: =E88 -> 0.022638889 | J7: =H7-I7 -> 0.14033565 | K7: =J7/H7 -> 0.86108941 | N7: 0.070451389 | O7: 0.070856481 | P7: =O7-N7 -> 0.00040509259 | Q7: 757 | S7: 0.086296296 | T7: 0.086539352 | U7: =T7-S7 -> 0.00024305556 | V7: 784 | X7: 0.19332176 | Y7: 0.19376157 | Z7: =Y7-X7 -> 0.00043981481 | AA7: 811
B8: 43120 | C8: 31.5kW | D8: -1.0 GeV/c | E8: test production run | F8: 0 | G8: 0.37498843 | H8: =G8-F8 -> 0.37498843 | I8: =E107 -> 0.020601852 | J8: =H8-I8 -> 0.35438657 | K8: =J8/H8 -> 0.94506003 | N8: 0.12690972 | O8: 0.12778935 | P8: =O8-N8 -> 0.00087962963 | Q8: 758 | S8: 0.093472222 | T8: 0.12857639 | U8: =T8-S8 -> 0.035104167 | V8: 784end/785start | X8: 0.20180556 | Y8: 0.20212963 | Z8: =Y8-X8 -> 0.00032407407 | AA8: 811
B9: 43125 | C9: 33.5kW | D9: -1.0 GeV/c | E9: production run | F9: 0.97462963 | G9: 1 | H9: =G9-F9 -> 0.02537037 | I9: =E112 -> 0 | J9: =H9-I9 -> 0.02537037 | K9: =J9/H9 -> 1 | L9: cycle was changed to 5.2s | N9: 0.16896991 | O9: 0.16940972 | P9: =O9-N9 -> 0.00043981481 | Q9: 762 | S9: 0.13872685 | T9: 0.13907407 | U9: =T9-S9 -> 0.00034722222 | V9: 785 | X9: 0.20748843 | Y9: 0.21621528 | Z9: =Y9-X9 -> 0.0087268519 | AA9: 811end/812start
B10: 43126 | C10: 33.5kW | D10: -1.0 GeV/c | E10: production run | F10: 0 | G10: 0.42759259 | H10: =G10-F10 -> 0.42759259 | I10: =E134 -> 0.051828704 | J10: =H10-I10 -> 0.37576389 | K10: =J10/H10 -> 0.87878952 | N10: 0.19398148 | O10: 0.19575231 | P10: =O10-N10 -> 0.0017708333 | Q10: 762end | S10: 0.14341435 | T10: 0.14385417 | U10: =T10-S10 -> 0.00043981481 | V10: 785 | Y10: total | Z10: =SUM(Z4:Z9) -> 0.010798611
C11: 44.5kW | D11: -1.0 GeV/c | E11: production run | F11: 0.97362269 | G11: 1 | H11: =G11-F11 -> 0.026377315 | I11: =E137 -> 0.014537037 | J11: =H11-I11 -> 0.011840278 | K11: =J11/H11 -> 0.44888109 | N11: 0.23982639 | O11: 0.2402662 | P11: =O11-N11 -> 0.00043981481 | Q11: 764 | S11: 0.15596065 | T11: 0.15635417 | U11: =T11-S11 -> 0.00039351852 | V11: 785
B12: 43127 | C12: 44.5kW | D12: -1.0 GeV/c | E12: production run | F12: 0 | G12: 0.44570602 | H12: =G12-F12 -> 0.44570602 | I12: =E159 -> 0.083530093 | J12: =H12-I12 -> 0.36217593 | K12: =J12/H12 -> 0.81258926 | N12: 0.25922454 | O12: 0.25950231 | P12: =O12-N12 -> 0.00027777778 | Q12: 764 | S12: 0.16899306 | T12: 0.17487269 | U12: =T12-S12 -> 0.0058796296 | V12: 786
B13: 43128 | C13: 44.5kW | D13: -1.0 GeV/c | E13: production run | F13: 0.0015972222 | G13: 1 | H13: =G13-F13 -> 0.99840278 | I13: =E191 -> 0.14377315 | J13: =H13-I13 -> 0.85462963 | K13: =J13/H13 -> 0.85599685 | N13: 0.27043981 | O13: 0.27078704 | P13: =O13-N13 -> 0.00034722222 | Q13: 764 | S13: 0.18502315 | T13: 0.18534722 | U13: =T13-S13 -> 0.00032407407 | V13: 786
B14: 43129 | C14: 44.5kW | D14: -1.0 GeV/c | E14: production run | F14: 0 | G14: 1 | H14: =G14-F14 -> 1 | I14: =J80 -> 0.10299769 | J14: =H14-I14 -> 0.89700231 | K14: =J14/H14 -> 0.89700231 | N14: 0.27805556 | O14: 0.27855324 | P14: =O14-N14 -> 0.00049768519 | Q14: 764 | S14: 0.2072338 | T14: 0.2075463 | U14: =T14-S14 -> 0.0003125 | V14: 786
B15: 43130 | C15: 44.5kW | D15: -1.0 GeV/c | E15: production run | F15: 0 | G15: 0.42703704 | H15: =G15-F15 -> 0.42703704 | I15: =J99 -> 0.060821759 | J15: =H15-I15 -> 0.36621528 | K15: =J15/H15 -> 0.85757264 | N15: 0.30122685 | O15: 0.30173611 | P15: =O15-N15 -> 0.00050925926 | Q15: 765 | S15: 0.25247685 | T15: 0.25284722 | U15: =T15-S15 -> 0.00037037037 | V15: 787
C16: 49.8kW | D16: -1.0 GeV/c | E16: production run | F16: 0.76025463 | G16: 1 | H16: =G16-F16 -> 0.23974537 | I16: =J106 -> 0.070833333 | J16: =H16-I16 -> 0.16891204 | K16: =J16/H16 -> 0.70454765 | N16: 0.30185185 | O16: 0.30322917 | P16: =O16-N16 -> 0.0013773148 | Q16: 765 | S16: 0.25872685 | T16: 0.25916667 | U16: =T16-S16 -> 0.00043981481 | V16: 788
B17: 43131 | C17: 49.8kW | D17: -1.0 GeV/c | E17: production run | F17: 0 | G17: 0.37502315 | H17: =G17-F17 -> 0.37502315 | I17: =J125 -> 0.0403125 | J17: =H17-I17 -> 0.33471065 | K17: =J17/H17 -> 0.89250664 | N17: 0.30709491 | O17: 0.30756944 | P17: =O17-N17 -> 0.00047453704 | Q17: 765 | S17: 0.26913194 | T17: 0.2696875 | U17: =T17-S17 -> 0.00055555556 | V17: 788
B18: 43132 | C18: 50.7kW | D18: -1.0 GeV/c | E18: production run | F18: 0.66680556 | G18: 1 | H18: =G18-F18 -> 0.33319444 | I18: =J143 -> 0.068831019 | J18: =H18-I18 -> 0.26436343 | K18: =J18/H18 -> 0.79342087 | L18: beam-power calibration was changed | N18: 0.34113426 | O18: 0.34163194 | P18: =O18-N18 -> 0.00049768519 | Q18: 766 | S18: 0.29700231 | T18: 0.29748843 | U18: =T18-S18 -> 0.00048611111 | V18: 788
B19: 43133 | C19: 50.7kW | D19: -1.0 GeV/c | E19: production run | F19: 0 | G19: 1 | H19: =G19-F19 -> 1 | I19: =J188 -> 0.086724537 | J19: =H19-I19 -> 0.91327546 | K19: =J19/H19 -> 0.91327546 | N19: 0.35239583 | O19: 0.35267361 | P19: =O19-N19 -> 0.00027777778 | Q19: 766 | S19: 0.31939815 | T19: 0.32385417 | U19: =T19-S19 -> 0.0044560185 | V19: 789
B20: 43134 | C20: 50.7kW | D20: -1.0 GeV/c | E20: production run | F20: 0 | G20: 1 | H20: =G20-F20 -> 1 | I20: =P107 -> 0.044606481 | J20: =H20-I20 -> 0.95539352 | K20: =J20/H20 -> 0.95539352 | N20: 0.39662037 | O20: 0.39905093 | P20: =O20-N20 -> 0.0024305556 | Q20: 767 | S20: 0.33571759 | T20: 0.33619213 | U20: =T20-S20 -> 0.00047453704 | V20: 789
B21: 43135 | C21: 50.8kW | D21: -1.0 GeV/c | E21: production run | F21: 0 | G21: 1 | H21: =G21-F21 -> 1 | I21: =P149 -> 0.067083333 | J21: =H21-I21 -> 0.93291667 | K21: =J21/H21 -> 0.93291667 | N21: 0.42099537 | O21: 0.42143519 | P21: =O21-N21 -> 0.00043981481 | Q21: 768 | S21: 0.34314815 | T21: 0.34342593 | U21: =T21-S21 -> 0.00027777778 | V21: 789
B22: 43136 | C22: 50.8kW | D22: -1.0 GeV/c | E22: production run | F22: 0 | G22: 1 | H22: =G22-F22 -> 1 | I22: =P188 -> 0.059456019 | J22: =H22-I22 -> 0.94054398 | K22: =J22/H22 -> 0.94054398 | N22: 0.44217593 | O22: 0.44420139 | P22: =O22-N22 -> 0.002025463 | Q22: 768 | S22: 0.39471065 | T22: 0.39512731 | U22: =T22-S22 -> 0.00041666667 | V22: 791
B23: 43137 | C23: 50.8kW | D23: -1.0 GeV/c | E23: production run | F23: 0 | G23: 1 | H23: =G23-F23 -> 1 | I23: =U106 -> 0.19655093 | J23: =H23-I23 -> 0.80344907 | K23: =J23/H23 -> 0.80344907 | N23: 0.44447917 | O23: 0.44479167 | P23: =O23-N23 -> 0.0003125 | Q23: 768 | S23: 0.3991088 | T23: 0.39950231 | U23: =T23-S23 -> 0.00039351852 | V23: 791
B24: 43138 | C24: 50.8kW | D24: -1.0 GeV/c | E24: production run | F24: 0 | G24: 0.37502315 | H24: =G24-F24 -> 0.37502315 | I24: =U122 -> 0.050150463 | J24: =H24-I24 -> 0.32487269 | K24: =J24/H24 -> 0.86627369 | N24: 0.46204861 | O24: 0.47630787 | P24: =O24-N24 -> 0.014259259 | Q24: 769 | S24: 0.41739583 | T24: 0.41784722 | U24: =T24-S24 -> 0.00045138889 | V24: 791
B25: 43139 | C25: 50.3kW | D25: -1.0 GeV/c | E25: production run | F25: 0.40747685 | G25: 1 | H25: =G25-F25 -> 0.59252315 | I25: =U145 -> 0.029814815 | J25: =H25-I25 -> 0.56270833 | K25: =J25/H25 -> 0.9496816 | N25: 0.47811343 | O25: 0.48765046 | P25: =O25-N25 -> 0.009537037 | Q25: 769 | S25: 0.53172454 | T25: 0.53216435 | U25: =T25-S25 -> 0.00043981481 | V25: 794
B26: 43140 | C26: 50.3kW | D26: -1.0 GeV/c | E26: production run | F26: 0 | G26: 1 | H26: =G26-F26 -> 1 | I26: =U190 -> 0.10009259 | J26: =H26-I26 -> 0.89990741 | K26: =J26/H26 -> 0.89990741 | N26: 0.4962963 | O26: 0.49658565 | P26: =O26-N26 -> 0.00028935185 | Q26: 770 | S26: 0.58135417 | T26: 0.60840278 | U26: =T26-S26 -> 0.027048611 | V26: 795end/796start
B27: 43141 | C27: 50.3kW | D27: -1.0 GeV/c | E27: production run | F27: 0 | G27: 0.37501157 | H27: =G27-F27 -> 0.37501157 | I27: =U208 -> 0.032777778 | J27: =H27-I27 -> 0.3422338 | K27: =J27/H27 -> 0.91259529 | N27: 0.53483796 | O27: 0.53523148 | P27: =O27-N27 -> 0.00039351852 | Q27: 770 | S27: 0.60878472 | T27: 0.60931713 | U27: =T27-S27 -> 0.00053240741 | V27: 796
B28: 43146 | C28: 49.6kW | D28: -1.0 GeV/c | E28: production run | F28: 0.017719907 | G28: 1 | H28: =G28-F28 -> 0.98228009 | I28: =Z110 -> 0.069421296 | J28: =H28-I28 -> 0.9128588 | K28: =J28/H28 -> 0.92932637 | N28: 0.60210648 | O28: 0.60667824 | P28: =O28-N28 -> 0.0045717593 | Q28: 772 | S28: 0.71034722 | T28: 0.71070602 | U28: =T28-S28 -> 0.0003587963 | V28: 798
B29: 43147 | C29: 49.8kW | D29: -1.0 GeV/c | E29: production run | F29: 0 | G29: 1 | H29: =G29-F29 -> 1 | I29: =Z152 -> 0.30855324 | J29: =H29-I29 -> 0.69144676 | K29: =J29/H29 -> 0.69144676 | N29: 0.62332176 | O29: 0.62383102 | P29: =O29-N29 -> 0.00050925926 | Q29: 772end/773start | S29: 0.77229167 | T29: 0.77309028 | U29: =T29-S29 -> 0.00079861111 | V29: 801
B30: 43148 | C30: 50.4kW | D30: -1.0 GeV/c | E30: production run | F30: 0 | G30: 1 | H30: =G30-F30 -> 1 | I30: =Z184 -> 0.71131944 | J30: =H30-I30 -> 0.28868056 | K30: =J30/H30 -> 0.28868056 | N30: 0.67320602 | O30: 0.67642361 | P30: =O30-N30 -> 0.0032175926 | Q30: 774 | S30: 0.78998843 | T30: 0.79019676 | U30: =T30-S30 -> 0.00020833333 | V30: 802
B31: 43149 | C31: 50.4kW | D31: -1.0 GeV/c | E31: production run | F31: 0 | G31: 1 | H31: =G31-F31 -> 1 | I31: =AE131 -> 0.050243056 | J31: =H31-I31 -> 0.94975694 | K31: =J31/H31 -> 0.94975694 | N31: 0.71125 | O31: 0.71168981 | P31: =O31-N31 -> 0.00043981481 | Q31: 775 | S31: 0.82394676 | T31: 0.8243287 | U31: =T31-S31 -> 0.00038194444 | V31: 802
B32: 43150 | C32: 50.4kW | D32: -1.0 GeV/c | E32: production run | F32: 0 | G32: 1 | H32: =G32-F32 -> 1 | I32: =AE170 -> 0.029861111 | J32: =H32-I32 -> 0.97013889 | K32: =J32/H32 -> 0.97013889 | N32: 0.73969907 | O32: 0.74 | P32: =O32-N32 -> 0.00030092593 | Q32: 775 | S32: 0.83158565 | T32: 0.831875 | U32: =T32-S32 -> 0.00028935185 | V32: 803
B33: 43151 | C33: 50.4kW | D33: -1.0 GeV/c | E33: production run | F33: 0 | G33: 1 | H33: =G33-F33 -> 1 | I33: =AJ110 -> 0.063761574 | J33: =H33-I33 -> 0.93623843 | K33: =J33/H33 -> 0.93623843 | N33: 0.76954861 | O33: 0.76987269 | P33: =O33-N33 -> 0.00032407407 | Q33: 776 | S33: 0.90813657 | T33: 0.9083912 | U33: =T33-S33 -> 0.00025462963 | V33: 804
B34: 43152 | C34: 50.4kW | D34: -1.0 GeV/c | E34: production run | F34: 0 | G34: 0.375 | H34: =G34-F34 -> 0.375 | I34: =AJ126 -> 0.068796296 | J34: =H34-I34 -> 0.3062037 | K34: =J34/H34 -> 0.81654321 | N34: 0.78086806 | O34: 0.78128472 | P34: =O34-N34 -> 0.00041666667 | Q34: 776 | S34: 0.91774306 | T34: 0.91804398 | U34: =T34-S34 -> 0.00030092593 | V34: 805
B35: 43153 | C35: 51.1kW | D35: -1.0 GeV/c | E35: production run | F35: 0.97803241 | G35: 1 | H35: =G35-F35 -> 0.021967593 | I35: 0 | J35: =H35-I35 -> 0.021967593 | K35: =J35/H35 -> 1 | N35: 0.79708333 | O35: 0.79743056 | P35: =O35-N35 -> 0.00034722222 | Q35: 777 | S35: 0.91905093 | T35: 0.91930556 | U35: =T35-S35 -> 0.00025462963 | V35: 805
B36: 43154 | C36: 51.1kW | D36: -1.0 GeV/c | E36: production run | F36: 0 | G36: 1 | H36: =G36-F36 -> 1 | I36: =P45 -> 0.063819444 | J36: =H36-I36 -> 0.93618056 | K36: =J36/H36 -> 0.93618056 | N36: 0.81505787 | O36: 0.81547454 | P36: =O36-N36 -> 0.00041666667 | Q36: 777 | S36: 0.92396991 | T36: 0.9244213 | U36: =T36-S36 -> 0.00045138889 | V36: 805
B37: 43155 | C37: 51.1kW | D37: -1.0 GeV/c | E37: production run | F37: 0 | G37: 1 | H37: =G37-F37 -> 1 | I37: =U40 -> 0.085462963 | J37: =H37-I37 -> 0.91453704 | K37: =J37/H37 -> 0.91453704 | N37: 0.8193287 | O37: 0.8196412 | P37: =O37-N37 -> 0.0003125 | Q37: 777 | S37: 0.96159722 | T37: 0.96196759 | U37: =T37-S37 -> 0.00037037037 | V37: 806
B38: 43156 | C38: 51.1kW | D38: -1.0 GeV/c | E38: production run | F38: 0 | G38: 0.23123843 | H38: =G38-F38 -> 0.23123843 | I38: =Z10 -> 0.010798611 | J38: =H38-I38 -> 0.22043981 | K38: =J38/H38 -> 0.95330097 | N38: 0.82554398 | O38: 0.82582176 | P38: =O38-N38 -> 0.00027777778 | Q38: 777 | S38: 0.98009259 | T38: 0.98043981 | U38: =T38-S38 -> 0.00034722222 | V38: 806
E39: sum | H39: =SUM(H4:H38) -> 21.477187 | I39: =SUM(I4:I38) -> 3.0182755 | J39: =SUM(J4:J38) -> 18.458912 | K39: =J39/H39 -> 0.85946598 | N39: 0.86528935 | O39: 0.87331019 | P39: =O39-N39 -> 0.0080208333 | Q39: 778end | S39: 0.99109954 | T39: 0.99163194 | U39: =T39-S39 -> 0.00053240741 | V39: 806
N40: 0.91398148 | O40: 0.91430556 | P40: =O40-N40 -> 0.00032407407 | Q40: 779 | T40: total | U40: =SUM(U4:U39) -> 0.085462963
N41: 0.91996528 | O41: 0.92079861 | P41: =O41-N41 -> 0.00083333333 | Q41: 780
B42: date | C42: beam stop | D42: beam start | E42: down | G42: date | H42: beam stop | I42: beam start | J42: down | N42: 0.94239583 | O42: 0.94265046 | P42: =O42-N42 -> 0.00025462963 | Q42: 780
B43: 43117 | C43: 0.79760417 | D43: 0.81530093 | E43: =D43-C43 -> 0.017696759 | G43: 43129 | H43: 0.0178125 | I43: 0.018217593 | J43: =I43-H43 -> 0.00040509259 | K43: 239 | N43: 0.95456019 | O43: 0.95487269 | P43: =O43-N43 -> 0.0003125 | Q43: 780
C44: 0.82795139 | D44: 0.82871528 | E44: =D44-C44 -> 0.00076388889 | H44: 0.019872685 | I44: 0.020173611 | J44: =I44-H44 -> 0.00030092593 | K44: 239 | N44: 0.95864583 | O44: 0.95890046 | P44: =O44-N44 -> 0.00025462963 | Q44: 780
C45: 0.8375 | D45: 0.87152778 | E45: =D45-C45 -> 0.034027778 | H45: 0.037152778 | I45: 0.037569444 | J45: =I45-H45 -> 0.00041666667 | K45: 239end | O45: total | P45: =SUM(P4:P44) -> 0.063819444
D46: total | E46: =SUM(E43:E45) -> 0.052488426 | H46: 0.079224537 | I46: 0.090381944 | J46: =I46-H46 -> 0.011157407 | K46: 241
H47: 0.15856481 | I47: 0.17 | J47: =I47-H47 -> 0.011435185 | K47: 242end
B48: date | C48: beam stop | D48: beam start | E48: down | H48: 0.17006944 | I48: 0.17052083 | J48: =I48-H48 -> 0.00045138889
B49: 43118 | C49: 0.46641204 | D49: 0.46694444 | E49: =D49-C49 -> 0.00053240741 | H49: 0.19130787 | I49: 0.19790509 | J49: =I49-H49 -> 0.0065972222 | K49: 243
C50: 0.48873843 | D50: 0.5134838 | E50: =D50-C50 -> 0.02474537 | H50: 0.20269676 | I50: 0.21028935 | J50: =I50-H50 -> 0.0075925926 | K50: 243
C51: 0.51824074 | D51: 0.52721065 | E51: =D51-C51 -> 0.0089699074 | H51: 0.22028935 | I51: 0.2291088 | J51: =I51-H51 -> 0.0088194444 | K51: 243
C52: 0.53113426 | D52: 0.53207176 | E52: =D52-C52 -> 0.0009375 | H52: 0.2828588 | I52: 0.28313657 | J52: =I52-H52 -> 0.00027777778 | K52: 245
C53: 0.53262731 | D53: 0.54186343 | E53: =D53-C53 -> 0.0092361111 | H53: 0.28569444 | I53: 0.28599537 | J53: =I53-H53 -> 0.00030092593 | K53: 245
C54: 0.58416667 | D54: 0.58453704 | E54: =D54-C54 -> 0.00037037037 | H54: 0.29701389 | I54: 0.29731481 | J54: =I54-H54 -> 0.00030092593 | K54: 245
C55: 0.58951389 | D55: 0.5984838 | E55: =D55-C55 -> 0.0089699074 | H55: 0.32505787 | I55: 0.32541667 | J55: =I55-H55 -> 0.0003587963 | K55: 246
C56: 0.63993056 | D56: 0.65265046 | E56: =D56-C56 -> 0.012719907 | H56: 0.32563657 | I56: 0.32611111 | J56: =I56-H56 -> 0.00047453704 | K56: 246
C57: 0.65392361 | D57: 0.66046296 | E57: =D57-C57 -> 0.0065393519 | H57: 0.35144676 | I57: 0.35170139 | J57: =I57-H57 -> 0.00025462963 | K57: 246
C58: 0.67739583 | D58: 0.68099537 | E58: =D58-C58 -> 0.003599537 | H58: 0.37290509 | I58: 0.37326389 | J58: =I58-H58 -> 0.0003587963 | K58: 247
C59: 0.71302083 | D59: 0.72554398 | E59: =D59-C59 -> 0.012523148 | H59: 0.4712963 | I59: 0.47180556 | J59: =I59-H59 -> 0.00050925926 | K59: 249
C60: 0.72690972 | D60: 0.72726852 | E60: =D60-C60 -> 0.0003587963 | H60: 0.51145833 | I60: 0.5119213 | J60: =I60-H60 -> 0.00046296296 | K60: 250
C61: 0.74829861 | D61: 0.74875 | E61: =D61-C61 -> 0.00045138889 | H61: 0.51456019 | I61: 0.52133102 | J61: =I61-H61 -> 0.0067708333 | K61: 250end
C62: 0.77128472 | D62: 0.7800463 | E62: =D62-C62 -> 0.0087615741 | H62: 0.56519676 | I62: 0.56550926 | J62: =I62-H62 -> 0.0003125 | K62: 252
C63: 0.78828704 | D63: 0.7887037 | E63: =D63-C63 -> 0.00041666667 | F63: 92 | H63: 0.60438657 | I63: 0.60478009 | J63: =I63-H63 -> 0.00039351852 | K63: 252end
C64: 0.81017361 | D64: 0.81065972 | E64: =D64-C64 -> 0.00048611111 | F64: 93 | H64: 0.65417824 | I64: 0.65474537 | J64: =I64-H64 -> 0.00056712963 | K64: 254
C65: 0.82046296 | D65: 0.82399306 | E65: =D65-C65 -> 0.0035300926 | F65: 93end | H65: 0.65828704 | I65: 0.65873843 | J65: =I65-H65 -> 0.00045138889 | K65: 254
C66: 0.83996528 | D66: 0.8503125 | E66: =D66-C66 -> 0.010347222 | F66: 94end | H66: 0.6678588 | I66: 0.67765046 | J66: =I66-H66 -> 0.0097916667 | K66: 254end/255start
C67: 0.86717593 | D67: 0.87578704 | E67: =D67-C67 -> 0.0086111111 | F67: 95end | H67: 0.68461806 | I67: 0.685 | J67: =I67-H67 -> 0.00038194444 | K67: 255
C68: 0.8796412 | D68: 0.88001157 | E68: =D68-C68 -> 0.00037037037 | F68: 96 | H68: 0.74430556 | I68: 0.7446412 | J68: =I68-H68 -> 0.00033564815 | K68: 256
C69: 0.88052083 | D69: 0.88913194 | E69: =D69-C69 -> 0.0086111111 | F69: 96end | H69: 0.76356481 | I69: 0.76395833 | J69: =I69-H69 -> 0.00039351852 | K69: 257
C70: 0.93987269 | D70: 0.94021991 | E70: =D70-C70 -> 0.00034722222 | F70: 98 | H70: 0.76663194 | I70: 0.76688657 | J70: =I70-H70 -> 0.00025462963 | K70: 257
C71: 0.94315972 | D71: 0.94398148 | E71: =D71-C71 -> 0.00082175926 | F71: 98 | H71: 0.7671412 | I71: 0.76765046 | J71: =I71-H71 -> 0.00050925926 | K71: 257
C72: 0.96239583 | D72: 0.96289352 | E72: =D72-C72 -> 0.00049768519 | F72: 98 | H72: 0.79693287 | I72: 0.79729167 | J72: =I72-H72 -> 0.0003587963 | K72: 257
C73: 0.96422454 | D73: 0.97126157 | E73: =D73-C73 -> 0.007037037 | F73: 98end | H73: 0.82486111 | I73: 0.82520833 | J73: =I73-H73 -> 0.00034722222 | K73: 258
C74: 0.97627315 | D74: 0.98391204 | E74: =D74-C74 -> 0.0076388889 | F74: 99end | H74: 0.83335648 | I74: 0.84708333 | J74: =I74-H74 -> 0.013726852 | K74: 258
D75: total | E75: =SUM(E49:E74) -> 0.14743056 | H75: 0.89179398 | I75: 0.89207176 | J75: =I75-H75 -> 0.00027777778 | K75: 259 | M75: date | N75: beam stop | O75: beam start | P75: down | R75: date | S75: beam stop | T75: beam start | U75: down | W75: date | X75: beam stop | Y75: beam start | Z75: down | AB75: date | AC75: beam stop | AD75: beam start | AE75: down | AG75: date | AH75: beam stop | AI75: beam start | AJ75: down
H76: 0.90530093 | I76: 0.90579861 | J76: =I76-H76 -> 0.00049768519 | M76: 43134 | N76: 0.038217593 | O76: 0.038599537 | P76: =O76-N76 -> 0.00038194444 | Q76: 365 | R76: 43137 | S76: 0.016018519 | T76: 0.01650463 | U76: =T76-S76 -> 0.00048611111 | V76: 459 | W76: 43146 | X76: 0.026111111 | Y76: 0.030300926 | Z76: =Y76-X76 -> 0.0041898148 | AB76: 43149 | AC76: 0.0050231481 | AD76: 0.0055439815 | AE76: =AD76-AC76 -> 0.00052083333 | AF76: 635 | AG76: 43151 | AH76: 0.045277778 | AI76: 0.051180556 | AJ76: =AI76-AH76 -> 0.0059027778 | AK76: 706
B77: date | C77: beam stop | D77: beam start | E77: down | H77: 0.91322917 | I77: 0.92171296 | J77: =I77-H77 -> 0.0084837963 | K77: 260 | N77: 0.040717593 | O77: 0.04505787 | P77: =O77-N77 -> 0.0043402778 | Q77: 365 | S77: 0.085138889 | T77: 0.093356481 | U77: =T77-S77 -> 0.0082175926 | V77: 462 | X77: 0.045034722 | Y77: 0.052164352 | Z77: =Y77-X77 -> 0.0071296296 | AC77: 0.0073726852 | AD77: 0.0077199074 | AE77: =AD77-AC77 -> 0.00034722222 | AF77: 635 | AH77: 0.092824074 | AI77: 0.093252315 | AJ77: =AI77-AH77 -> 0.00042824074 | AK77: 707
B78: 43119 | C78: 0.016909722 | D78: 0.017384259 | E78: =D78-C78 -> 0.00047453704 | F78: 100 | H78: 0.93783565 | I78: 0.93809028 | J78: =I78-H78 -> 0.00025462963 | K78: 260 | N78: 0.075844907 | O78: 0.076134259 | P78: =O78-N78 -> 0.00028935185 | Q78: 366 | S78: 0.095486111 | T78: 0.18494213 | U78: =T78-S78 -> 0.089456019 | V78: 462 | X78: 0.05369213 | Y78: 0.054513889 | Z78: =Y78-X78 -> 0.00082175926 | AC78: 0.010393519 | AD78: 0.010752315 | AE78: =AD78-AC78 -> 0.0003587963 | AF78: 635 | AH78: 0.0990625 | AI78: 0.099398148 | AJ78: =AI78-AH78 -> 0.00033564815 | AK78: 707
C79: 0.018402778 | D79: 0.025833333 | E79: =D79-C79 -> 0.0074305556 | F79: 100end | H79: 0.97420139 | I79: 0.98261574 | J79: =I79-H79 -> 0.0084143519 | K79: 261 | N79: 0.080393519 | O79: 0.080787037 | P79: =O79-N79 -> 0.00039351852 | Q79: 366 | S79: 0.20118056 | T79: 0.20162037 | U79: =T79-S79 -> 0.00043981481 | V79: 462 | X79: 0.064166667 | Y79: 0.065671296 | Z79: =Y79-X79 -> 0.0015046296 | AA79: 578 | AC79: 0.012534722 | AD79: 0.012997685 | AE79: =AD79-AC79 -> 0.00046296296 | AF79: 635 | AH79: 0.11041667 | AI79: 0.11065972 | AJ79: =AI79-AH79 -> 0.00024305556 | AK79: 707
C80: 0.028090278 | D80: 0.028541667 | E80: =D80-C80 -> 0.00045138889 | I80: total | J80: =SUM(J43:J79) -> 0.10299769 | N80: 0.087789352 | O80: 0.088101852 | P80: =O80-N80 -> 0.0003125 | Q80: 366 | S80: 0.2265625 | T80: 0.22675926 | U80: =T80-S80 -> 0.00019675926 | V80: 463 | X80: 0.099780093 | Y80: 0.10012731 | Z80: =Y80-X80 -> 0.00034722222 | AA80: 579 | AC80: 0.015451389 | AD80: 0.015972222 | AE80: =AD80-AC80 -> 0.00052083333 | AF80: 635 | AH80: 0.14013889 | AI80: 0.14038194 | AJ80: =AI80-AH80 -> 0.00024305556 | AK80: 708
D81: total | E81: =SUM(E78:E80) -> 0.0083564815 | N81: 0.126875 | O81: 0.13140046 | P81: =O81-N81 -> 0.004525463 | Q81: 367 | S81: 0.25800926 | T81: 0.25831019 | U81: =T81-S81 -> 0.00030092593 | V81: 463 | X81: 0.11377315 | Y81: 0.11984954 | Z81: =Y81-X81 -> 0.0060763889 | AA81: 579end | AC81: 0.021157407 | AD81: 0.021516204 | AE81: =AD81-AC81 -> 0.0003587963 | AF81: 635 | AH81: 0.14476852 | AI81: 0.14540509 | AJ81: =AI81-AH81 -> 0.00063657407 | AK81: 708
G82: date | H82: beam stop | I82: beam start | J82: down | N82: 0.18068287 | O82: 0.18105324 | P82: =O82-N82 -> 0.00037037037 | Q82: 368end | S82: 0.28168981 | T82: 0.28388889 | U82: =T82-S82 -> 0.0021990741 | V82: 464 | X82: 0.15511574 | Y82: 0.16337963 | Z82: =Y82-X82 -> 0.0082638889 | AA82: 580end | AC82: 0.026516204 | AD82: 0.026875 | AE82: =AD82-AC82 -> 0.0003587963 | AF82: 635end | AH82: 0.17443287 | AI82: 0.18829861 | AJ82: =AI82-AH82 -> 0.013865741 | AK82: 709
C83: 0.85324074 | D83: 0.85350694 | E83: =D83-C83 -> 0.0002662037 | G83: 43130 | H83: 0.020497685 | I83: 0.020914352 | J83: =I83-H83 -> 0.00041666667 | K83: 262 | N83: 0.22252315 | O83: 0.2362037 | P83: =O83-N83 -> 0.013680556 | Q83: 369end/370start | S83: 0.30688657 | T83: 0.31054398 | U83: =T83-S83 -> 0.0036574074 | V83: 465 | X83: 0.19380787 | Y83: 0.19741898 | Z83: =Y83-X83 -> 0.0036111111 | AA83: 581end | AC83: 0.027662037 | AD83: 0.028032407 | AE83: =AD83-AC83 -> 0.00037037037 | AH83: 0.19332176 | AI83: 0.19362269 | AJ83: =AI83-AH83 -> 0.00030092593 | AK83: 709
C84: 0.85820602 | D84: 0.86134259 | E84: =D84-C84 -> 0.0031365741 | H84: 0.075428241 | I84: 0.089409722 | J84: =I84-H84 -> 0.013981481 | K84: 263 | N84: 0.25033565 | O84: 0.25070602 | P84: =O84-N84 -> 0.00037037037 | Q84: 370 | S84: 0.31684028 | T84: 0.31710648 | U84: =T84-S84 -> 0.0002662037 | V84: 465 | X84: 0.20693287 | Y84: 0.21322917 | Z84: =Y84-X84 -> 0.0062962963 | AA84: 682 | AC84: 0.031875 | AD84: 0.03212963 | AE84: =AD84-AC84 -> 0.00025462963 | AF84: 636 | AH84: 0.19447917 | AI84: 0.19782407 | AJ84: =AI84-AH84 -> 0.0033449074 | AK84: 709
C85: 0.8641088 | D85: 0.88251157 | E85: =D85-C85 -> 0.018402778 | H85: 0.097268519 | I85: 0.097777778 | J85: =I85-H85 -> 0.00050925926 | K85: 263 | N85: 0.26655093 | O85: 0.26690972 | P85: =O85-N85 -> 0.0003587963 | Q85: 370 | S85: 0.37581019 | T85: 0.37614583 | U85: =T85-S85 -> 0.00033564815 | V85: 466 | X85: 0.28621528 | Y85: 0.28672454 | Z85: =Y85-X85 -> 0.00050925926 | AA85: 584 | AC85: 0.03431713 | AD85: 0.0346875 | AE85: =AD85-AC85 -> 0.00037037037 | AF85: 636 | AH85: 0.26619213 | AI85: 0.26662037 | AJ85: =AI85-AH85 -> 0.00042824074 | AK85: 710
C86: 0.90668981 | D86: 0.90717593 | E86: =D86-C86 -> 0.00048611111 | F86: 103 | H86: 0.10981481 | I86: 0.11017361 | J86: =I86-H86 -> 0.0003587963 | K86: 264 | N86: 0.27949074 | O86: 0.27998843 | P86: =O86-N86 -> 0.00049768519 | Q86: 371 | S86: 0.44409722 | T86: 0.44457176 | U86: =T86-S86 -> 0.00047453704 | V86: 468 | X86: 0.29498843 | Y86: 0.2977662 | Z86: =Y86-X86 -> 0.0027777778 | AA86: 584 | AC86: 0.037418981 | AD86: 0.037766204 | AE86: =AD86-AC86 -> 0.00034722222 | AF86: 636 | AH86: 0.28045139 | AI86: 0.28072917 | AJ86: =AI86-AH86 -> 0.00027777778 | AK86: 711
C87: 0.97122685 | D87: 0.97157407 | E87: =D87-C87 -> 0.00034722222 | F87: 105 | H87: 0.1178588 | I87: 0.12719907 | J87: =I87-H87 -> 0.0093402778 | K87: 264 | N87: 0.32186343 | O87: 0.32234954 | P87: =O87-N87 -> 0.00048611111 | Q87: 372 | S87: 0.45407407 | T87: 0.45716435 | U87: =T87-S87 -> 0.0030902778 | V87: 468 | X87: 0.3028588 | Y87: 0.30320602 | Z87: =Y87-X87 -> 0.00034722222 | AA87: 584 | AC87: 0.043912037 | AD87: 0.044270833 | AE87: =AD87-AC87 -> 0.0003587963 | AF87: 637 | AH87: 0.33762731 | AI87: 0.33804398 | AJ87: =AI87-AH87 -> 0.00041666667 | AK87: 712
D88: total | E88: =SUM(E83:E87) -> 0.022638889 | H88: 0.14236111 | I88: 0.14261574 | J88: =I88-H88 -> 0.00025462963 | K88: 264 | N88: 0.37064815 | O88: 0.37104167 | P88: =O88-N88 -> 0.00039351852 | Q88: 373 | S88: 0.46060185 | T88: 0.46924769 | U88: =T88-S88 -> 0.0086458333 | V88: 468end | X88: 0.36451389 | Y88: 0.36483796 | Z88: =Y88-X88 -> 0.00032407407 | AA88: 585 | AC88: 0.045486111 | AD88: 0.045821759 | AE88: =AD88-AC88 -> 0.00033564815 | AF88: 637 | AH88: 0.41084491 | AI88: 0.41127315 | AJ88: =AI88-AH88 -> 0.00042824074 | AK88: 714
H89: 0.16252315 | I89: 0.1627662 | J89: =I89-H89 -> 0.00024305556 | K89: 265 | N89: 0.4352662 | O89: 0.43565972 | P89: =O89-N89 -> 0.00039351852 | Q89: 375 | S89: 0.51797454 | T89: 0.51836806 | U89: =T89-S89 -> 0.00039351852 | V89: 470 | X89: 0.39288194 | Y89: 0.39314815 | Z89: =Y89-X89 -> 0.0002662037 | AA89: 586 | AC89: 0.046423611 | AD89: 0.046805556 | AE89: =AD89-AC89 -> 0.00038194444 | AF89: 637 | AH89: 0.41179398 | AI89: 0.41226852 | AJ89: =AI89-AH89 -> 0.00047453704 | AK89: 714
B90: date | C90: beam stop | D90: beam start | E90: down | H90: 0.17708333 | I90: 0.18532407 | J90: =I90-H90 -> 0.0082407407 | K90: 265 | N90: 0.46559028 | O90: 0.46605324 | P90: =O90-N90 -> 0.00046296296 | Q90: 375 | S90: 0.56359954 | T90: 0.56391204 | U90: =T90-S90 -> 0.0003125 | V90: 471 | X90: 0.41277778 | Y90: 0.41319444 | Z90: =Y90-X90 -> 0.00041666667 | AA90: 587 | AC90: 0.053287037 | AD90: 0.053622685 | AE90: =AD90-AC90 -> 0.00033564815 | AF90: 637 | AH90: 0.42451389 | AI90: 0.42716435 | AJ90: =AI90-AH90 -> 0.002650463 | AK90: 714
B91: 43120 | C91: 0.045717593 | D91: 0.046134259 | E91: =D91-C91 -> 0.00041666667 | H91: 0.20134259 | I91: 0.20165509 | J91: =I91-H91 -> 0.0003125 | K91: 265 | N91: 0.49466435 | O91: 0.49502315 | P91: =O91-N91 -> 0.0003587963 | Q91: 376 | S91: 0.5677662 | T91: 0.56802083 | U91: =T91-S91 -> 0.00025462963 | V91: 471 | X91: 0.42185185 | Y91: 0.42210648 | Z91: =Y91-X91 -> 0.00025462963 | AA91: 587 | AC91: 0.059571759 | AD91: 0.059918981 | AE91: =AD91-AC91 -> 0.00034722222 | AF91: 637 | AH91: 0.47239583 | AI91: 0.48368056 | AJ91: =AI91-AH91 -> 0.011284722 | AK91: 715end/716start
C92: 0.063298611 | D92: 0.063657407 | E92: =D92-C92 -> 0.0003587963 | H92: 0.22203704 | I92: 0.23045139 | J92: =I92-H92 -> 0.0084143519 | K92: 266 | N92: 0.53162037 | O92: 0.53201389 | P92: =O92-N92 -> 0.00039351852 | Q92: 377 | S92: 0.59077546 | T92: 0.59100694 | U92: =T92-S92 -> 0.00023148148 | V92: 471 | X92: 0.42951389 | Y92: 0.42974537 | Z92: =Y92-X92 -> 0.00023148148 | AA92: 587 | AC92: 0.071724537 | AD92: 0.07462963 | AE92: =AD92-AC92 -> 0.0029050926 | AF92: 637 | AH92: 0.49746528 | AI92: 0.4978125 | AJ92: =AI92-AH92 -> 0.00034722222 | AK92: 716
C93: 0.068148148 | D93: 0.0684375 | E93: =D93-C93 -> 0.00028935185 | H93: 0.23332176 | I93: 0.25033565 | J93: =I93-H93 -> 0.017013889 | K93: 266 | N93: 0.56678241 | O93: 0.56708333 | P93: =O93-N93 -> 0.00030092593 | Q93: 378 | S93: 0.59658565 | T93: 0.59702546 | U93: =T93-S93 -> 0.00043981481 | V93: 472 | X93: 0.43734954 | Y93: 0.43771991 | Z93: =Y93-X93 -> 0.00037037037 | AA93: 587 | AC93: 0.0815625 | AD93: 0.082025463 | AE93: =AD93-AC93 -> 0.00046296296 | AF93: 637 | AH93: 0.55820602 | AI93: 0.55856481 | AJ93: =AI93-AH93 -> 0.0003587963 | AK93: 717
C94: 0.071736111 | D94: 0.08318287 | E94: =D94-C94 -> 0.011446759 | F94: 124 | H94: 0.27981481 | I94: 0.28013889 | J94: =I94-H94 -> 0.00032407407 | K94: 267 | N94: 0.62164352 | O94: 0.62207176 | P94: =O94-N94 -> 0.00042824074 | Q94: 379 | S94: 0.62650463 | T94: 0.63643519 | U94: =T94-S94 -> 0.0099305556 | V94: 472end/473start | X94: 0.46943287 | Y94: 0.46976852 | Z94: =Y94-X94 -> 0.00033564815 | AA94: 588 | AC94: 0.13549769 | AD94: 0.13592593 | AE94: =AD94-AC94 -> 0.00042824074 | AF94: 639 | AH94: 0.58263889 | AI94: 0.58300926 | AJ94: =AI94-AH94 -> 0.00037037037 | AK94: 718
C95: 0.11350694 | D95: 0.11377315 | E95: =D95-C95 -> 0.0002662037 | F95: 125 | H95: 0.28694444 | I95: 0.28760417 | J95: =I95-H95 -> 0.00065972222 | K95: 267 | N95: 0.62268519 | O95: 0.62328704 | P95: =O95-N95 -> 0.00060185185 | Q95: 379 | S95: 0.65694444 | T95: 0.65722222 | U95: =T95-S95 -> 0.00027777778 | V95: 473 | X95: 0.48652778 | Y95: 0.48678241 | Z95: =Y95-X95 -> 0.00025462963 | AA95: 588 | AC95: 0.14167824 | AD95: 0.14208333 | AE95: =AD95-AC95 -> 0.00040509259 | AF95: 639 | AH95: 0.60923611 | AI95: 0.60946759 | AJ95: =AI95-AH95 -> 0.00023148148 | AK95: 719start
C96: 0.1450463 | D96: 0.14545139 | E96: =D96-C96 -> 0.00040509259 | F96: 126 | H96: 0.33453704 | I96: 0.33484954 | J96: =I96-H96 -> 0.0003125 | K96: 269 | N96: 0.63665509 | O96: 0.64818287 | P96: =O96-N96 -> 0.011527778 | Q96: 380end | S96: 0.69344907 | T96: 0.69372685 | U96: =T96-S96 -> 0.00027777778 | V96: 474 | X96: 0.57569444 | Y96: 0.5856713 | Z96: =Y96-X96 -> 0.0099768519 | AA96: 591 | AC96: 0.16418981 | AD96: 0.16446759 | AE96: =AD96-AC96 -> 0.00027777778 | AF96: 639 | AH96: 0.61958333 | AI96: 0.61976852 | AJ96: =AI96-AH96 -> 0.00018518519 | AK96: 719
C97: 0.1499537 | D97: 0.15024306 | E97: =D97-C97 -> 0.00028935185 | F97: 126 | H97: 0.38769676 | I97: 0.3880787 | J97: =I97-H97 -> 0.00038194444 | K97: 270 | N97: 0.65375 | O97: 0.65409722 | P97: =O97-N97 -> 0.00034722222 | S97: 0.69957176 | T97: 0.69982639 | U97: =T97-S97 -> 0.00025462963 | V97: 474 | X97: 0.66686343 | Y97: 0.66978009 | Z97: =Y97-X97 -> 0.0029166667 | AA97: 593end | AC97: 0.18490741 | AD97: 0.18559028 | AE97: =AD97-AC97 -> 0.00068287037 | AF97: 640 | AH97: 0.66733796 | AI97: 0.68413194 | AJ97: =AI97-AH97 -> 0.016793981 | AK97: 720end
C98: 0.15158565 | D98: 0.153125 | E98: =D98-C98 -> 0.0015393519 | F98: 126 | H98: 0.40025463 | I98: 0.4003125 | J98: =I98-H98 -> 5.787037e-05 | K98: 270 | N98: 0.68456019 | O98: 0.68510417 | P98: =O98-N98 -> 0.00054398148 | Q98: 383 | S98: 0.76271991 | T98: 0.76292824 | U98: =T98-S98 -> 0.00020833333 | V98: 475 | X98: 0.70387731 | Y98: 0.70615741 | Z98: =Y98-X98 -> 0.0022800926 | AA98: 594end | AC98: 0.19954861 | AD98: 0.20923611 | AE98: =AD98-AC98 -> 0.0096875 | AF98: 640end/641start | AH98: 0.70097222 | AI98: 0.70131944 | AJ98: =AI98-AH98 -> 0.00034722222 | AK98: 724
C99: 0.20027778 | D99: 0.20052083 | E99: =D99-C99 -> 0.00024305556 | F99: 127 | I99: total | J99: =SUM(J83:J98) -> 0.060821759 | N99: 0.70299769 | O99: 0.70336806 | P99: =O99-N99 -> 0.00037037037 | Q99: 384 | S99: 0.76534722 | T99: 0.76556713 | U99: =T99-S99 -> 0.00021990741 | V99: 476 | X99: 0.71311343 | Y99: 0.71344907 | Z99: =Y99-X99 -> 0.00033564815 | AA99: 595 | AC99: 0.24049769 | AD99: 0.24070602 | AE99: =AD99-AC99 -> 0.00020833333 | AF99: 641 | AH99: 0.72894676 | AI99: 0.72931713 | AJ99: =AI99-AH99 -> 0.00037037037 | AK99: 724
C100: 0.23402778 | D100: 0.23439815 | E100: =D100-C100 -> 0.00037037037 | F100: 129 | N100: 0.71046296 | O100: 0.71081019 | P100: =O100-N100 -> 0.00034722222 | Q100: 384 | S100: 0.77377315 | T100: 0.77398148 | U100: =T100-S100 -> 0.00020833333 | V100: 476 | X100: 0.75856481 | Y100: 0.75896991 | Z100: =Y100-X100 -> 0.00040509259 | AA100: 596 | AC100: 0.27016204 | AD100: 0.27063657 | AE100: =AD100-AC100 -> 0.00047453704 | AH100: 0.78469907 | AI100: 0.78498843 | AJ100: =AI100-AH100 -> 0.00028935185 | AK100: 726
C101: 0.27731481 | D101: 0.2778125 | E101: =D101-C101 -> 0.00049768519 | F101: 130 | H101: 0.85309028 | I101: 0.9077662 | J101: =I101-H101 -> 0.054675926 | K101: 307end | N101: 0.71998843 | O101: 0.7205787 | P101: =O101-N101 -> 0.00059027778 | Q101: 384 | S101: 0.80253472 | T101: 0.80274306 | U101: =T101-S101 -> 0.00020833333 | V101: 476 | X101: 0.76063657 | Y101: 0.76092593 | Z101: =Y101-X101 -> 0.00028935185 | AA101: 596 | AC101: 0.2840625 | AD101: 0.284375 | AE101: =AD101-AC101 -> 0.0003125 | AF101: 644 | AH101: 0.8643287 | AI101: 0.86475694 | AJ101: =AI101-AH101 -> 0.00042824074 | AK101: 728
...

Sheet summary
A1: run num | B1: date | C1: starttime | E1: starttime | F1: start time | G1: endtime | H1: duration | I1: Acc power | J1: exp. target | K1: HD-Target | L1: Beam Pol | M1: K1.8D1 | N1: K1.8mom | O1: ESS | P1: CM (1/2) | Q1: beam | R1: Trig | S1: 1st trig Req | T1: 1st trig Acc | U1: Solenoid | V1: Ushiwaka | W1: FT | X1: SYIM | Y1: TM | Z1: beam | AA1: kaon | AB1: pion | AC1: MomS+ | AD1: MomS- | AE1: MS+ | AF1: MS- | AG1: IF-H + | AH1: IF-H- | AI1: IF-V + | AJ1: IF-V- | AK1: DEF | AL1: Comment | AM1: Log Note | AN1: k- purity | AO1: K- on target (DEF) | AP1: K- on target (DEF*0.7) | AQ1: Integrated K- on target (DEF*0.7) | AR1: integrated time | AS1: kW*week | AT1: integrated kW*week | AU1: true K /spill | AV1: true pi /spill | AW1: K/pi
A2: 0 | F2: 43117.75 | G2: 43117.75 | H2: 0 | I2: 10.45 | K2: Au | L2: negative | M2: -369 | N2: 1 | O2: 200 | P2: 345 | Q2: K | R2: beam | AC2: 160.2 | AD2: -110 | AE2: 3.3 | AF2: -1.42 | AG2: 109.8 | AH2: -110.1 | AI2: 3.81 | AJ2: -0.26 | AL2: junk | AM2: Main Log vol.38
A3: 1 | F3: 43117.75 | G3: 43117.75 | H3: 0 | I3: 10.45 | K3: Au | L3: negative | M3: -369 | N3: 1 | O3: 200 | P3: 345 | Q3: K | R3: beam | V3: 1700~2200 | AC3: 160.2 | AD3: -110 | AE3: 3.3 | AF3: -1.42 | AG3: 109.8 | AH3: -110.1 | AI3: 3.81 | AJ3: -0.26 | AL3: [USKW scan] 1700~2200, collector dead
A4: 2 | F4: 43117.75 | G4: 43117.75 | H4: 0 | I4: 10.45 | K4: Au | L4: negative | M4: -369 | N4: 1 | O4: 200 | P4: 345 | Q4: K | R4: beam | V4: 2100 | AC4: 160.2 | AD4: -110 | AE4: 3.3 | AF4: -1.42 | AG4: 109.8 | AH4: -110.1 | AI4: 3.81 | AJ4: -0.26 | AL4: [USKW scan] 2100, for SKS-TOF
A5: 3 | B5: ######## | C5: 0.027777778 | D5: 40473 | E5: 0.027778 | F5: 43117.75 | G5: 43117.75 | H5: 0 | I5: 10.45 | K5: Au | L5: negative | M5: -369 | N5: 1 | O5: 200 | P5: 345 | Q5: K | R5: beam | V5: 700~ | AC5: 160.2 | AD5: -110 | AE5: 3.3 | AF5: -1.42 | AG5: 109.8 | AH5: -110.1 | AI5: 3.81 | AJ5: -0.26 | AL5: junk
A6: 4 | B6: ######## | C6: 0.027777778 | D6: 40473 | E6: 0.027778 | F6: 43118.542 | G6: 43118.542 | H6: =G6-F6 -> 0 | I6: 31.56 | K6: Au | L6: negative | M6: -369 | N6: 1 | O6: 200 | P6: 345 | Q6: K | R6: K, beam/5 | AC6: 160.2 | AD6: -110 | AE6: 3.3 | AF6: -1.42 | AG6: 109.8 | AH6: -110 | AI6: 3.81 | AJ6: -0.26 | AL6: [BLDC study] default setting
A7: 5 | B7: ######## | C7: 0.22222222 | D7: 40473 | E7: 0.222222 | F7: 43118.542 | G7: 43118.542 | H7: =G7-F7 -> 0 | I7: 31.56 | K7: Au | L7: negative | M7: -369 | N7: 1 | O7: 200 | P7: 345 | Q7: K | R7: pi | AC7: 160.2 | AD7: -110 | AE7: 3.3 | AF7: -1.42 | AG7: 109.8 | AH7: -110 | AI7: 3.81 | AJ7: -0.26 | AL7: [BLDC study] default setting
A8: 6 | B8: ######## | C8: 0.27222222 | D8: 40473 | E8: 0.272222 | F8: 43118.542 | G8: 43118.542 | H8: =G8-F8 -> 0 | I8: 31.56 | K8: Au | L8: negative | M8: -369 | N8: 1 | O8: 200 | P8: 345 | Q8: K | R8: pi | AC8: 160.2 | AD8: -110 | AE8: 3.3 | AF8: -1.42 | AG8: 109.8 | AH8: -110 | AI8: 3.81 | AJ8: -0.26 | AL8: [BLDC study] scan
A9: 7 | B9: ######## | C9: 0.18125 | D9: 40474 | E9: 0.18125 | F9: 43118.542 | G9: 43118.542 | H9: =G9-F9 -> 0 | I9: 31.56 | K9: Au | L9: negative | M9: -369 | N9: 1 | O9: 200 | P9: 345 | Q9: K | R9: pi | AC9: 160.2 | AD9: -110 | AE9: 3.3 | AF9: -1.42 | AG9: 109.8 | AH9: -110 | AI9: 3.81 | AJ9: -0.26 | AL9: [BLDC study] scan
A10: 8 | B10: ######## | C10: 0.21527778 | D10: 40474 | E10: 0.215278 | F10: 43118.542 | G10: 43118.542 | H10: =G10-F10 -> 0 | I10: 31.56 | K10: Au | L10: negative | M10: -369 | N10: 1 | O10: 200 | P10: 345 | Q10: K | R10: pi | AC10: 160.2 | AD10: -110 | AE10: 3.3 | AF10: -1.42 | AG10: 109.8 | AH10: -110 | AI10: 3.81 | AJ10: -0.26 | AL10: [BLDC study] scan
A11: 9 | B11: ######## | C11: 0.23611111 | D11: 40474 | E11: 0.236111 | F11: 43118.542 | G11: 43118.542 | H11: =G11-F11 -> 0 | I11: 31.56 | K11: Au | L11: negative | M11: -369 | N11: 1 | O11: 200 | P11: 345 | Q11: K | R11: pi | AC11: 160.2 | AD11: -110 | AE11: 3.3 | AF11: -1.42 | AG11: 109.8 | AH11: -110 | AI11: 3.81 | AJ11: -0.26 | AL11: [BLDC study] scan
A12: 10 | B12: ######## | C12: 0.25833333 | D12: 40474 | E12: 0.258333 | F12: 43118.542 | G12: 43118.542 | H12: =G12-F12 -> 0 | I12: 31.56 | K12: Au | L12: negative | M12: -369 | N12: 1 | O12: 200 | P12: 345 | Q12: K | R12: pi | AC12: 160.2 | AD12: -110 | AE12: 3.3 | AF12: -1.42 | AG12: 109.8 | AH12: -110 | AI12: 3.81 | AJ12: -0.26 | AL12: [BLDC study] scan
A13: 11 | B13: ######## | C13: 0.28194444 | D13: 40474 | E13: 0.281944 | F13: 43118.542 | G13: 43118.542 | H13: =G13-F13 -> 0 | I13: 31.56 | K13: Au | L13: negative | M13: -369 | N13: 1 | O13: 200 | P13: 345 | Q13: K | R13: pi | AC13: 160.2 | AD13: -110 | AE13: 3.3 | AF13: -1.42 | AG13: 109.8 | AH13: -110 | AI13: 3.81 | AJ13: -0.26 | AL13: [BLDC study] scan
A14: 12 | B14: ######## | C14: 0.30555556 | D14: 40474 | E14: 0.305556 | F14: 43118.542 | G14: 43118.542 | H14: =G14-F14 -> 0 | I14: 31.56 | K14: Au | L14: negative | M14: -369 | N14: 1 | O14: 200 | P14: 345 | Q14: K | R14: pi | AC14: 160.2 | AD14: -110 | AE14: 3.3 | AF14: -1.42 | AG14: 109.8 | AH14: -110 | AI14: 3.81 | AJ14: -0.26 | AL14: [BLDC study] scan
A15: 13 | B15: ######## | C15: 0.32430556 | D15: 40474 | E15: 0.324306 | F15: 43118.542 | G15: 43118.542 | H15: =G15-F15 -> 0 | I15: 31.56 | K15: Au | L15: negative | M15: -369 | N15: 1 | O15: 200 | P15: 345 | Q15: K | R15: pi | AC15: 160.2 | AD15: -110 | AE15: 3.3 | AF15: -1.42 | AG15: 109.8 | AH15: -110 | AI15: 3.81 | AJ15: -0.26 | AL15: [BLDC study] scan
A16: 14 | B16: ######## | C16: 0.34652778 | D16: 40474 | E16: 0.346528 | F16: 43118.542 | G16: 43118.542 | H16: =G16-F16 -> 0 | I16: 31.56 | K16: Au | L16: negative | M16: -369 | N16: 1 | O16: 200 | P16: 345 | Q16: K | R16: pi | AC16: 160.2 | AD16: -110 | AE16: 3.3 | AF16: -1.42 | AG16: 109.8 | AH16: -110 | AI16: 3.81 | AJ16: -0.26 | AL16: [BLDC study] scan
A17: 15 | F17: 43118.542 | G17: 43118.542 | H17: =G17-F17 -> 0 | I17: 31.56 | K17: Au | L17: negative | M17: -369 | N17: 1 | O17: 200 | P17: 345 | Q17: K | R17: pi | AC17: 160.2 | AD17: -110 | AE17: 3.3 | AF17: -1.42 | AG17: 109.8 | AH17: -110 | AI17: 3.81 | AJ17: -0.26 | AL17: [BLDC study] scan
A18: 16 | B18: ######## | C18: 0.41319444 | D18: 40474 | E18: 0.413194 | F18: 43118.542 | G18: 43118.542 | H18: =G18-F18 -> 0 | I18: 31.56 | K18: Au | L18: negative | M18: -369 | N18: 1 | O18: 200 | P18: 345 | Q18: K | R18: pi | AC18: 160.2 | AD18: -110 | AE18: 3.3 | AF18: -1.42 | AG18: 109.8 | AH18: -110 | AI18: 3.81 | AJ18: -0.26 | AL18: [BLDC study] scan
A19: 17 | B19: ######## | C19: 0.39097222 | D19: 40474 | E19: 0.390972 | F19: 43118.542 | G19: 43118.542 | H19: =G19-F19 -> 0 | I19: 31.56 | K19: Au | L19: negative | M19: -369 | N19: 1 | O19: 200 | P19: 345 | Q19: K | R19: pi | AC19: 160.2 | AD19: -110 | AE19: 3.3 | AF19: -1.42 | AG19: 109.8 | AH19: -110 | AI19: 3.81 | AJ19: -0.26 | AL19: [BLDC study] scan
A20: 18 | B20: ######## | C20: 0.45833333 | D20: 40474 | E20: 0.458333 | F20: 43118.542 | G20: 43118.542 | H20: =G20-F20 -> 0 | I20: 31.56 | K20: Au | L20: negative | M20: -369 | N20: 1 | O20: 200 | P20: 345 | Q20: K | R20: pi | AC20: 160.2 | AD20: -110 | AE20: 3.3 | AF20: -1.42 | AG20: 109.8 | AH20: -110 | AI20: 3.81 | AJ20: -0.26 | AL20: [BLDC study] scan
A21: 19 | B21: ######## | C21: 0.48263889 | D21: 40474 | E21: 0.482639 | F21: 43118.542 | G21: 43118.542 | H21: =G21-F21 -> 0 | I21: 31.56 | K21: Au | L21: negative | M21: -369 | N21: 1 | O21: 200 | P21: 345 | Q21: K | R21: pi | AC21: 160.2 | AD21: -110 | AE21: 3.3 | AF21: -1.42 | AG21: 109.8 | AH21: -110 | AI21: 3.81 | AJ21: -0.26 | AL21: [BLDC study] scan
A22: 20 | B22: ######## | C22: 0.50347222 | D22: 40474 | E22: 0.503472 | F22: 43118.542 | G22: 43118.542 | H22: =G22-F22 -> 0 | I22: 31.56 | K22: Au | L22: negative | M22: -369 | N22: 1 | O22: 200 | P22: 345 | Q22: K | R22: pi | AC22: 160.2 | AD22: -110 | AE22: 3.3 | AF22: -1.42 | AG22: 109.8 | AH22: -110 | AI22: 3.81 | AJ22: -0.26 | AL22: [BLDC study] scan
A23: 21 | B23: ######## | C23: 0.54791667 | D23: 40474 | E23: 0.547917 | F23: 43118.542 | G23: 43118.542 | H23: =G23-F23 -> 0 | I23: 31.56 | K23: Au | L23: negative | M23: -369 | N23: 1 | O23: 200 | P23: 345 | Q23: K | R23: CDH1*pi, CDH1*K | AC23: 160.2 | AD23: -110 | AE23: 3.3 | AF23: -1.42 | AG23: 109.8 | AH23: -110 | AI23: 3.81 | AJ23: -0.26 | AL23: junk
A24: 22 | F24: 43118.542 | G24: 43118.542 | H24: =G24-F24 -> 0 | I24: 31.56 | K24: Au | L24: negative | M24: -369 | N24: 1 | O24: 200 | P24: 345 | Q24: K | R24: pi | U24: 983 | V24: 1600 | AC24: 160.2 | AD24: -110 | AE24: 3.3 | AF24: -1.42 | AG24: 109.8 | AH24: -110 | AI24: 3.81 | AJ24: -0.26 | AL24: [CDC study] Vth=0.60V, Dora=+938
A25: 23 | F25: 43118.542 | G25: 43118.542 | H25: =G25-F25 -> 0 | I25: 31.56 | K25: Au | L25: negative | M25: -369 | N25: 1 | O25: 200 | P25: 345 | Q25: K | R25: pi | U25: 983 | V25: 1600 | AC25: 160.2 | AD25: -110 | AE25: 3.3 | AF25: -1.42 | AG25: 109.8 | AH25: -110 | AI25: 3.81 | AJ25: -0.26 | AL25: [CDC study] Vth=0.45V, Dora=+938
A26: 24 | B26: ######## | C26: 0.59375 | D26: 40474 | E26: 0.59375 | F26: 43118.542 | G26: 43118.542 | H26: =G26-F26 -> 0 | I26: 31.56 | K26: Au | L26: negative | M26: -369 | N26: 1 | O26: 200 | P26: 345 | Q26: K | R26: pi | U26: 983 | V26: 1600 | AC26: 160.2 | AD26: -110 | AE26: 3.3 | AF26: -1.42 | AG26: 109.8 | AH26: -110 | AI26: 3.81 | AJ26: -0.26 | AL26: [CDC study] Vth=0.75V, Dora=+938
A27: 25 | F27: 43118.542 | G27: 43118.542 | H27: =G27-F27 -> 0 | I27: 31.56 | K27: Au | L27: negative | M27: -369 | N27: 1 | O27: 200 | P27: 345 | Q27: K | R27: pi | U27: 0 | V27: 0 | AC27: 160.2 | AD27: -110 | AE27: 3.3 | AF27: -1.42 | AG27: 109.8 | AH27: -110 | AI27: 3.81 | AJ27: -0.26 | AL27: [CDC study] Vth=0.60V, Dora=0, USWK=0
A28: 26 | B28: ######## | C28: 0.64513889 | D28: 40474 | E28: 0.645139 | F28: 43118.542 | G28: 43118.542 | H28: =G28-F28 -> 0 | I28: 31.56 | K28: Au | L28: negative | M28: -369 | N28: 1 | O28: 200 | P28: 345 | Q28: K | R28: pi | U28: 0 | V28: 0 | AC28: 160.2 | AD28: -110 | AE28: 3.3 | AF28: -1.42 | AG28: 109.8 | AH28: -110 | AI28: 3.81 | AJ28: -0.26 | AL28: junk
A29: 27 | B29: ######## | C29: 0.66666667 | D29: 40474 | E29: 0.666667 | F29: 43118.542 | G29: 43118.542 | H29: =G29-F29 -> 0 | I29: 31.56 | K29: Au | L29: negative | M29: -369 | N29: 1 | O29: 200 | P29: 345 | Q29: K | R29: pi | V29: -1900~-1600 | AC29: 160.2 | AD29: -110 | AE29: 3.3 | AF29: -1.42 | AG29: 109.8 | AH29: -110 | AI29: 3.81 | AJ29: -0.26 | AL29: [USWK scan] -1900~-1600, collector dead
A30: 28 | F30: 43118.542 | G30: 43118.542 | H30: =G30-F30 -> 0 | I30: 31.56 | K30: Au | L30: negative | M30: -369 | N30: 1 | O30: 200 | P30: 345 | Q30: K | R30: pi | V30: -1600~-2100 | AC30: 160.2 | AD30: -110 | AE30: 3.3 | AF30: -1.42 | AG30: 109.8 | AH30: -110 | AI30: 3.81 | AJ30: -0.26 | AL30: [USWK scan] -1600~-2100, NC-TDC-U17 dead
A31: 29 | B31: ######## | C31: 0.71041667 | D31: 40474 | E31: 0.710417 | F31: 43118.542 | G31: 43118.542 | H31: =G31-F31 -> 0 | I31: 31.56 | K31: Au | L31: negative | M31: -369 | N31: 1 | O31: 200 | P31: 345 | Q31: K | R31: pi | AC31: 160.2 | AD31: -110 | AE31: 3.3 | AF31: -1.42 | AG31: 109.8 | AH31: -110 | AI31: 3.81 | AJ31: -0.26 | AL31: junk
A32: 30 | B32: ######## | C32: 0.73263889 | D32: 40474 | E32: 0.732639 | F32: 43118.542 | G32: 43118.542 | H32: =G32-F32 -> 0 | I32: 31.56 | K32: Au | L32: negative | M32: -369 | N32: 1 | O32: 200 | P32: 345 | Q32: K | R32: pi | V32: 700 | AC32: 160.2 | AD32: -110 | AE32: 3.3 | AF32: -1.42 | AG32: 109.8 | AH32: -110 | AI32: 3.81 | AJ32: -0.26 | AL32: [USWK scan] 700, NC-TDC-U17 fixed
A33: 31 | F33: 43118.542 | G33: 43118.542 | H33: =G33-F33 -> 0 | I33: 31.56 | K33: Au | L33: negative | M33: -369 | N33: 1 | O33: 200 | P33: 345 | Q33: K | R33: pi | AC33: 160.2 | AD33: -110 | AE33: 3.3 | AF33: -1.42 | AG33: 109.8 | AH33: -110 | AI33: 3.81 | AJ33: -0.26 | AK33: off | AL33: [D5 scan] -1866, BPD=default
A34: 32 | F34: 43118.542 | G34: 43118.542 | H34: =G34-F34 -> 0 | I34: 31.56 | K34: Au | L34: negative | M34: -369 | N34: 1 | O34: 200 | P34: 345 | Q34: K | R34: pi | AC34: 160.2 | AD34: -110 | AE34: 3.3 | AF34: -1.42 | AG34: 109.8 | AH34: -110 | AI34: 3.81 | AJ34: -0.26 | AK34: off | AL34: [D5 scan] -1866, BPD=-0.2V
A35: 33 | B35: ######## | C35: 0.83819444 | D35: 40474 | E35: 0.838194 | F35: 43118.542 | G35: 43118.542 | H35: =G35-F35 -> 0 | I35: 31.56 | K35: Au | L35: negative | M35: -369 | N35: 1 | O35: 200 | P35: 345 | Q35: K | R35: pi | AC35: 160.2 | AD35: -110 | AE35: 3.3 | AF35: -1.42 | AG35: 109.8 | AH35: -110 | AI35: 3.81 | AJ35: -0.26 | AK35: off | AL35: [D5 scan] -1866, BPD=+0.2V
A36: 34 | B36: ######## | C36: 0.85833333 | D36: 40474 | E36: 0.858333 | F36: 43118.542 | G36: 43118.542 | H36: =G36-F36 -> 0 | I36: 31.56 | K36: Au | L36: negative | M36: -369 | N36: 1 | O36: 200 | P36: 345 | Q36: K | R36: pi | AC36: 160.2 | AD36: -110 | AE36: 3.3 | AF36: -1.42 | AG36: 109.8 | AH36: -110 | AI36: 3.81 | AJ36: -0.26 | AK36: off | AL36: [D5 scan] -1866, BPD=+0.4V
A37: 35 | F37: 43118.542 | G37: 43118.542 | H37: =G37-F37 -> 0 | I37: 31.56 | K37: Au | L37: negative | M37: -369 | N37: 1 | O37: 200 | P37: 345 | Q37: K | R37: pi | AC37: 160.2 | AD37: -110 | AE37: 3.3 | AF37: -1.42 | AG37: 109.8 | AH37: -110 | AI37: 3.81 | AJ37: -0.26 | AK37: off | AL37: junk
A38: 36 | B38: ######## | C38: 0.90138889 | D38: 40474 | E38: 0.901389 | F38: 43118.542 | G38: 43118.542 | H38: =G38-F38 -> 0 | I38: 31.56 | K38: Au | L38: negative | M38: -369 | N38: 1 | O38: 200 | P38: 345 | Q38: K | R38: pi | AC38: 160.2 | AD38: -110 | AE38: 3.3 | AF38: -1.42 | AG38: 109.8 | AH38: -110 | AI38: 3.81 | AJ38: -0.26 | AK38: off | AL38: [D5 scan] -1366, BPD=+0.4V
A39: 37 | B39: ######## | C39: 0.92361111 | D39: 40474 | E39: 0.923611 | F39: 43118.542 | G39: 43118.542 | H39: =G39-F39 -> 0 | I39: 31.56 | K39: Au | L39: negative | M39: -369 | N39: 1 | O39: 200 | P39: 345 | Q39: K | R39: pi | AC39: 160.2 | AD39: -110 | AE39: 3.3 | AF39: -1.42 | AG39: 109.8 | AH39: -110 | AI39: 3.81 | AJ39: -0.26 | AK39: off | AL39: [D5 scan] -1366, BPD=+0.2V
A40: 38 | B40: ######## | C40: 0.94930556 | D40: 40474 | E40: 0.949306 | F40: 43118.542 | G40: 43118.542 | H40: =G40-F40 -> 0 | I40: 31.56 | K40: Au | L40: negative | M40: -369 | N40: 1 | O40: 200 | P40: 345 | Q40: K | R40: pi | AC40: 160.2 | AD40: -110 | AE40: 3.3 | AF40: -1.42 | AG40: 109.8 | AH40: -110 | AI40: 3.81 | AJ40: -0.26 | AK40: off | AL40: [D5 scan] -1366, BPD=default
A41: 39 | F41: 43118.542 | G41: 43118.542 | H41: =G41-F41 -> 0 | I41: 31.56 | K41: Au | L41: negative | M41: -369 | N41: 1 | O41: 200 | P41: 345 | Q41: K | R41: pi | AC41: 160.2 | AD41: -110 | AE41: 3.3 | AF41: -1.42 | AG41: 109.8 | AH41: -110 | AI41: 3.81 | AJ41: -0.26 | AK41: off | AL41: [D5 scan] -1366, BPD=-0.2V
A42: 40 | F42: 43118.542 | G42: 43118.542 | H42: =G42-F42 -> 0 | I42: 31.56 | K42: Au | L42: negative | M42: -369 | N42: 1 | O42: 200 | P42: 345 | Q42: K | R42: K | U42: 0 | V42: 0 | AC42: 160.1 | AD42: -109.9 | AE42: 3.3 | AF42: -1.42 | AG42: 109.8 | AH42: -110 | AI42: 3.81 | AJ42: -0.26 | AL42: [kaon record]
A43: 41 | F43: 43118.542 | G43: 43118.542 | H43: =G43-F43 -> 0 | I43: 31.54 | K43: Au | L43: negative | M43: -369 | N43: 1 | O43: 200 | P43: 355 | Q43: K | R43: K, beam/5 | U43: 0 | V43: 0 | AC43: 160.1 | AD43: -110 | AE43: 3.3 | AF43: -1.42 | AG43: 109.8 | AH43: -110 | AI43: 2.82 | AJ43: 0.84 | AL43: [CM scan] 355
A44: 42 | F44: 43118.542 | G44: 43118.542 | H44: =G44-F44 -> 0 | I44: 31.54 | K44: Au | L44: negative | M44: -369 | N44: 1 | O44: 200 | P44: 350 | Q44: K | R44: K, beam/5 | U44: 0 | V44: 0 | AC44: 160.1 | AD44: -110 | AE44: 3.3 | AF44: -1.42 | AG44: 109.8 | AH44: -110 | AI44: 2.82 | AJ44: 0.84 | AL44: [CM scan] 350, junk data?
A45: 43 | F45: 43118.542 | G45: 43118.542 | H45: =G45-F45 -> 0 | I45: 31.54 | K45: Au | L45: negative | M45: -369 | N45: 1 | O45: 200 | P45: 345 | Q45: K | R45: K, beam/5 | U45: 0 | V45: 0 | AC45: 160.1 | AD45: -110 | AE45: 3.3 | AF45: -1.42 | AG45: 109.8 | AH45: -110 | AI45: 2.82 | AJ45: 0.84 | AL45: [CM scan] 345
A46: 44 | F46: 43118.542 | G46: 43118.542 | H46: =G46-F46 -> 0 | I46: 31.54 | K46: Au | L46: negative | M46: -369 | N46: 1 | O46: 200 | P46: 340 | Q46: K | R46: K, beam/5 | U46: 0 | V46: 0 | AC46: 160.1 | AD46: -110 | AE46: 3.3 | AF46: -1.42 | AG46: 109.8 | AH46: -110 | AI46: 2.82 | AJ46: 0.84 | AL46: [CM scan] 340
A47: 45 | F47: 43118.542 | G47: 43118.542 | H47: =G47-F47 -> 0 | I47: 31.54 | K47: Au | L47: negative | M47: -369 | N47: 1 | O47: 200 | P47: 335 | Q47: K | R47: K, beam/5 | U47: 0 | V47: 0 | AC47: 160.1 | AD47: -110 | AE47: 3.3 | AF47: -1.42 | AG47: 109.8 | AH47: -110 | AI47: 2.82 | AJ47: 0.84 | AL47: [CM scan] 335
A48: 46 | F48: 43118.542 | G48: 43118.542 | H48: =G48-F48 -> 0 | I48: 31.54 | K48: Au | L48: negative | M48: -369 | N48: 1 | O48: 200 | P48: 350 | Q48: K | R48: K, beam/5 | U48: 0 | V48: 0 | AC48: 160.1 | AD48: -110 | AE48: 3.3 | AF48: -1.42 | AG48: 109.8 | AH48: -110 | AI48: 2.82 | AJ48: 0.84 | AL48: junk
A49: 47 | F49: 43118.542 | G49: 43118.542 | H49: =G49-F49 -> 0 | I49: 31.54 | K49: Au | L49: negative | M49: -369 | N49: 1 | O49: 200 | P49: 347 | Q49: K | R49: K, beam/5 | U49: 0 | V49: 0 | AC49: 160.1 | AD49: -110 | AE49: 3.3 | AF49: -1.42 | AG49: 109.8 | AH49: -110 | AI49: 2.82 | AJ49: 0.84 | AL49: [CM scan] 347
A50: 48 | F50: 43118.542 | G50: 43118.542 | H50: =G50-F50 -> 0 | I50: 31.53 | K50: Au | L50: negative | M50: -369 | N50: 1 | O50: 200 | P50: 347 | Q50: K | R50: K, beam/5 | U50: 0 | V50: 0 | AC50: 160.1 | AD50: -110 | AE50: 3.3 | AF50: -1.42 | AG50: 109.8 | AH50: -110 | AI50: 0.5 | AJ50: 0.2 | AL50: [IF-Y scan] 0.2 - 0.5
A51: 49 | F51: 43118.542 | G51: 43118.542 | H51: =G51-F51 -> 0 | I51: 31.53 | K51: Au | L51: negative | M51: -369 | N51: 1 | O51: 200 | P51: 347 | Q51: K | R51: K, beam/5 | U51: 0 | V51: 0 | AC51: 160.1 | AD51: -110 | AE51: 3.3 | AF51: -1.42 | AG51: 109.8 | AH51: -110 | AI51: 1 | AJ51: 0.7 | AL51: [IF-Y scan] 0.7 - 1.0 | AN51: 0.921
A52: 50 | F52: 43118.542 | G52: 43118.542 | H52: =G52-F52 -> 0 | I52: 31.53 | K52: Au | L52: negative | M52: -369 | N52: 1 | O52: 200 | P52: 347 | Q52: K | R52: K, beam/5 | U52: 0 | V52: 0 | AC52: 160.1 | AD52: -110 | AE52: 3.3 | AF52: -1.42 | AG52: 109.8 | AH52: -110 | AI52: 1.5 | AJ52: 1.2 | AL52: [IF-Y scan] 1.2 - 1.5 | AN52: 0.965
A53: 51 | F53: 43118.542 | G53: 43118.542 | H53: =G53-F53 -> 0 | I53: 31.53 | K53: Au | L53: negative | M53: -369 | N53: 1 | O53: 200 | P53: 347 | Q53: K | R53: K, beam/5 | U53: 0 | V53: 0 | AC53: 160.1 | AD53: -110 | AE53: 3.3 | AF53: -1.42 | AG53: 109.8 | AH53: -110 | AI53: 2 | AJ53: 1.7 | AL53: [IF-Y scan] 1.7 - 2.0 | AN53: 0.952
A54: 52 | F54: 43118.542 | G54: 43118.542 | H54: =G54-F54 -> 0 | I54: 31.53 | K54: Au | L54: negative | M54: -369 | N54: 1 | O54: 200 | P54: 347 | Q54: K | R54: K, beam/5 | U54: 0 | V54: 0 | AC54: 160.1 | AD54: -110 | AE54: 3.3 | AF54: -1.42 | AG54: 109.8 | AH54: -110 | AI54: 2.5 | AJ54: 2.2 | AL54: [IF-Y scan] 2.2 - 2.5 | AN54: 0.912
A55: 53 | F55: 43118.542 | G55: 43118.542 | H55: =G55-F55 -> 0 | I55: 31.53 | K55: Au | L55: negative | M55: -369 | N55: 1 | O55: 200 | P55: 347 | Q55: K | R55: K, beam/5 | U55: 0 | V55: 0 | AC55: 160.1 | AD55: -110 | AE55: 3.3 | AF55: -1.42 | AG55: 109.8 | AH55: -110 | AI55: 3 | AJ55: 2.7 | AL55: [IF-Y scan] 2.7 - 3.0 | AN55: 0.876
A56: 54 | F56: 43118.542 | G56: 43118.542 | H56: =G56-F56 -> 0 | I56: 31.53 | K56: Au | L56: negative | M56: -369 | N56: 1 | O56: 200 | P56: 347 | Q56: K | R56: K, beam/5 | U56: 0 | V56: 0 | AC56: 160.1 | AD56: -110 | AE56: 3.3 | AF56: -1.42 | AG56: 109.8 | AH56: -110 | AI56: 3.5 | AJ56: 3.2 | AL56: [IF-Y scan] 3.2 - 3.5 | AN56: 0.698
A57: 55 | F57: 43118.542 | G57: 43118.542 | H57: =G57-F57 -> 0 | I57: 31.53 | K57: Au | L57: negative | M57: -369 | N57: 1 | O57: 200 | P57: 347 | Q57: K | R57: K, beam/5 | U57: 0 | V57: 0 | AC57: 160.1 | AD57: -110 | AE57: 3.3 | AF57: -1.42 | AG57: 109.8 | AH57: -110 | AI57: 4 | AJ57: 3.7 | AL57: [IF-Y scan] 3.7 - 4.0 | AN57: 0.289
A58: 56 | F58: 43118.542 | G58: 43118.542 | H58: =G58-F58 -> 0 | I58: 31.58 | K58: Au | L58: negative | M58: -369 | N58: 1 | O58: 200 | P58: 347 | Q58: K | R58: K, beam/5 | U58: 0 | V58: 0 | AC58: 160.2 | AD58: -110 | AE58: -2.48 | AF58: -3.37 | AG58: 109.8 | AH58: -110 | AI58: 2.63 | AJ58: 0.63 | AL58: [MS scan] -2.48 - -3.37 | AN58: 0.224
A59: 57 | F59: 43118.542 | G59: 43118.542 | H59: =G59-F59 -> 0 | I59: 31.58 | K59: Au | L59: negative | M59: -369 | N59: 1 | O59: 200 | P59: 347 | Q59: K | R59: K, beam/5 | U59: 0 | V59: 0 | AC59: 160.2 | AD59: -110 | AE59: -1.49 | AF59: -2.38 | AG59: 109.8 | AH59: -110 | AI59: 2.63 | AJ59: 0.63 | AL59: [MS scan] -1.49 - -2.38 | AN59: 0.496
A60: 58 | F60: 43118.542 | G60: 43118.542 | H60: =G60-F60 -> 0 | I60: 31.58 | K60: Au | L60: negative | M60: -369 | N60: 1 | O60: 200 | P60: 347 | Q60: K | R60: K, beam/5 | U60: 0 | V60: 0 | AC60: 160.2 | AD60: -110 | AE60: -0.51 | AF60: -1.4 | AG60: 109.8 | AH60: -110 | AI60: 2.63 | AJ60: 0.63 | AL60: [MS scan] -0.51 - -1.40 | AN60: 0.818
A61: 59 | F61: 43118.542 | G61: 43118.542 | H61: =G61-F61 -> 0 | I61: 31.58 | K61: Au | L61: negative | M61: -369 | N61: 1 | O61: 200 | P61: 347 | Q61: K | R61: K, beam/5 | U61: 0 | V61: 0 | AC61: 160.2 | AD61: -110 | AE61: 0.47 | AF61: -0.38 | AG61: 109.8 | AH61: -110 | AI61: 2.63 | AJ61: 0.63 | AL61: [MS scan] 0.47 - -0.38 | AN61: 0.977
A62: 60 | F62: 43118.542 | G62: 43118.542 | H62: =G62-F62 -> 0 | I62: 31.58 | K62: Au | L62: negative | M62: -369 | N62: 1 | O62: 200 | P62: 347 | Q62: K | R62: K, beam/5 | U62: 0 | V62: 0 | AC62: 160.2 | AD62: -110 | AE62: 1.49 | AF62: 0.61 | AG62: 109.8 | AH62: -110 | AI62: 2.63 | AJ62: 0.63 | AL62: [MS scan] 1.49 - 0.61 | AN62: 0.933
A63: 61 | F63: 43118.542 | G63: 43118.542 | H63: =G63-F63 -> 0 | I63: 31.58 | K63: Au | L63: negative | M63: -369 | N63: 1 | O63: 200 | P63: 347 | Q63: K | R63: K, beam/5 | U63: 0 | V63: 0 | AC63: 160.2 | AD63: -110 | AG63: 109.8 | AH63: -110 | AI63: 2.63 | AJ63: 0.63 | AL63: junk
A64: 62 | F64: 43118.542 | G64: 43118.542 | H64: =G64-F64 -> 0 | I64: 31.58 | K64: Au | L64: negative | M64: -369 | N64: 1 | O64: 200 | P64: 347 | Q64: K | R64: K, beam/5 | U64: 0 | V64: 0 | AC64: 160.2 | AD64: -110 | AE64: 2.48 | AF64: 1.63 | AG64: 109.8 | AH64: -110 | AI64: 2.63 | AJ64: 0.63 | AL64: [MS scan] 2.48 - 1.63 | AN64: 0.996
A65: 63 | F65: 43118.542 | G65: 43118.542 | H65: =G65-F65 -> 0 | I65: 31.58 | K65: Au | L65: negative | M65: -369 | N65: 1 | O65: 200 | P65: 347 | Q65: K | R65: K, beam/5 | U65: 0 | V65: 0 | AC65: 160.2 | AD65: -110 | AE65: 3.49 | AF65: 2.65 | AG65: 109.8 | AH65: -110 | AI65: 2.63 | AJ65: 0.63 | AL65: [MS scan] 3.49 - 2.65 | AN65: 0.981
A66: 64 | F66: 43118.542 | G66: 43118.542 | H66: =G66-F66 -> 0 | I66: 31.58 | K66: Au | L66: negative | M66: -369 | N66: 1 | O66: 200 | P66: 347 | Q66: K | R66: K, beam/5 | U66: 0 | V66: 0 | AC66: 160.2 | AD66: -110 | AE66: 4.48 | AF66: 3.64 | AG66: 109.8 | AH66: -110 | AI66: 2.63 | AJ66: 0.63 | AL66: [MS scan] 4.48 - 3.64 | AN66: 0.931
A67: 65 | F67: 43118.667 | G67: 43118.667 | H67: =G67-F67 -> 0 | I67: 31.56 | K67: Au | L67: negative | M67: -369 | N67: 1 | O67: 200 | P67: 347 | Q67: K | R67: K, beam/5 | U67: 0 | V67: 0 | W67: 10 | X67: 33041 | Y67: 581651 | Z67: 4803793 | AA67: 1543603 | AB67: 3283323 | AC67: 160.1 | AD67: -110 | AE67: 4.14 | AF67: -0.57 | AG67: 109.8 | AH67: -110 | AI67: 3.62 | AJ67: -0.43 | AK67: on | AL67: [beam record] DEF on, BPD=-0.2V | AN67: 0.976
A68: 66 | F68: 43118.685 | G68: 43118.688 | H68: =G68-F68 -> 0.0029282407 | I68: 31.56 | K68: Au | L68: negative | M68: -369 | N68: 1 | O68: 200 | P68: 347 | Q68: K | R68: K, beam/5 | U68: 0 | V68: 0 | W68: 10 | X68: 32918 | Y68: 581928 | Z68: 7330075 | AA68: 2442712 | AB68: 4909812 | AC68: 160.1 | AD68: -110 | AE68: 4.14 | AF68: -0.57 | AG68: 109.8 | AH68: -110 | AI68: 3.62 | AJ68: -0.43 | AK68: off | AL68: [beam record] DEF off, BPD=-0.2V | AN68: 0.533
A69: 67 | F69: 43118.689 | G69: 43118.691 | H69: =G69-F69 -> 0.0026273148 | I69: 31.56 | K69: Au | L69: negative | M69: -369 | N69: 1 | O69: 200 | P69: 347 | Q69: K | R69: pi | U69: 0 | V69: 0 | AC69: 160.1 | AD69: -110 | AE69: 4.14 | AF69: -0.57 | AG69: 109.8 | AH69: -110 | AI69: 3.62 | AJ69: -0.43 | AK69: off | AL69: [pi record] BPD=-0.2V
A70: 68 | F70: 43118.692 | G70: 43118.695 | H70: =G70-F70 -> 0.0030671296 | I70: 31.56 | K70: Au | L70: negative | M70: -369 | N70: 1 | O70: 200 | P70: 347 | Q70: K | R70: pi | U70: 0 | V70: 0 | AC70: 160.1 | AD70: -110 | AE70: 4.14 | AF70: -0.57 | AG70: 109.8 | AH70: -110 | AI70: 3.62 | AJ70: -0.43 | AK70: off | AL70: [pi record] BPD=+0.2V
A71: 69 | F71: 43118.695 | G71: 43118.698 | H71: =G71-F71 -> 0.0026273148 | I71: 31.56 | K71: Au | L71: negative | M71: -369 | N71: 1 | O71: 200 | P71: 347 | Q71: K | R71: pi | U71: 0 | V71: 0 | AC71: 160.1 | AD71: -110 | AE71: 4.14 | AF71: -0.57 | AG71: 109.8 | AH71: -110 | AI71: 3.62 | AJ71: -0.43 | AK71: off | AL71: [pi record] BPD=+0.4V
A72: 70 | F72: 43118.71 | G72: 43118.71 | H72: =G72-F72 -> 0.00046296296 | I72: 31.55 | K72: Au | L72: negative | M72: -369 | N72: 1 | O72: 200 | P72: 410 | Q72: p | R72: p, beam/5 | U72: 0 | V72: 0 | AC72: 160.2 | AD72: -110 | AE72: 4.14 | AF72: -0.57 | AG72: 109.8 | AH72: -110 | AI72: 2.64 | AJ72: 0.64 | AK72: on | AL72: [CM scan for pbar] 410
A73: 71 | F73: 43118.711 | G73: 43118.711 | H73: =G73-F73 -> 0.00043981482 | I73: 31.55 | K73: Au | L73: negative | M73: -369 | N73: 1 | O73: 200 | P73: 415 | Q73: p | R73: p, beam/5 | U73: 0 | V73: 0 | AC73: 160.2 | AD73: -110 | AE73: 4.14 | AF73: -0.57 | AG73: 109.8 | AH73: -110 | AI73: 2.64 | AJ73: 0.64 | AK73: on | AL73: [CM scan for pbar] 415
A74: 72 | F74: 43118.712 | G74: 43118.712 | H74: =G74-F74 -> 0.00023148148 | I74: 31.55 | K74: Au | L74: negative | M74: -369 | N74: 1 | O74: 200 | P74: 420 | Q74: p | R74: p, beam/5 | U74: 0 | V74: 0 | AC74: 160.2 | AD74: -110 | AE74: 4.14 | AF74: -0.57 | AG74: 109.8 | AH74: -110 | AI74: 2.64 | AJ74: 0.64 | AK74: on | AL74: [CM scan for pbar] 420
A75: 73 | F75: 43118.712 | G75: 43118.712 | H75: =G75-F75 -> 0.00042824074 | I75: 31.55 | K75: Au | L75: negative | M75: -369 | N75: 1 | O75: 200 | P75: 425 | Q75: p | R75: p, beam/5 | U75: 0 | V75: 0 | AC75: 160.2 | AD75: -110 | AE75: 4.14 | AF75: -0.57 | AG75: 109.8 | AH75: -110 | AI75: 2.64 | AJ75: 0.64 | AK75: on | AL75: [CM scan for pbar] 425
A76: 74 | F76: 43118.713 | G76: 43118.713 | H76: =G76-F76 -> 0.00042824075 | I76: 31.55 | K76: Au | L76: negative | M76: -369 | N76: 1 | O76: 200 | P76: 430 | Q76: p | R76: p, beam/5 | U76: 0 | V76: 0 | AC76: 160.2 | AD76: -110 | AE76: 4.14 | AF76: -0.57 | AG76: 109.8 | AH76: -110 | AI76: 2.64 | AJ76: 0.64 | AK76: on | AL76: [CM scan for pbar] 430
A77: 75 | F77: 43118.713 | G77: 43118.715 | H77: =G77-F77 -> 0.0013773148 | I77: 31.55 | K77: Au | L77: negative | M77: -369 | N77: 1 | O77: 200 | P77: 435->420 | Q77: p | R77: p, beam/5 | U77: 0 | V77: 0 | AC77: 160.2 | AD77: -110 | AE77: 4.14 | AF77: -0.57 | AG77: 109.8 | AH77: -110 | AI77: 2.64 | AJ77: 0.64 | AK77: on | AL77: [CM scan for pbar] 435->420
A78: 76 | F78: 43118.725 | G78: 43118.726 | H78: =G78-F78 -> 0.0014467593 | I78: 31.58 | K78: Au | L78: negative | M78: -369 | N78: 1 | O78: 200 | P78: 420 | Q78: p | R78: p | U78: 0 | V78: -1900 | W78: 10 | X78: 32645 | Y78: 581247 | Z78: 7826268 | AA78: 735339 | AB78: 7111865 | AC78: 160.2 | AD78: -110 | AE78: 4.14 | AF78: -0.57 | AG78: 109.8 | AH78: -110 | AI78: 3.61 | AJ78: -0.48 | AK78: on | AL78: [pbar beam] D4=1913
A79: 77 | F79: 43118.728 | G79: 43118.73 | H79: =G79-F79 -> 0.0018865741 | I79: 31.58 | K79: Au | L79: negative | M79: -369 | N79: 1 | O79: 200 | P79: 420 | Q79: p | R79: p, beam/5 | U79: 0 | V79: -1900 | AC79: 160.2 | AD79: -110 | AE79: 4.14 | AF79: -0.57 | AG79: 109.8 | AH79: -110 | AI79: 3.61 | AJ79: -0.48 | AK79: on | AL79: [USWK scan with pbar] -1900
A80: 78 | F80: 43118.73 | G80: 43118.732 | H80: =G80-F80 -> 0.0020023148 | I80: 31.58 | K80: Au | L80: negative | M80: -369 | N80: 1 | O80: 200 | P80: 420 | Q80: p | R80: p, beam/5 | U80: 0 | V80: -1500 | AC80: 160.2 | AD80: -110 | AE80: 4.14 | AF80: -0.57 | AG80: 109.8 | AH80: -110 | AI80: 3.61 | AJ80: -0.48 | AK80: on | AL80: [USWK scan with pbar] -1600
A81: 79 | F81: 43118.732 | G81: 43118.734 | H81: =G81-F81 -> 0.0020023148 | I81: 31.58 | K81: Au | L81: negative | M81: -369 | N81: 1 | O81: 200 | P81: 420 | Q81: p | R81: p, beam/5 | U81: 0 | V81: -1200 | AC81: 160.2 | AD81: -110 | AE81: 4.14 | AF81: -0.57 | AG81: 109.8 | AH81: -110 | AI81: 3.61 | AJ81: -0.48 | AK81: on | AL81: [USWK scan with pbar] -1200
A82: 80 | F82: 43118.735 | G82: 43118.737 | H82: =G82-F82 -> 0.0021180556 | I82: 31.58 | K82: Au | L82: negative | M82: -369 | N82: 1 | O82: 200 | P82: 420 | Q82: p | R82: p, beam/5 | U82: 0 | V82: -900 | AC82: 160.2 | AD82: -110 | AE82: 4.14 | AF82: -0.57 | AG82: 109.8 | AH82: -110 | AI82: 3.61 | AJ82: -0.48 | AK82: on | AL82: [USWK scan with pbar] -900
A83: 81 | F83: 43118.737 | G83: 43118.739 | H83: =G83-F83 -> 0.0019444444 | I83: 31.58 | K83: Au | L83: negative | M83: -369 | N83: 1 | O83: 200 | P83: 420 | Q83: p | R83: p, beam/5 | U83: 0 | V83: -600 | AC83: 160.2 | AD83: -110 | AE83: 4.14 | AF83: -0.57 | AG83: 109.8 | AH83: -110 | AI83: 3.61 | AJ83: -0.48 | AK83: on | AL83: [USWK scan with pbar] -600
A84: 82 | F84: 43118.739 | G84: 43118.741 | H84: =G84-F84 -> 0.0021296296 | I84: 31.58 | K84: Au | L84: negative | M84: -369 | N84: 1 | O84: 200 | P84: 420 | Q84: p | R84: p, beam/5 | U84: 0 | V84: -300 | AC84: 160.2 | AD84: -110 | AE84: 4.14 | AF84: -0.57 | AG84: 109.8 | AH84: -110 | AI84: 3.61 | AJ84: -0.48 | AK84: on | AL84: [USWK scan with pbar] -300
A85: 83 | F85: 43118.741 | G85: 43118.748 | H85: =G85-F85 -> 0.0063773148 | I85: 31.58 | K85: Au | L85: negative | M85: -369 | N85: 1 | O85: 200 | P85: 420 | Q85: p | R85: p, beam/5 | U85: 0 | V85: 0 | AC85: 160.2 | AD85: -110 | AE85: 4.14 | AF85: -0.57 | AG85: 109.8 | AH85: -110 | AI85: 3.61 | AJ85: -0.48 | AK85: on | AL85: [USWK scan with pbar] 0
A86: 84 | F86: 43118.748 | G86: 43118.751 | H86: =G86-F86 -> 0.0026157407 | I86: 31.58 | K86: Au | L86: negative | M86: -369 | N86: 1 | O86: 200 | P86: 420 | Q86: p | R86: p, beam/5 | U86: 0 | V86: 350 | AC86: 160.2 | AD86: -110 | AE86: 4.14 | AF86: -0.57 | AG86: 109.8 | AH86: -110 | AI86: 3.61 | AJ86: -0.48 | AK86: on | AL86: [USWK scan with pbar] 350
A87: 85 | F87: 43118.751 | G87: 43118.753 | H87: =G87-F87 -> 0.0020601852 | I87: 31.58 | K87: Au | L87: negative | M87: -369 | N87: 1 | O87: 200 | P87: 420 | Q87: p | R87: p, beam/5 | U87: 0 | V87: 700 | AC87: 160.2 | AD87: -110 | AE87: 4.14 | AF87: -0.57 | AG87: 109.8 | AH87: -110 | AI87: 3.61 | AJ87: -0.48 | AK87: on | AL87: [USWK scan with pbar] 700
A88: 86 | F88: 43118.753 | G88: 43118.755 | H88: =G88-F88 -> 0.0020023148 | I88: 31.58 | K88: Au | L88: negative | M88: -369 | N88: 1 | O88: 200 | P88: 420 | Q88: p | R88: p, beam/5 | U88: 0 | V88: 2100 | AC88: 160.2 | AD88: -110 | AE88: 4.14 | AF88: -0.57 | AG88: 109.8 | AH88: -110 | AI88: 3.61 | AJ88: -0.48 | AK88: on | AL88: [USWK scan with pbar] 2100
A89: 87 | F89: 43118.757 | G89: 43118.759 | H89: =G89-F89 -> 0.0023611111 | I89: 31.53 | K89: Au | L89: negative | M89: -369 | N89: 1 | O89: 200 | P89: 345 | Q89: K | R89: p, beam/5 | U89: 983 | V89: 1600 | W89: 10 | X89: 33069 | Y89: 580807 | Z89: 5674688 | AA89: 1451930 | AB89: 4257057 | AC89: 160.2 | AD89: -110 | AE89: 4.14 | AF89: -0.57 | AG89: 109.8 | AH89: -110 | AI89: 3.61 | AJ89: -0.47 | AK89: on | AL89: [kano beam] CM=345
A90: 88 | F90: 43118.759 | G90: 43118.763 | H90: =G90-F90 -> 0.0036689815 | I90: 31.53 | K90: Au | L90: negative | M90: -369 | N90: 1 | O90: 200 | P90: 347 | Q90: K | R90: p, beam/5 | U90: 983 | V90: 1600 | W90: 10 | X90: 33106 | Y90: 579548 | Z90: 5019109 | AA90: 1529355 | AB90: 3515039 | AC90: 160.2 | AD90: -110 | AE90: 4.14 | AF90: -0.57 | AG90: 109.8 | AH90: -110 | AI90: 3.61 | AJ90: -0.47 | AK90: on | AL90: [kano beam] CM=347
A91: 89 | F91: 43118.763 | G91: 43118.769 | H91: =G91-F91 -> 0.0062384259 | I91: 31.53 | K91: Au | L91: negative | M91: -369 | N91: 1 | O91: 200 | P91: 347 | Q91: K | R91: trigger check | U91: 983 | V91: 1600 | W91: 10 | X91: 32766 | Y91: 580142 | Z91: 5024183 | AA91: 1527336 | AB91: 3522469 | AC91: 160.2 | AD91: -110 | AE91: 4.14 | AF91: -0.57 | AG91: 109.8 | AH91: -110 | AI91: 3.61 | AJ91: -0.47 | AK91: on | AL91: [trigger check] USWK=+1600
A92: 90 | F92: 43118.769 | G92: 43118.771 | H92: =G92-F92 -> 0.0016203704 | I92: 31.53 | K92: Au | L92: negative | M92: -369 | N92: 1 | O92: 200 | P92: 347 | Q92: K | R92: trigger check | U92: 983 | V92: 1500 | W92: 10 | X92: 33081 | Y92: 581227 | Z92: 5044825 | AA92: 1534453 | AB92: 3535867 | AC92: 160.2 | AD92: -110 | AE92: 4.14 | AF92: -0.57 | AG92: 109.8 | AH92: -110 | AI92: 3.61 | AJ92: -0.47 | AK92: on | AL92: [trigger check] USWK=+1500
A93: 91 | F93: 43118.771 | G93: 43118.783 | H93: =G93-F93 -> 0.011875 | I93: 31.53 | K93: Au | L93: negative | M93: -369 | N93: 1 | O93: 200 | P93: 347 | Q93: K | R93: trigger check | U93: 983 | V93: 1400 | W93: 10 | X93: 32851 | Y93: 580428 | Z93: 5028748 | AA93: 1534828 | AB93: 3519345 | AC93: 160.2 | AD93: -110 | AE93: 4.14 | AF93: -0.57 | AG93: 109.8 | AH93: -110 | AI93: 3.61 | AJ93: -0.47 | AK93: on | AL93: [trigger check] USWK=+1400
A94: 92 | F94: 43118.784 | G94: 43118.789 | H94: =G94-F94-'user time'!E63 -> 0.0055208333 | I94: 31.53 | K94: Au | L94: negative | M94: -369 | N94: 1 | O94: 200 | P94: 347 | Q94: K | R94: (CDH1*K, pi/10*vBVC, K/20*vBVC, K/15k, beam/70k) x (NC*vCVC*vBVC, charge, CDH1*K/120, CDH2*K/20, CDH3*K/7, beam/70k, K/15k) | U94: 983 | V94: 1500 | W94: =W93 -> 10 | AA94: =AA93 -> 1534828 | AB94: =AB93 -> 3519345 | AC94: 160.2 | AD94: -110 | AE94: 4.14 | AF94: -0.57 | AG94: 109.8 | AH94: -110 | AI94: 3.61 | AJ94: -0.47 | AK94: on | AL94: [empty run] w/ BLC2b cable swap, no DEF-TDC-D5 | AN94: =AN95 -> 0.912 | AO94: =(HOUR(H94)*60*60+MINUTE(H94)*60+SECOND(H94))/5.52*AA94/W94*AN94 -> 12095779 | AP94: =AO94*0.7 -> 8467045.5 | AQ94: =AP94 -> 8467045.5 | AR94: =H94 -> 0.0055208333 | AS94: =I94*(HOUR(H94)*60+MINUTE(H94))/60/(7*24) -> 0.021895833 | AT94: =AS94 -> 0.021895833 | AU94: =AA94/W94*AN94 -> 139976.31 | AV94: =AB94/W94+AA94/W94*(1-AN94) -> 365440.99 | AW94: =AU94/AV94 -> 0.38303397
A95: 93 | F95: 43118.79 | G95: 43118.82 | H95: =G95-F95-'user time'!E64 -> 0.029930556 | I95: 31.54 | K95: Au | L95: negative | M95: -369 | N95: 1 | O95: 200 | P95: 347 | Q95: K | R95: (CDH1*K, pi/10*vBVC, K/20*vBVC, K/15k, beam/70k) x (NC*vCVC*vBVC, charge, CDH1*K/120, CDH2*K/20, CDH3*K/7, beam/70k, K/15k) | S95: 5803 | T95: 333 | U95: 983 | V95: 1500 | W95: 10 | X95: 32647 | Y95: 579616 | Z95: 5034073 | AA95: 1526986 | AB95: 3533840 | AC95: 160.1 | AD95: -109.9 | AE95: 4.14 | AF95: -0.57 | AG95: 109.8 | AH95: -110 | AI95: 3.61 | AJ95: -0.48 | AK95: on | AL95: [empty run] w/ BLC2b cable swap, stopped due to MPS | AN95: 0.912 | AO95: =(HOUR(H95)*60*60+MINUTE(H95)*60+SECOND(H95))/5.52*AA95/W95*AN95 -> 65240809 | AP95: =AO95*0.7 -> 45668566 | AQ95: =AP95+AQ94 -> 54135612 | AR95: =H95+AR94 -> 0.035451389 | AS95: =I95*(HOUR(H95)*60+MINUTE(H95))/60/(7*24) -> 0.13454563 | AT95: =AS95+AT94 -> 0.15644147 | AU95: =AA95/W95*AN95 -> 139261.12 | AV95: =AB95/W95+AA95/W95*(1-AN95) -> 366821.48 | AW95: =AU95/AV95 -> 0.37964277
A96: 94 | F96: 43118.824 | G96: 43118.84 | H96: =G96-F96 -> 0.016041667 | I96: 31.57 | K96: Au | L96: negative | M96: -369 | N96: 1 | O96: 200 | P96: 347 | Q96: K | R96: (CDH1*K, pi/10*vBVC, K/20*vBVC, K/15k, beam/70k) x (NC*vCVC*vBVC, charge, CDH1*K/120, CDH2*K/20, CDH3*K/7, beam/70k, K/15k) | S96: 6125 | T96: 370 | U96: 983 | V96: 1500 | W96: 10 | X96: 32746 | Y96: 582366 | Z96: 5035906 | AA96: 1527979 | AB96: 3534757 | AC96: 160.1 | AD96: -110 | AE96: 4.14 | AF96: -0.57 | AG96: 109.8 | AH96: -110 | AI96: 3.61 | AJ96: -0.47 | AK96: on | AL96: [empty run] w/ BLC2b cable swap, stopped due to MPS | AN96: 0.914 | AO96: =(HOUR(H96)*60*60+MINUTE(H96)*60+SECOND(H96))/5.52*AA96/W96*AN96 -> 35066122 | AP96: =AO96*0.7 -> 24546285 | AQ96: =AP96+AQ95 -> 78681897 | AR96: =H96+AR95 -> 0.051493056 | AS96: =I96*(HOUR(H96)*60+MINUTE(H96))/60/(7*24) -> 0.072034722 | AT96: =AS96+AT95 -> 0.22847619 | AU96: =AA96/W96*AN96 -> 139657.28 | AV96: =AB96/W96+AA96/W96*(1-AN96) -> 366616.32 | AW96: =AU96/AV96 -> 0.3809358
A97: 95 | F97: 43118.852 | G97: 43118.867 | H97: =G97-F97 -> 0.015578704 | I97: 31.53 | K97: Au | L97: negative | M97: -369 | N97: 1 | O97: 200 | P97: 347 | Q97: K | R97: (CDH1*K, pi/10*vBVC, K/20*vBVC, K/15k, beam/70k) x (NC*vCVC*vBVC, charge, CDH1*K/120, CDH2*K/20, CDH3*K/7, beam/70k, K/15k) | S97: 6000 | T97: 340 | U97: 983 | V97: 1500 | W97: 10 | X97: 32726 | Y97: 580597 | Z97: 5034556 | AA97: 1529822 | AB97: 3531287 | AC97: 160.2 | AD97: -110 | AE97: 4.14 | AF97: -0.57 | AG97: 109.8 | AH97: -110 | AI97: 3.61 | AJ97: -0.47 | AK97: on | AL97: [empty run] w/ BLC2b cable swap, stopped due to MPS | AN97: 0.917 | AO97: =(HOUR(H97)*60*60+MINUTE(H97)*60+SECOND(H97))/5.52*AA97/W97*AN97 -> 34207097 | AP97: =AO97*0.7 -> 23944968 | AQ97: =AP97+AQ96 -> 1.0262686e+08 | AR97: =H97+AR96 -> 0.067071759 | AS97: =I97*(HOUR(H97)*60+MINUTE(H97))/60/(7*24) -> 0.068815476 | AT97: =AS97+AT96 -> 0.29729167 | AU97: =AA97/W97*AN97 -> 140284.68 | AV97: =AB97/W97+AA97/W97*(1-AN97) -> 365826.22 | AW97: =AU97/AV97 -> 0.38347354
A98: 96 | F98: 43118.876 | G98: 43118.881 | H98: =G98-F98-'user time'!E68 -> 0.0041319444 | I98: 31.56 | K98: Au | L98: negative | M98: -369 | N98: 1 | O98: 200 | P98: 347 | Q98: K | R98: (CDH1*K, pi/10*vBVC, K/20*vBVC, K/15k, beam/70k) x (NC*vCVC*vBVC, charge, CDH1*K/120, CDH2*K/20, CDH3*K/7, beam/70k, K/15k) | S98: 6400 | T98: 356 | U98: 983 | V98: 1500 | W98: 10 | X98: 32863 | Y98: 581555 | Z98: 5037252 | AA98: 1530375 | AB98: 3532633 | AC98: 160.2 | AD98: -109.9 | AE98: 4.14 | AF98: -0.56 | AG98: 109.8 | AH98: -110 | AI98: 3.61 | AJ98: -0.47 | AK98: on | AL98: [empty run] stopped due to MPS | AN98: =AN97 -> 0.917 | AO98: =(HOUR(H98)*60*60+MINUTE(H98)*60+SECOND(H98))/5.52*AA98/W98*AN98 -> 9076038.6 | AP98: =AO98*0.7 -> 6353227.1 | AQ98: =AP98+AQ97 -> 1.0898009e+08 | AR98: =H98+AR97 -> 0.071203704 | AS98: =I98*(HOUR(H98)*60+MINUTE(H98))/60/(7*24) -> 0.015654762 | AT98: =AS98+AT97 -> 0.31294643 | AU98: =AA98/W98*AN98 -> 140335.39 | AV98: =AB98/W98+AA98/W98*(1-AN98) -> 365965.41 | AW98: =AU98/AV98 -> 0.38346626
A99: 97 | F99: 43118.89 | G99: 43118.931 | H99: =G99-F99 -> 0.041643519 | I99: 31.5 | K99: Au | L99: negative | M99: -369 | N99: 1 | O99: 200 | P99: 347 | Q99: K | R99: (CDH1*K, pi/10*vBVC, K/20*vBVC, K/15k, beam/70k) x (NC*vCVC*vBVC, charge, CDH1*K/120, CDH2*K/20, CDH3*K/7, beam/70k, K/15k, SKS*CDH1*K) | S99: 6300 | T99: 450 | U99: 983 | V99: 1500 | W99: 10 | X99: 32855 | Y99: 579713 | Z99: 5018283 | AA99: 1529083 | AB99: 3516072 | AC99: 160.2 | AD99: -109.9 | AE99: 4.14 | AF99: -0.56 | AG99: 109.8 | AH99: -110 | AI99: 3.61 | AJ99: -0.47 | AK99: on | AL99: [empty run] SKS*CDH1*K trigger was added | AN99: 0.916 | AO99: =(HOUR(H99)*60*60+MINUTE(H99)*60+SECOND(H99))/5.52*AA99/W99*AN99 -> 91295341 | AP99: =AO99*0.7 -> 63906739 | AQ99: =AP99+AQ98 -> 1.7288683e+08 | AR99: =H99+AR98 -> 0.11284722 | AS99: =I99*(HOUR(H99)*60+MINUTE(H99))/60/(7*24) -> 0.184375 | AT99: =AS99+AT98 -> 0.49732143 | AU99: =AA99/W99*AN99 -> 140064 | AV99: =AB99/W99+AA99/W99*(1-AN99) -> 364451.5 | AW99: =AU99/AV99 -> 0.38431452
A100: 98 | F100: 43118.924 | G100: 43118.964 | H100: =G100-F100-'user time'!E70-'user time'!E71-'user time'!E72 -> 0.038078704 | I100: 31.56 | K100: Au | L100: negative | M100: -369 | N100: 1 | O100: 200 | P100: 347 | Q100: K | R100: (CDH1*K, pi/10*vBVC, K/20*vBVC, K/15k, beam/70k) x (NC*vCVC*vBVC, charge, CDH1*K/120, CDH2*K/20, CDH3*K/7, beam/70k, K/15k, SKS*CDH1*K) | S100: 6300 | T100: 448 | U100: 983 | V100: 1500 | W100: 10 | X100: 32662 | Y100: 580122 | Z100: 5018650 | AA100: 1522763 | AB100: 3523042 | AC100: 160.2 | AD100: -109.9 | AE100: 4.14 | AF100: -0.56 | AG100: 109.8 | AH100: -110 | AI100: 3.61 | AJ100: -0.47 | AK100: on | AL100: [empty run] stopped due to MPS | AN100: 0.914 | AO100: =(HOUR(H100)*60*60+MINUTE(H100)*60+SECOND(H100))/5.52*AA100/W100*AN100 -> 82953618 | AP100: =AO100*0.7 -> 58067533 | AQ100: =AP100+AQ99 -> 2.3095436e+08 | AR100: =H100+AR99 -> 0.15092593 | AS100: =I100*(HOUR(H100)*60+MINUTE(H100))/60/(7*24) -> 0.16907143 | AT100: =AS100+AT99 -> 0.66639286 | AU100: =AA100/W100*AN100 -> 139180.54 | AV100: =AB100/W100+AA100/W100*(1-AN100) -> 365399.96 | AW100: =AU100/AV100 -> 0.38089916
...

Sheet expect_KOT
A1: 43155 | B1: =summary!$AQ$783 -> 3.6572419e+10
A2: KOT/h | B2: 98000000
C4: expected KOT | G4: integrated KOT
A5: date | B5: allocation | C5: 100% | D5: 90% | E5: 80% | F5: 70% | G5: 100% | H5: 90% | I5: 80% | J5: 70%
G6: =B1 -> 3.6572419e+10 | H6: =B1 -> 3.6572419e+10 | I6: =B1 -> 3.6572419e+10 | J6: =B1 -> 3.6572419e+10
A7: 43155.999 | B7: 24 | C7: =B7*$B$2 -> 2352000000 | D7: =C7*0.9 -> 2116800000 | E7: =C7*0.8 -> 1881600000 | F7: =C7*0.7 -> 1646400000 | G7: =G6+C7 -> 3.8924419e+10 | H7: =H6+D7 -> 3.8689219e+10 | I7: =I6+E7 -> 3.8454019e+10 | J7: =J6+F7 -> 3.8218819e+10
A8: 43156.999 | B8: 6 | C8: =B8*$B$2 -> 588000000 | D8: =C8*0.9 -> 529200000 | E8: =C8*0.8 -> 470400000 | F8: =C8*0.7 -> 411600000 | G8: =G7+C8 -> 3.9512419e+10 | H8: =H7+D8 -> 3.9218419e+10 | I8: =I7+E8 -> 3.8924419e+10 | J8: =J7+F8 -> 3.8630419e+10
A9: 43157.999 | B9: 0 | C9: =B9*$B$2 -> 0 | D9: =C9*0.9 -> 0 | E9: =C9*0.8 -> 0 | F9: =C9*0.7 -> 0 | G9: =G8+C9 -> 3.9512419e+10 | H9: =H8+D9 -> 3.9218419e+10 | I9: =I8+E9 -> 3.8924419e+10 | J9: =J8+F9 -> 3.8630419e+10

Sheet expect_kW
A1: 43155 | B1: =summary!$AT$783 -> 112.04063
A2: kW*week/h | B2: 0.29
C4: expected KOT | G4: integrated KOT
A5: date | B5: allocation | C5: 100% | D5: 90% | E5: 80% | F5: 70% | G5: 100% | H5: 90% | I5: 80% | J5: 70%
G6: =B1 -> 112.04063 | H6: =B1 -> 112.04063 | I6: =B1 -> 112.04063 | J6: =B1 -> 112.04063
A7: 43155.999 | B7: 24 | C7: =B7*$B$2 -> 6.96 | D7: =C7*0.9 -> 6.264 | E7: =C7*0.8 -> 5.568 | F7: =C7*0.7 -> 4.872 | G7: =G6+C7 -> 119.00063 | H7: =H6+D7 -> 118.30463 | I7: =I6+E7 -> 117.60863 | J7: =J6+F7 -> 116.91263
A8: 43156.999 | B8: 6 | C8: =B8*$B$2 -> 1.74 | D8: =C8*0.9 -> 1.566 | E8: =C8*0.8 -> 1.392 | F8: =C8*0.7 -> 1.218 | G8: =G7+C8 -> 120.74063 | H8: =H7+D8 -> 119.87063 | I8: =I7+E8 -> 119.00063 | J8: =J7+F8 -> 118.13063
A9: 43157.999 | B9: 0 | C9: =B9*$B$2 -> 0 | D9: =C9*0.9 -> 0 | E9: =C9*0.8 -> 0 | F9: =C9*0.7 -> 0 | G9: =G8+C9 -> 120.74063 | H9: =H8+D9 -> 119.87063 | I9: =I8+E9 -> 119.00063 | J9: =J8+F9 -> 118.13063
